{"type":"FeatureCollection","features":[{"type":"Feature","properties":{"name":"Бахчисарайський район","oblast":"АР Крим","centroid":[33.9247,44.7016]},"geometry":{"type":"Polygon","coordinates":[[[33.6708,44.70974],[33.70069,44.71481],[33.70724,44.71057],[33.70509,44.70492],[33.71118,44.70543],[33.71564,44.71585],[33.72659,44.71664],[33.74629,44.70103],[33.76151,44.70099],[33.77697,44.69026],[33.71768,44.63759],[33.72188,44.63158],[33.71627,44.62044],[33.73565,44.60092],[33.77958,44.61311],[33.78721,44.58566],[33.82721,44.57126],[33.84015,44.53043],[33.85727,44.52588],[33.84566,44.51912],[33.86036,44.50676],[33.86891,44.5074],[33.87363,44.49269],[33.89715,44.47879],[33.89349,44.47323],[33.9262,44.42133],[33.97984,44.44016],[33.99882,44.45598],[34.0032,44.47315],[34.03275,44.47413],[34.04373,44.49671],[34.07131,44.50612],[34.07806,44.50302],[34.08702,44.51339],[34.10488,44.51931],[34.11926,44.54253],[34.13531,44.55348],[34.1649,44.56092],[34.20388,44.58846],[34.21816,44.58275],[34.23929,44.59289],[34.24018,44.60289],[34.23149,44.61354],[34.23714,44.62034],[34.25385,44.61768],[34.26415,44.63924],[34.23034,44.64619],[34.23359,44.65053],[34.21926,44.67075],[34.20182,44.67546],[34.18725,44.69253],[34.18457,44.71764],[34.23437,44.72178],[34.25309,44.71764],[34.25511,44.72637],[34.2744,44.73469],[34.28021,44.76399],[34.26417,44.79456],[34.22894,44.79817],[34.22696,44.77959],[34.17119,44.77678],[34.12698,44.75049],[34.11477,44.72966],[34.07422,44.75497],[34.05368,44.78498],[34.00009,44.82225],[33.99629,44.82786],[34.00512,44.83118],[34.02739,44.82417],[34.02862,44.83031],[34.0494,44.83382],[34.03693,44.84672],[34.04034,44.85033],[34.00589,44.85846],[34.01045,44.87281],[33.97024,44.87314],[33.9551,44.88322],[33.94032,44.87959],[33.91928,44.90204],[33.89735,44.9023],[33.89641,44.91173],[33.87135,44.92054],[33.8339,44.92055],[33.83231,44.89815],[33.75159,44.89834],[33.75099,44.90794],[33.73947,44.9108],[33.71438,44.89689],[33.68727,44.91352],[33.64686,44.90933],[33.64635,44.93121],[33.61233,44.92595],[33.6047,44.86297],[33.59451,44.8471],[33.56775,44.83632],[33.58665,44.80785],[33.62075,44.80655],[33.67721,44.78615],[33.68236,44.76998],[33.61366,44.74976],[33.61059,44.73669],[33.61612,44.71198],[33.65897,44.71425],[33.6708,44.70974]]]}},{"type":"Feature","properties":{"name":"Чорноморський район","oblast":"АР Крим","centroid":[32.9283,45.4897]},"geometry":{"type":"Polygon","coordinates":[[[33.11022,45.39104],[33.0924,45.37703],[33.0728,45.38195],[32.98645,45.32697],[32.90483,45.3617],[32.85611,45.36873],[32.7786,45.36758],[32.72957,45.35633],[32.65243,45.31528],[32.62482,45.31885],[32.60027,45.33013],[32.5798,45.32899],[32.49421,45.34663],[32.51273,45.36079],[32.51373,45.37482],[32.50567,45.38388],[32.48047,45.38983],[32.47975,45.39599],[32.50039,45.42258],[32.56347,45.46979],[32.69239,45.52287],[32.69709,45.51688],[32.69113,45.50966],[32.7098,45.51521],[32.71154,45.52879],[32.78972,45.56163],[32.80358,45.55338],[32.8196,45.55894],[32.82984,45.54771],[32.83671,45.55677],[32.82752,45.55583],[32.83981,45.56258],[32.84567,45.57487],[32.83963,45.58348],[32.82081,45.58403],[32.82598,45.59039],[32.9556,45.66113],[33.09611,45.71474],[33.10031,45.69607],[33.12483,45.69687],[33.12627,45.6795],[33.11221,45.67912],[33.1148,45.66196],[33.20382,45.6588],[33.2043,45.60809],[33.22867,45.60772],[33.23228,45.5572],[33.32031,45.55316],[33.31827,45.51161],[33.33438,45.4778],[33.33387,45.46816],[33.32241,45.46751],[33.27999,45.46772],[33.25462,45.4762],[33.25498,45.47011],[33.22899,45.46016],[33.22352,45.45123],[33.18915,45.44376],[33.18247,45.43398],[33.16406,45.43432],[33.15563,45.41592],[33.11022,45.39104]]]}},{"type":"Feature","properties":{"name":"Дніпровський район","oblast":"Дніпропетровська область","centroid":[34.7471,48.4763]},"geometry":{"type":"Polygon","coordinates":[[[35.18084,48.2604],[35.19602,48.26484],[35.22635,48.25511],[35.24626,48.27665],[35.25518,48.3128],[35.2653,48.31198],[35.28243,48.32546],[35.26195,48.34692],[35.28358,48.35867],[35.288,48.35355],[35.29778,48.35729],[35.29302,48.36041],[35.30255,48.36041],[35.30172,48.36982],[35.3093,48.37047],[35.28303,48.38342],[35.27952,48.39461],[35.26926,48.39159],[35.25369,48.40661],[35.26538,48.40523],[35.26655,48.41171],[35.2534,48.41329],[35.25228,48.42283],[35.23613,48.42772],[35.2422,48.4336],[35.30297,48.4396],[35.28529,48.46386],[35.31394,48.47298],[35.29872,48.49313],[35.27937,48.48609],[35.25322,48.51955],[35.24142,48.51949],[35.23132,48.5473],[35.15903,48.58422],[35.15255,48.57905],[35.14226,48.58612],[35.17443,48.60041],[35.16433,48.61263],[35.1869,48.65271],[35.21637,48.65563],[35.21121,48.66995],[35.16864,48.6573],[35.15597,48.67202],[35.16275,48.67434],[35.13891,48.69977],[35.15668,48.70728],[35.16213,48.73223],[35.10208,48.74256],[35.06979,48.7552],[35.02191,48.70178],[35.00595,48.69222],[34.98079,48.70857],[34.98708,48.71273],[34.9719,48.7221],[34.93886,48.70143],[34.92896,48.7088],[34.93064,48.71973],[34.94478,48.72439],[34.96182,48.71818],[34.9662,48.72667],[34.95373,48.73354],[34.95033,48.74467],[34.92897,48.7526],[34.95576,48.76535],[34.94928,48.78074],[34.95679,48.79258],[34.94774,48.79412],[34.92957,48.78295],[34.89691,48.80907],[34.90882,48.81577],[34.90753,48.82225],[34.8912,48.83376],[34.8753,48.82253],[34.85681,48.82913],[34.84226,48.82269],[34.84934,48.80532],[34.82757,48.79108],[34.83018,48.78473],[34.82569,48.78375],[34.83913,48.77678],[34.81078,48.75535],[34.79675,48.75978],[34.78503,48.75486],[34.7924,48.77804],[34.77299,48.79202],[34.77916,48.81985],[34.76951,48.82518],[34.76639,48.84526],[34.73768,48.85272],[34.73543,48.87221],[34.78458,48.89892],[34.77949,48.90395],[34.78841,48.91336],[34.75963,48.93398],[34.75163,48.93134],[34.73848,48.94006],[34.75849,48.94736],[34.74449,48.96237],[34.75397,48.96675],[34.72819,48.99059],[34.73942,48.99507],[34.6918,49.04797],[34.6693,49.03908],[34.65673,49.053],[34.6797,49.06208],[34.67559,49.0669],[34.68677,49.0727],[34.67151,49.09798],[34.64701,49.09834],[34.62421,49.1229],[34.60023,49.10902],[34.59089,49.11196],[34.59488,49.09415],[34.5757,49.09741],[34.56646,49.08265],[34.56393,49.07292],[34.57391,49.06326],[34.54387,49.05416],[34.5155,49.07199],[34.49956,49.06147],[34.47513,49.07363],[34.46557,49.06444],[34.40197,49.09361],[34.41579,49.05482],[34.39034,49.05039],[34.39553,49.04329],[34.36038,49.0333],[34.36391,49.02838],[34.3522,49.02133],[34.35354,49.01666],[34.33187,49.00863],[34.32565,48.99873],[34.3459,48.99263],[34.34353,48.98852],[34.35312,48.9838],[34.31202,48.94059],[34.30015,48.89584],[34.31169,48.88944],[34.30613,48.88478],[34.33751,48.87147],[34.33618,48.85612],[34.35004,48.85633],[34.35061,48.84997],[34.33847,48.84056],[34.32535,48.8443],[34.32309,48.82883],[34.34296,48.8284],[34.33854,48.82042],[34.29716,48.82073],[34.29808,48.78454],[34.31399,48.78493],[34.32325,48.7924],[34.34231,48.78321],[34.30892,48.76529],[34.31646,48.75677],[34.30795,48.74541],[34.31444,48.73951],[34.30302,48.73477],[34.30655,48.7276],[34.29169,48.71885],[34.33366,48.70961],[34.40736,48.66708],[34.44037,48.63423],[34.44566,48.61075],[34.47396,48.59118],[34.5164,48.57814],[34.53166,48.60197],[34.5505,48.61114],[34.53516,48.62275],[34.54573,48.62842],[34.58316,48.59907],[34.59936,48.60797],[34.58932,48.62283],[34.60408,48.62654],[34.61987,48.60061],[34.63133,48.60139],[34.63288,48.58996],[34.56814,48.58834],[34.56356,48.56062],[34.57677,48.55581],[34.58459,48.54368],[34.6753,48.53593],[34.72479,48.5052],[34.76635,48.49243],[34.76393,48.48467],[34.74895,48.484],[34.7716,48.4733],[34.75834,48.45074],[34.76018,48.44048],[34.74498,48.4424],[34.72775,48.46327],[34.70242,48.47306],[34.70308,48.45549],[34.71322,48.44758],[34.70319,48.43486],[34.69126,48.44144],[34.69637,48.45157],[34.67411,48.46427],[34.66787,48.46146],[34.67689,48.45697],[34.63091,48.45827],[34.62933,48.4512],[34.62749,48.45752],[34.59035,48.45151],[34.55274,48.46421],[34.55113,48.45557],[34.51084,48.45729],[34.50901,48.44168],[34.56194,48.43272],[34.56514,48.40594],[34.5966,48.32964],[34.56976,48.32521],[34.57139,48.31815],[34.593,48.30767],[34.60717,48.2902],[34.58632,48.28482],[34.59242,48.25368],[34.56524,48.2516],[34.56315,48.26548],[34.55098,48.2739],[34.52742,48.27163],[34.53042,48.26237],[34.51703,48.26583],[34.50642,48.25286],[34.47334,48.26445],[34.46143,48.24141],[34.45316,48.24505],[34.45454,48.23739],[34.42518,48.23476],[34.43509,48.19612],[34.40187,48.1931],[34.39876,48.20734],[34.38293,48.20628],[34.39386,48.16062],[34.45297,48.17134],[34.44551,48.15801],[34.4139,48.15175],[34.41748,48.1397],[34.4276,48.14036],[34.42946,48.12883],[34.38842,48.12593],[34.38079,48.11873],[34.37473,48.13093],[34.29264,48.11713],[34.27957,48.1099],[34.28946,48.07786],[34.23205,48.06733],[34.22962,48.07337],[34.1959,48.06767],[34.20052,48.05681],[34.2199,48.0579],[34.22372,48.04685],[34.23169,48.04801],[34.23787,48.02823],[34.22147,48.02611],[34.22427,48.01708],[34.20855,48.01442],[34.2119,48.00294],[34.19848,48.00142],[34.20074,47.9724],[34.18532,47.97005],[34.18837,47.96091],[34.23995,47.96265],[34.23685,47.97538],[34.30319,47.97847],[34.30665,47.95092],[34.31808,47.92905],[34.33868,47.93259],[34.34264,47.91882],[34.40968,47.92868],[34.40807,47.93442],[34.37512,47.92941],[34.3732,47.93909],[34.41935,47.94369],[34.41748,47.95156],[34.44073,47.9539],[34.44625,47.92658],[34.45226,47.92382],[34.49473,47.92807],[34.49302,47.93468],[34.53415,47.93899],[34.53134,47.95061],[34.59049,47.96139],[34.58645,47.97872],[34.61035,47.98152],[34.60225,48.01343],[34.73138,48.02654],[34.74375,47.98527],[34.77003,47.99519],[34.82093,47.9969],[34.81806,48.0105],[34.84652,48.01362],[34.83921,48.05051],[34.87566,48.05446],[34.85511,48.13305],[34.8783,48.13383],[34.88132,48.12712],[34.91581,48.1306],[34.92006,48.11458],[34.91169,48.1137],[34.91472,48.09094],[34.98559,48.09661],[34.99026,48.08919],[35.03892,48.09845],[35.06232,48.12208],[35.10266,48.13176],[35.16369,48.12876],[35.19381,48.13964],[35.18916,48.17762],[35.19589,48.23097],[35.18084,48.2604]]]}},{"type":"Feature","properties":{"name":"Криворізький район","oblast":"Дніпропетровська область","centroid":[33.5908,47.8632]},"geometry":{"type":"Polygon","coordinates":[[[34.05277,47.78139],[34.03225,47.77108],[34.02136,47.751],[33.95955,47.74302],[33.95679,47.72248],[33.92726,47.71917],[33.93792,47.71535],[33.92786,47.69305],[33.93677,47.69292],[33.97915,47.66552],[34.0432,47.66725],[34.04361,47.65905],[34.02389,47.64937],[34.04425,47.6346],[34.06858,47.63538],[34.05056,47.61421],[34.08838,47.5965],[34.07886,47.59175],[34.08206,47.58457],[34.07418,47.57592],[34.04506,47.57037],[34.07547,47.55266],[34.1086,47.55209],[34.1146,47.47464],[34.00334,47.45662],[33.95478,47.45755],[33.94674,47.50128],[33.93482,47.5163],[33.64361,47.48453],[33.63597,47.51407],[33.60372,47.51028],[33.60501,47.50416],[33.58845,47.5023],[33.5804,47.53238],[33.57592,47.52867],[33.59254,47.54442],[33.58865,47.55823],[33.60906,47.56187],[33.60549,47.575],[33.59229,47.57365],[33.58032,47.60019],[33.47372,47.58733],[33.4861,47.54393],[33.32269,47.52356],[33.34882,47.49367],[33.31414,47.48259],[33.30722,47.48615],[33.31495,47.4907],[33.30998,47.5016],[33.27923,47.51677],[33.28848,47.5317],[33.28558,47.54413],[33.27311,47.54591],[33.24181,47.53035],[33.21551,47.53311],[33.22189,47.53955],[33.21835,47.54864],[33.23621,47.56347],[33.23342,47.57737],[33.17186,47.56668],[33.09268,47.57883],[33.09501,47.59711],[32.95958,47.59311],[32.97129,47.60509],[32.99057,47.60654],[32.98938,47.61604],[32.99688,47.61512],[32.9723,47.72267],[33.07209,47.73894],[33.06692,47.76179],[33.05508,47.76],[33.0499,47.7818],[33.06618,47.78358],[33.05491,47.83181],[33.0606,47.83258],[33.06083,47.85899],[33.07519,47.86049],[33.06992,47.88254],[33.08617,47.88491],[33.07837,47.92046],[33.01401,47.9104],[33.00413,47.91324],[32.99279,47.9349],[33.00755,47.93669],[32.99457,47.98431],[33.0052,47.98924],[33.02054,47.98523],[33.02648,48.00324],[33.02194,48.01331],[33.03567,48.01721],[33.03172,48.0309],[33.10918,48.04246],[33.103,48.05551],[33.10907,48.06561],[33.1158,48.06096],[33.14319,48.06393],[33.14816,48.04168],[33.15375,48.04219],[33.14165,48.07652],[33.15436,48.07803],[33.15376,48.08361],[33.22506,48.0922],[33.22207,48.10589],[33.23691,48.10737],[33.23554,48.1134],[33.22032,48.11496],[33.22163,48.10772],[33.1871,48.10422],[33.18168,48.1181],[33.23215,48.12716],[33.22716,48.14935],[33.21715,48.14839],[33.21272,48.16988],[33.24285,48.17252],[33.24724,48.15162],[33.27175,48.15368],[33.27699,48.1033],[33.29339,48.10197],[33.30183,48.11879],[33.31603,48.11795],[33.31653,48.12445],[33.30709,48.12784],[33.29136,48.14952],[33.31654,48.15225],[33.31555,48.15781],[33.43061,48.16994],[33.43015,48.18873],[33.47881,48.19448],[33.47745,48.1999],[33.49617,48.20215],[33.49748,48.21114],[33.49133,48.20804],[33.48475,48.2143],[33.49827,48.2169],[33.50066,48.2319],[33.51289,48.2305],[33.51067,48.21892],[33.52656,48.22282],[33.57773,48.25242],[33.56972,48.31408],[33.58043,48.31744],[33.61314,48.31763],[33.62441,48.29107],[33.6046,48.25784],[33.60877,48.24287],[33.62523,48.24513],[33.62173,48.25029],[33.63949,48.25632],[33.66955,48.26055],[33.67187,48.25085],[33.68439,48.24945],[33.68468,48.25937],[33.73914,48.2648],[33.74125,48.25808],[33.74764,48.26183],[33.74167,48.28196],[33.77202,48.28591],[33.7794,48.25707],[33.80826,48.26355],[33.81067,48.2552],[33.83341,48.25021],[33.83713,48.25803],[33.87508,48.25925],[33.88609,48.21856],[33.92356,48.22292],[33.92928,48.20092],[33.94213,48.20134],[33.94519,48.18796],[33.93497,48.17906],[33.97668,48.18949],[33.9834,48.18335],[34.00481,48.18514],[34.01649,48.14179],[34.05895,48.15179],[34.08451,48.10165],[34.11069,48.10215],[34.15764,48.07214],[34.18348,48.07583],[34.17697,48.06779],[34.18321,48.06781],[34.18697,48.05647],[34.2199,48.0579],[34.22372,48.04685],[34.23169,48.04801],[34.23787,48.02823],[34.22147,48.02611],[34.22427,48.01708],[34.20855,48.01442],[34.2119,48.00294],[34.19848,48.00142],[34.20074,47.9724],[34.16199,47.96529],[34.1439,47.95394],[34.14478,47.94108],[34.12429,47.9388],[34.09273,47.94757],[34.06336,47.92415],[34.05852,47.92373],[34.05641,47.93282],[34.01149,47.92805],[34.01727,47.9046],[33.99999,47.90231],[34.00729,47.89391],[34.00223,47.87294],[34.02549,47.87425],[34.04288,47.80702],[34.06741,47.80905],[34.06383,47.80177],[34.06843,47.79632],[34.05277,47.78139]]]}},{"type":"Feature","properties":{"name":"Самарівський район","oblast":"Дніпропетровська область","centroid":[35.2121,48.8695]},"geometry":{"type":"Polygon","coordinates":[[[34.6852,49.13014],[34.67929,49.12931],[34.68268,49.12175],[34.66456,49.11917],[34.65188,49.12309],[34.64825,49.1316],[34.62331,49.12399],[34.64701,49.09834],[34.67151,49.09798],[34.68682,49.07308],[34.67559,49.0669],[34.6797,49.06208],[34.65756,49.05195],[34.6693,49.03908],[34.6918,49.04797],[34.73942,48.99507],[34.72819,48.99059],[34.75397,48.96675],[34.74449,48.96237],[34.75851,48.94771],[34.73982,48.9383],[34.75163,48.93134],[34.75963,48.93398],[34.78841,48.91336],[34.77949,48.90395],[34.78458,48.89892],[34.73543,48.87221],[34.73768,48.85272],[34.76639,48.84526],[34.76951,48.82518],[34.77916,48.81985],[34.77299,48.79202],[34.7924,48.77804],[34.78503,48.75486],[34.79675,48.75978],[34.81078,48.75535],[34.83913,48.77678],[34.82569,48.78375],[34.83018,48.78473],[34.82757,48.79108],[34.84934,48.80532],[34.84226,48.82269],[34.85681,48.82913],[34.8753,48.82253],[34.8912,48.83376],[34.90753,48.82225],[34.90882,48.81577],[34.89691,48.80907],[34.92957,48.78295],[34.94774,48.79412],[34.95679,48.79258],[34.94928,48.78074],[34.95576,48.76535],[34.92897,48.7526],[34.95033,48.74467],[34.95373,48.73354],[34.9662,48.72667],[34.96182,48.71818],[34.94478,48.72439],[34.93064,48.71973],[34.92896,48.7088],[34.93886,48.70143],[34.9719,48.7221],[34.98708,48.71273],[34.98079,48.70857],[35.00595,48.69222],[35.02191,48.70178],[35.06979,48.7552],[35.10208,48.74256],[35.16213,48.73223],[35.15668,48.70728],[35.13891,48.69977],[35.16275,48.67434],[35.15597,48.67202],[35.16864,48.6573],[35.21121,48.66995],[35.21637,48.65563],[35.1869,48.65271],[35.16433,48.61263],[35.17443,48.60041],[35.14226,48.58612],[35.15255,48.57905],[35.15903,48.58422],[35.23132,48.5473],[35.24142,48.51949],[35.25322,48.51955],[35.27937,48.48609],[35.29872,48.49313],[35.31394,48.47298],[35.28529,48.46386],[35.3153,48.42436],[35.35139,48.43856],[35.34972,48.44739],[35.37207,48.45503],[35.33098,48.5082],[35.35568,48.51787],[35.36639,48.5046],[35.38517,48.51101],[35.376,48.52684],[35.39659,48.53405],[35.40291,48.52663],[35.43532,48.5379],[35.52244,48.52662],[35.52015,48.53207],[35.55315,48.53811],[35.52548,48.59892],[35.55527,48.59484],[35.55084,48.617],[35.54437,48.61934],[35.54859,48.63178],[35.56424,48.6307],[35.56937,48.63974],[35.55561,48.64245],[35.59496,48.66367],[35.58464,48.66954],[35.60495,48.68465],[35.59893,48.68795],[35.61871,48.70172],[35.64292,48.70547],[35.67791,48.73938],[35.67753,48.75892],[35.66036,48.76947],[35.66521,48.7807],[35.68329,48.79441],[35.66989,48.80226],[35.6804,48.8104],[35.64654,48.8311],[35.66835,48.84775],[35.67938,48.84267],[35.68586,48.84694],[35.65104,48.86963],[35.63967,48.86869],[35.63632,48.88195],[35.64409,48.88197],[35.64457,48.88731],[35.68001,48.88165],[35.72818,48.88761],[35.75783,48.88629],[35.75546,48.87608],[35.80805,48.87626],[35.81556,48.89277],[35.81174,48.91393],[35.81863,48.92443],[35.79179,48.93452],[35.80053,48.9422],[35.78953,48.94642],[35.78833,48.95462],[35.77524,48.94861],[35.76018,48.95547],[35.7599,48.94898],[35.75229,48.94667],[35.74047,48.94929],[35.73626,48.96573],[35.7242,48.96656],[35.71178,48.95757],[35.71296,48.94919],[35.69762,48.94861],[35.696,48.94276],[35.69024,48.95009],[35.69563,48.95372],[35.69437,48.96757],[35.67354,48.97229],[35.66418,48.96813],[35.66011,48.97453],[35.62904,48.96706],[35.62768,48.98284],[35.60318,48.98103],[35.59513,48.9869],[35.58403,48.98703],[35.57393,48.9736],[35.57034,48.97855],[35.56104,48.97369],[35.51007,48.98424],[35.48495,48.97274],[35.48856,48.98021],[35.45824,48.98812],[35.45915,48.99724],[35.43615,49.00443],[35.43874,49.01118],[35.40865,49.01305],[35.40001,49.01902],[35.40632,49.02654],[35.40125,49.03045],[35.3864,49.02678],[35.36543,49.04062],[35.34209,49.04556],[35.33796,49.04971],[35.34432,49.05406],[35.33476,49.0613],[35.30189,49.06939],[35.31271,49.07767],[35.30697,49.09197],[35.28295,49.09075],[35.28087,49.0964],[35.27592,49.09075],[35.25784,49.11339],[35.23761,49.11411],[35.22826,49.1006],[35.19029,49.11024],[35.21127,49.12453],[35.22828,49.12668],[35.18977,49.13825],[35.18979,49.14782],[35.20999,49.15105],[35.18767,49.1627],[35.16011,49.16063],[35.144,49.15006],[35.12237,49.16443],[35.09531,49.15543],[35.0869,49.14968],[35.09154,49.14288],[35.08654,49.14135],[35.07582,49.14909],[35.08062,49.16123],[35.07189,49.15929],[35.06938,49.16533],[35.0756,49.17015],[35.05312,49.17699],[35.04325,49.15529],[35.01143,49.1489],[35.01362,49.15332],[35.00736,49.15303],[34.99862,49.1664],[34.94851,49.19394],[34.9359,49.18079],[34.93073,49.1857],[34.92533,49.18098],[34.91958,49.15571],[34.90841,49.15659],[34.89935,49.14905],[34.86718,49.1648],[34.87796,49.1717],[34.89644,49.16927],[34.90192,49.17801],[34.88374,49.17773],[34.8466,49.19126],[34.82013,49.18687],[34.82707,49.17504],[34.81174,49.16667],[34.80577,49.16833],[34.80926,49.17511],[34.80316,49.17351],[34.80386,49.17912],[34.78358,49.1795],[34.75865,49.16848],[34.76536,49.15119],[34.74907,49.14063],[34.74083,49.14477],[34.70644,49.12994],[34.69413,49.13561],[34.6852,49.13014]]]}},{"type":"Feature","properties":{"name":"Нікопольський район","oblast":"Дніпропетровська область","centroid":[34.4727,47.7456]},"geometry":{"type":"Polygon","coordinates":[[[34.00346,47.66476],[33.97299,47.6677],[33.93677,47.69292],[33.92833,47.69224],[33.93792,47.71535],[33.92726,47.71917],[33.95679,47.72248],[33.95955,47.74302],[34.02136,47.751],[34.03225,47.77108],[34.06852,47.7965],[34.06383,47.80177],[34.06741,47.80905],[34.04288,47.80702],[34.02549,47.87425],[34.00253,47.87199],[34.00729,47.89391],[33.99999,47.90231],[34.01727,47.9046],[34.01149,47.92805],[34.05641,47.93282],[34.05852,47.92373],[34.06336,47.92415],[34.09273,47.94757],[34.12429,47.9388],[34.14478,47.94108],[34.1439,47.95394],[34.16776,47.96778],[34.18532,47.97005],[34.18837,47.96091],[34.23995,47.96265],[34.23685,47.97538],[34.30319,47.97847],[34.30665,47.95092],[34.31808,47.92905],[34.33868,47.93259],[34.34264,47.91882],[34.40968,47.92868],[34.40807,47.93442],[34.37512,47.92941],[34.3732,47.93909],[34.41935,47.94369],[34.41748,47.95156],[34.44073,47.9539],[34.44625,47.92658],[34.49473,47.92807],[34.49302,47.93468],[34.53415,47.93899],[34.53134,47.95061],[34.59049,47.96139],[34.58645,47.97872],[34.61035,47.98152],[34.60225,48.01343],[34.73138,48.02654],[34.74375,47.98527],[34.77003,47.99519],[34.82093,47.9969],[34.81806,48.0105],[34.85833,48.01518],[34.86954,47.98239],[34.90488,47.98572],[34.91909,47.93346],[34.88103,47.92891],[34.87642,47.94195],[34.8492,47.93777],[34.85168,47.92097],[34.80197,47.91564],[34.81711,47.86433],[34.86084,47.88053],[34.8708,47.85063],[34.89723,47.85281],[34.90338,47.82959],[34.87888,47.8184],[34.89362,47.76022],[34.9575,47.76959],[34.96493,47.74021],[34.95448,47.73908],[34.95604,47.71234],[34.92989,47.71159],[34.93824,47.6774],[34.90571,47.67388],[34.91618,47.6338],[34.93308,47.63565],[34.94159,47.60316],[34.93497,47.59078],[34.92608,47.59412],[34.93598,47.5825],[34.92755,47.58031],[34.94588,47.57425],[34.93582,47.56835],[34.95235,47.57157],[34.95934,47.56318],[34.92321,47.55641],[34.96103,47.56074],[34.9653,47.54785],[34.93833,47.52713],[34.86227,47.51507],[34.79632,47.53702],[34.7355,47.53891],[34.64498,47.55976],[34.57238,47.56162],[34.52808,47.55368],[34.46886,47.53212],[34.29998,47.51914],[34.21914,47.4907],[34.1146,47.47464],[34.1086,47.55209],[34.07547,47.55266],[34.04506,47.57037],[34.07418,47.57592],[34.08206,47.58457],[34.07886,47.59175],[34.08838,47.5965],[34.05056,47.61421],[34.06903,47.63501],[34.04425,47.6346],[34.02646,47.64611],[34.0253,47.65383],[34.04382,47.65933],[34.04238,47.66798],[34.00346,47.66476]]]}},{"type":"Feature","properties":{"name":"Павлоградський район","oblast":"Дніпропетровська область","centroid":[35.9136,48.6373]},"geometry":{"type":"Polygon","coordinates":[[[35.72509,48.33895],[35.75565,48.33692],[35.74934,48.32943],[35.7555,48.32086],[35.74731,48.31681],[35.76043,48.30349],[35.75264,48.29906],[35.76335,48.29047],[35.7895,48.28596],[35.7844,48.30965],[35.81452,48.31264],[35.80532,48.35525],[35.82742,48.35777],[35.82379,48.37739],[35.84124,48.37995],[35.84075,48.38528],[35.88389,48.39085],[35.86846,48.40408],[35.88946,48.40949],[36.10344,48.35012],[36.04676,48.45816],[36.05803,48.45063],[36.10638,48.44147],[36.09972,48.42671],[36.10368,48.42186],[36.1121,48.42457],[36.11222,48.41869],[36.15478,48.44197],[36.18998,48.4363],[36.22752,48.46029],[36.24891,48.47961],[36.24258,48.48335],[36.29625,48.53118],[36.27135,48.54372],[36.31943,48.58724],[36.25114,48.62061],[36.25169,48.62563],[36.26002,48.62416],[36.26849,48.6375],[36.2669,48.64954],[36.28122,48.65542],[36.28109,48.66085],[36.14304,48.7243],[36.16181,48.74895],[36.14011,48.76589],[36.15946,48.76809],[36.1532,48.78112],[36.15922,48.78423],[36.12354,48.80853],[36.065,48.8084],[36.0756,48.83324],[36.01928,48.85467],[36.04008,48.87353],[36.01173,48.88801],[36.04368,48.91538],[35.99555,48.93937],[36.00352,48.94636],[35.97739,48.95967],[35.98909,48.96935],[35.93997,48.99901],[35.93067,48.97976],[35.94257,48.97712],[35.93878,48.9713],[35.92927,48.97488],[35.91467,48.96822],[35.88386,48.97521],[35.87906,48.9627],[35.85512,48.95778],[35.8564,48.9449],[35.83079,48.95044],[35.81994,48.94017],[35.81004,48.94114],[35.81863,48.92443],[35.81174,48.91393],[35.81556,48.89277],[35.80805,48.87626],[35.75546,48.87608],[35.75783,48.88629],[35.72818,48.88761],[35.68001,48.88165],[35.64457,48.88731],[35.64409,48.88197],[35.63632,48.88195],[35.63967,48.86869],[35.65104,48.86963],[35.68586,48.84694],[35.67938,48.84267],[35.66835,48.84775],[35.64654,48.8311],[35.6804,48.8104],[35.66989,48.80226],[35.68329,48.79441],[35.66521,48.7807],[35.66036,48.76947],[35.67753,48.75892],[35.67576,48.73379],[35.64292,48.70547],[35.61871,48.70172],[35.59893,48.68795],[35.60495,48.68465],[35.58464,48.66954],[35.59496,48.66367],[35.55561,48.64245],[35.56937,48.63974],[35.56424,48.6307],[35.54859,48.63178],[35.54437,48.61934],[35.55084,48.617],[35.55527,48.59484],[35.52548,48.59892],[35.55332,48.53882],[35.52015,48.53207],[35.53315,48.49892],[35.56576,48.50444],[35.56186,48.52037],[35.61046,48.52888],[35.60486,48.54375],[35.61921,48.54631],[35.63826,48.52244],[35.61477,48.51113],[35.64735,48.47828],[35.67049,48.49104],[35.70668,48.46094],[35.72431,48.47129],[35.73262,48.46507],[35.74723,48.47192],[35.76593,48.46241],[35.79196,48.4362],[35.77675,48.42672],[35.78284,48.40491],[35.73323,48.4005],[35.74772,48.38624],[35.71546,48.36873],[35.70219,48.38409],[35.69198,48.37997],[35.7007,48.36951],[35.67866,48.36113],[35.70078,48.3352],[35.72509,48.33895]]]}},{"type":"Feature","properties":{"name":"Синельниківський район","oblast":"Дніпропетровська область","centroid":[36.1643,48.2482]},"geometry":{"type":"Polygon","coordinates":[[[35.72509,48.33895],[35.75565,48.33692],[35.74934,48.32943],[35.7555,48.32086],[35.74731,48.31681],[35.76043,48.30349],[35.75264,48.29906],[35.76335,48.29047],[35.7895,48.28596],[35.7844,48.30965],[35.81452,48.31264],[35.80532,48.35525],[35.82742,48.35777],[35.82379,48.37739],[35.84124,48.37995],[35.84075,48.38528],[35.88389,48.39085],[35.86846,48.40408],[35.88946,48.40949],[36.10344,48.35012],[36.04676,48.45816],[36.05803,48.45063],[36.10638,48.44147],[36.09972,48.42671],[36.10368,48.42186],[36.1121,48.42457],[36.11222,48.41869],[36.15478,48.44197],[36.18998,48.4363],[36.22752,48.46029],[36.24891,48.47961],[36.24258,48.48335],[36.32389,48.55558],[36.35501,48.53965],[36.34973,48.53496],[36.35517,48.53229],[36.39189,48.56475],[36.38131,48.57027],[36.42411,48.61192],[36.44591,48.61384],[36.42855,48.61563],[36.44264,48.6285],[36.41934,48.63405],[36.44681,48.63242],[36.48291,48.66365],[36.56152,48.62283],[36.56305,48.61662],[36.57865,48.61583],[36.58073,48.60719],[36.58956,48.60804],[36.5907,48.60276],[36.65496,48.6095],[36.65402,48.6163],[36.67413,48.61839],[36.67247,48.62489],[36.73891,48.62595],[36.74535,48.59643],[36.77887,48.60043],[36.78802,48.56695],[36.85902,48.56917],[36.87181,48.55019],[36.88294,48.55104],[36.88478,48.54174],[36.90154,48.54334],[36.90659,48.52085],[36.85032,48.51782],[36.85715,48.4872],[36.82984,48.48465],[36.83698,48.4433],[36.84537,48.44371],[36.85149,48.41738],[36.83732,48.42044],[36.82457,48.41471],[36.8361,48.40685],[36.82054,48.40512],[36.82787,48.3695],[36.81228,48.36846],[36.81647,48.3485],[36.80878,48.3479],[36.81691,48.31261],[36.87093,48.31696],[36.87371,48.30557],[36.91204,48.30914],[36.93683,48.19402],[36.90434,48.19329],[36.9062,48.18865],[36.89782,48.18717],[36.89313,48.19115],[36.89424,48.18027],[36.88773,48.17723],[36.87271,48.18417],[36.89634,48.07761],[36.8818,48.06169],[36.86904,48.06264],[36.86709,48.05151],[36.85822,48.05209],[36.85453,48.03461],[36.81267,48.04049],[36.80348,48.05301],[36.78266,48.04688],[36.76391,48.05582],[36.74362,48.05042],[36.74695,48.06434],[36.72661,48.07106],[36.71872,48.08467],[36.71094,48.07979],[36.67631,48.09054],[36.66341,48.0876],[36.65335,48.10021],[36.63611,48.09401],[36.64925,48.09306],[36.65011,48.088],[36.62913,48.08906],[36.6326,48.08482],[36.62265,48.08203],[36.60229,48.09096],[36.60403,48.08549],[36.58032,48.0796],[36.58701,48.0758],[36.58719,48.06494],[36.578,48.06186],[36.58729,48.05236],[36.57387,48.04003],[36.59093,48.02018],[36.56894,48.01121],[36.58676,48.00085],[36.5761,47.99738],[36.58514,47.95664],[36.62881,47.96183],[36.64024,47.9203],[36.58981,47.92117],[36.59248,47.91082],[36.54195,47.90601],[36.54934,47.87737],[36.57656,47.88017],[36.58477,47.8474],[36.52092,47.83645],[36.52286,47.82881],[36.46951,47.824],[36.32413,47.83947],[36.33264,47.82065],[36.2986,47.81593],[36.27545,47.81536],[36.26619,47.8332],[36.19757,47.83255],[36.18824,47.84152],[36.19582,47.85945],[36.17719,47.8572],[36.17877,47.85066],[36.10166,47.84259],[36.09589,47.85008],[36.07365,47.84883],[36.06856,47.86749],[36.05752,47.8683],[36.05406,47.88],[36.08079,47.88322],[36.0872,47.86123],[36.11923,47.86476],[36.11692,47.87094],[36.13019,47.89033],[36.11036,47.92458],[36.11973,47.92786],[36.1087,47.94177],[36.08501,47.93031],[36.07357,47.96521],[36.05162,47.95857],[36.04795,47.96552],[36.07074,47.97152],[36.062,48.00103],[36.04165,48.00392],[36.03443,48.01872],[36.06553,48.0252],[36.05248,48.05907],[35.97529,48.04318],[35.98852,48.05835],[35.98066,48.0634],[35.97202,48.05994],[35.96943,48.07312],[35.98396,48.07816],[35.98548,48.0845],[35.96864,48.09443],[35.81686,48.06612],[35.80591,48.10043],[35.78316,48.09417],[35.74282,48.09575],[35.70341,48.14021],[35.52414,48.0746],[35.51886,48.09486],[35.44437,48.10412],[35.42126,48.10019],[35.41627,48.10969],[35.383,48.12004],[35.3385,48.12343],[35.29502,48.14435],[35.24186,48.13468],[35.21971,48.14273],[35.19455,48.14037],[35.18916,48.17762],[35.19589,48.23097],[35.18084,48.2604],[35.19602,48.26484],[35.22635,48.25511],[35.24626,48.27665],[35.25518,48.3128],[35.2653,48.31198],[35.28243,48.32546],[35.26195,48.34692],[35.28358,48.35867],[35.288,48.35355],[35.29778,48.35729],[35.29302,48.36041],[35.30255,48.36041],[35.30172,48.36982],[35.3093,48.37047],[35.28303,48.38342],[35.27952,48.39461],[35.26926,48.39159],[35.25369,48.40661],[35.26538,48.40523],[35.26655,48.41171],[35.25284,48.41361],[35.25313,48.42202],[35.23663,48.42927],[35.30297,48.4396],[35.3153,48.42436],[35.35139,48.43856],[35.34972,48.44739],[35.37207,48.45503],[35.33098,48.5082],[35.35568,48.51787],[35.36639,48.5046],[35.38517,48.51101],[35.376,48.52684],[35.39659,48.53405],[35.40327,48.52661],[35.43532,48.5379],[35.52244,48.52662],[35.53315,48.49892],[35.56576,48.50444],[35.56186,48.52037],[35.61046,48.52888],[35.60486,48.54375],[35.61921,48.54631],[35.63826,48.52244],[35.61477,48.51113],[35.64735,48.47828],[35.67049,48.49104],[35.70668,48.46094],[35.72431,48.47129],[35.73262,48.46507],[35.74723,48.47192],[35.76593,48.46241],[35.79196,48.4362],[35.77675,48.42672],[35.78284,48.40491],[35.73323,48.4005],[35.74772,48.38624],[35.71546,48.36873],[35.70219,48.38409],[35.69198,48.37997],[35.7007,48.36951],[35.67866,48.36113],[35.70078,48.3352],[35.72509,48.33895]]]}},{"type":"Feature","properties":{"name":"Баштанський район","oblast":"Миколаївська область","centroid":[32.6562,47.4336]},"geometry":{"type":"Polygon","coordinates":[[[33.01188,47.0461],[32.91478,47.08885],[32.90684,47.12055],[32.9192,47.133],[32.9187,47.14469],[32.94829,47.16382],[32.96135,47.18963],[33.00204,47.18999],[33.00442,47.1969],[33.01562,47.18033],[33.03789,47.17821],[33.0372,47.18867],[33.0662,47.20088],[33.06501,47.21929],[33.07472,47.21784],[33.07199,47.22336],[33.09915,47.22345],[33.11115,47.20687],[33.13001,47.20287],[33.14259,47.21037],[33.12899,47.21914],[33.12725,47.2309],[33.18369,47.23803],[33.13616,47.26777],[33.13953,47.27233],[33.1185,47.28197],[33.10521,47.28046],[33.10208,47.29065],[33.11153,47.29393],[33.10291,47.32235],[33.1373,47.33365],[33.12258,47.38522],[33.11725,47.38906],[33.03929,47.37969],[33.02949,47.42128],[33.03746,47.42555],[33.03413,47.44163],[33.05386,47.44405],[33.04726,47.46847],[33.06901,47.47524],[33.07155,47.41245],[33.13783,47.41953],[33.12324,47.50794],[33.14686,47.51465],[33.14132,47.54452],[33.09497,47.52763],[33.08886,47.55217],[33.09501,47.59711],[32.95958,47.59311],[32.97129,47.60509],[32.99057,47.60654],[32.98938,47.61604],[32.99688,47.61512],[32.9723,47.72267],[33.07209,47.73894],[33.06692,47.76179],[33.05508,47.76],[33.0499,47.7818],[33.06618,47.78358],[33.05491,47.83181],[33.0606,47.83258],[33.06083,47.85899],[33.07519,47.86049],[33.06992,47.88254],[33.08617,47.88491],[33.07837,47.92046],[33.01401,47.9104],[33.00116,47.91796],[32.99279,47.9349],[33.00757,47.9375],[32.99457,47.98431],[33.00462,47.98808],[32.98922,48.04847],[32.9525,48.03529],[32.94509,48.04239],[32.91349,48.03759],[32.91504,48.03159],[32.88211,48.02778],[32.88034,48.03306],[32.87028,48.03194],[32.87207,48.02443],[32.8876,48.01775],[32.89411,47.98571],[32.83462,47.9827],[32.80173,47.97471],[32.79562,47.99395],[32.68906,47.98259],[32.69717,47.94669],[32.7371,47.95177],[32.74557,47.93272],[32.65178,47.92149],[32.65586,47.9048],[32.67663,47.90722],[32.68559,47.873],[32.66444,47.87097],[32.66924,47.85299],[32.67512,47.85778],[32.67943,47.85176],[32.66398,47.8396],[32.65758,47.8196],[32.42964,47.78956],[32.42068,47.80192],[32.40187,47.79468],[32.39624,47.79758],[32.40235,47.80058],[32.37903,47.79714],[32.36298,47.78886],[32.33171,47.80488],[32.32036,47.81919],[32.30376,47.82395],[32.23653,47.81482],[32.2399,47.79386],[32.22252,47.7916],[32.23168,47.76042],[32.20808,47.75737],[32.22087,47.71144],[32.17687,47.70735],[32.19252,47.61552],[32.21753,47.61807],[32.22336,47.59384],[32.17581,47.58854],[32.17054,47.61377],[32.14961,47.61183],[32.15477,47.59013],[32.11281,47.58302],[32.1219,47.56087],[32.15784,47.5635],[32.16104,47.54269],[32.14697,47.5155],[32.12144,47.51352],[32.12871,47.50331],[32.11956,47.49621],[32.10987,47.50127],[32.11185,47.49239],[32.10566,47.48903],[32.04868,47.48936],[32.059,47.44224],[32.06998,47.4434],[32.07523,47.42677],[32.11728,47.41636],[32.13235,47.34562],[32.10601,47.34196],[32.12497,47.27729],[32.08724,47.27255],[32.1037,47.21182],[32.09674,47.20964],[32.1115,47.16646],[32.22911,47.18273],[32.24096,47.17276],[32.22408,47.16173],[32.22768,47.15437],[32.21783,47.1478],[32.23858,47.1424],[32.33881,47.15788],[32.32081,47.13567],[32.37715,47.14216],[32.37874,47.13352],[32.55228,47.15542],[32.5643,47.11153],[32.57303,47.11233],[32.57976,47.08794],[32.60033,47.09021],[32.61651,47.02962],[32.60477,47.02813],[32.60895,47.01008],[32.5438,47.00209],[32.53876,47.01978],[32.52706,47.01832],[32.5438,46.95661],[32.51705,46.95313],[32.52432,46.92644],[32.57077,46.93228],[32.57667,46.90326],[32.568,46.88762],[32.54507,46.88264],[32.54674,46.86944],[32.57049,46.87256],[32.57178,46.86323],[32.58545,46.85584],[32.68788,46.86208],[32.70106,46.82079],[32.76415,46.82729],[32.77157,46.82078],[32.77944,46.8249],[32.7762,46.83114],[32.81477,46.8346],[32.81363,46.84014],[32.94912,46.85795],[32.94627,46.86866],[32.91989,46.86614],[32.91527,46.88328],[32.85645,46.87703],[32.83835,46.88259],[32.83921,46.89628],[32.9246,46.91006],[32.92171,46.92666],[32.97987,46.9337],[32.97586,46.94875],[32.94966,46.94655],[32.93397,46.98628],[32.9497,47.00319],[33.02249,46.97278],[33.06777,47.02224],[33.07218,47.02036],[33.08914,47.04122],[33.09325,47.03935],[33.15571,47.11745],[33.10503,47.13661],[33.08198,47.10758],[33.10258,47.09981],[33.07297,47.0624],[33.0516,47.07006],[33.02691,47.03967],[33.01188,47.0461]]]}},{"type":"Feature","properties":{"name":"Вознесенський район","oblast":"Миколаївська область","centroid":[31.4081,47.6337]},"geometry":{"type":"Polygon","coordinates":[[[30.77693,47.64755],[30.78875,47.64909],[30.79241,47.63625],[30.78207,47.63417],[30.78159,47.62482],[30.77491,47.62353],[30.77948,47.58406],[30.74484,47.57978],[30.75241,47.56024],[30.7711,47.55376],[30.77317,47.5463],[30.80033,47.55349],[30.80337,47.54712],[30.82905,47.54969],[30.83384,47.53696],[30.87595,47.54495],[30.87811,47.53928],[30.88325,47.50775],[30.85218,47.50313],[30.86488,47.44419],[30.84784,47.44376],[30.84815,47.43942],[30.85151,47.42045],[30.88714,47.42601],[30.89344,47.40331],[30.87349,47.4005],[30.88488,47.35901],[30.90076,47.36019],[30.90882,47.34588],[30.86788,47.33433],[30.87466,47.31822],[30.89301,47.32068],[30.90751,47.27738],[30.99716,47.2898],[30.98909,47.26735],[31.00808,47.26984],[31.01809,47.23931],[31.17048,47.26634],[31.17554,47.25646],[31.16825,47.25509],[31.1782,47.22312],[31.1463,47.21829],[31.15685,47.18165],[31.12298,47.17693],[31.11828,47.18984],[31.10893,47.18773],[31.11586,47.16792],[31.10622,47.1653],[31.10996,47.15561],[31.19739,47.15502],[31.20064,47.17175],[31.24604,47.17781],[31.24921,47.1689],[31.26953,47.17188],[31.27307,47.15957],[31.28947,47.16182],[31.29512,47.14571],[31.36227,47.14204],[31.38458,47.14561],[31.35871,47.23052],[31.32374,47.23514],[31.32473,47.23923],[31.35751,47.24358],[31.36801,47.24795],[31.3685,47.25413],[31.41132,47.25945],[31.40118,47.29911],[31.45382,47.3015],[31.55126,47.28025],[31.58479,47.29359],[31.57688,47.30259],[31.66422,47.33683],[31.63413,47.34828],[31.59221,47.37964],[31.59248,47.39041],[31.6177,47.39716],[31.61524,47.40627],[31.5922,47.42659],[31.60388,47.43971],[31.6505,47.44557],[31.65373,47.43474],[31.72694,47.44708],[31.72396,47.45686],[31.73247,47.46804],[31.7281,47.47426],[31.74657,47.48217],[31.74431,47.49435],[31.75248,47.5081],[31.7799,47.51749],[31.78474,47.52717],[31.80125,47.53609],[31.79327,47.55129],[31.77706,47.56085],[31.78539,47.5632],[31.78457,47.57763],[31.80591,47.57633],[31.81045,47.56741],[31.80307,47.5614],[31.88305,47.56805],[31.88742,47.55484],[31.94636,47.55981],[31.95305,47.54059],[31.99523,47.54432],[31.99871,47.53276],[32.1081,47.55556],[32.10589,47.56386],[32.12041,47.56568],[32.113,47.58319],[32.15477,47.59013],[32.14961,47.61183],[32.17054,47.61377],[32.17581,47.58854],[32.22336,47.59384],[32.21753,47.61807],[32.19252,47.61552],[32.17687,47.70735],[32.22087,47.71144],[32.20808,47.75737],[32.16031,47.75114],[32.15469,47.76111],[32.14026,47.74889],[32.13587,47.75791],[32.11695,47.75593],[32.10928,47.78446],[32.08966,47.78225],[32.07657,47.80655],[32.05965,47.80449],[32.05488,47.81732],[31.95988,47.80968],[31.96308,47.79892],[31.83767,47.78305],[31.82743,47.81657],[31.86912,47.82348],[31.85327,47.84841],[31.85941,47.84965],[31.85725,47.86467],[31.8907,47.86694],[31.87667,47.91949],[31.85502,47.91615],[31.84394,47.96369],[31.78472,47.95485],[31.78092,47.96011],[31.76618,47.94476],[31.75278,47.94378],[31.72907,48.03558],[31.78307,48.04233],[31.76735,48.10214],[31.69453,48.09335],[31.68429,48.12027],[31.64202,48.11497],[31.63401,48.13484],[31.58247,48.12872],[31.58421,48.10555],[31.56993,48.10308],[31.56972,48.0965],[31.55917,48.11026],[31.54053,48.10779],[31.55099,48.06994],[31.50949,48.06889],[31.50749,48.05555],[31.49254,48.05029],[31.48809,48.06539],[31.47013,48.06342],[31.47642,48.08319],[31.49853,48.08739],[31.48685,48.12959],[31.41796,48.1209],[31.42028,48.1117],[31.40382,48.10949],[31.40686,48.09629],[31.39796,48.09099],[31.41244,48.03854],[31.40005,48.03655],[31.40395,48.01748],[31.41762,48.01566],[31.42306,47.99853],[31.43516,47.99946],[31.47813,47.84982],[31.44518,47.84543],[31.45647,47.80923],[31.44192,47.80716],[31.45259,47.7764],[31.41644,47.77135],[31.40873,47.79237],[31.37605,47.78727],[31.38308,47.76247],[31.29385,47.74875],[31.26314,47.77981],[31.2557,47.79597],[31.27248,47.84748],[31.29229,47.85021],[31.3033,47.83271],[31.3122,47.83475],[31.29752,47.844],[31.30078,47.85407],[31.26156,47.84768],[31.23602,47.91496],[31.20998,47.91146],[31.19547,47.92205],[31.09276,47.90493],[31.11269,47.88047],[31.09625,47.87754],[31.08772,47.89243],[31.04584,47.88635],[31.04895,47.87537],[30.99809,47.86839],[30.99474,47.8755],[30.97196,47.87158],[30.9738,47.86521],[30.93713,47.86033],[30.93458,47.86499],[30.88614,47.85108],[30.88351,47.85706],[30.84822,47.84033],[30.84828,47.83227],[30.77334,47.821],[30.78004,47.79311],[30.75211,47.78913],[30.75357,47.782],[30.75888,47.76352],[30.78437,47.76691],[30.79195,47.73975],[30.76739,47.73258],[30.76965,47.72143],[30.74672,47.71344],[30.75511,47.70287],[30.74088,47.70071],[30.75334,47.68964],[30.77693,47.64755]]]}},{"type":"Feature","properties":{"name":"Миколаївський район","oblast":"Миколаївська область","centroid":[31.7597,46.9327]},"geometry":{"type":"Polygon","coordinates":[[[32.12144,47.51352],[32.12871,47.50331],[32.11956,47.49621],[32.10987,47.50127],[32.11185,47.49239],[32.10566,47.48903],[32.04868,47.48936],[32.059,47.44224],[32.06998,47.4434],[32.07523,47.42677],[32.11728,47.41636],[32.13235,47.34562],[32.10601,47.34196],[32.12497,47.27729],[32.08724,47.27255],[32.1037,47.21182],[32.09674,47.20964],[32.1115,47.16646],[32.22911,47.18273],[32.24096,47.17276],[32.22408,47.16173],[32.22768,47.15437],[32.21783,47.1478],[32.23858,47.1424],[32.33881,47.15788],[32.32081,47.13567],[32.37715,47.14216],[32.37874,47.13352],[32.55228,47.15542],[32.5643,47.11153],[32.57303,47.11233],[32.57976,47.08794],[32.60033,47.09021],[32.61651,47.02962],[32.60477,47.02813],[32.60895,47.01008],[32.5438,47.00209],[32.53876,47.01978],[32.52706,47.01832],[32.5438,46.95661],[32.51705,46.95313],[32.52432,46.92644],[32.57077,46.93228],[32.57671,46.90288],[32.568,46.88762],[32.5338,46.88146],[32.54127,46.85017],[32.52509,46.8483],[32.5315,46.82324],[32.46933,46.81657],[32.46328,46.84043],[32.36532,46.82926],[32.37289,46.79908],[32.34159,46.79545],[32.22722,46.84545],[32.25221,46.8196],[32.2097,46.80573],[32.21869,46.77131],[32.16895,46.7635],[32.17154,46.75232],[32.11182,46.74513],[32.10889,46.75246],[32.05715,46.74464],[32.06091,46.72798],[32.07567,46.72998],[32.08683,46.68352],[32.02014,46.6775],[32.02988,46.66891],[31.98741,46.66412],[31.98858,46.65547],[31.93009,46.65288],[31.92747,46.58175],[31.86198,46.52349],[31.84803,46.50045],[31.8194,46.49581],[31.80448,46.47917],[31.81091,46.37157],[31.80941,46.36001],[31.79743,46.34904],[31.77602,46.3448],[31.76644,46.35146],[31.67263,46.35754],[31.54251,46.38171],[31.50348,46.38052],[31.38147,46.4076],[31.1591,46.40968],[31.17688,46.62834],[31.19044,46.64762],[31.17586,46.65075],[31.19719,46.66028],[31.18549,46.66245],[31.17898,46.68023],[31.17902,46.70911],[31.15403,46.73517],[31.15397,46.74688],[31.17781,46.76937],[31.15317,46.79222],[31.15627,46.83534],[31.11115,46.84483],[31.09288,46.88109],[31.04007,46.89912],[31.0182,46.96371],[31.08999,46.97356],[31.08725,46.98237],[31.13522,46.98967],[31.14152,46.97899],[31.24236,46.99132],[31.2295,47.02176],[31.2654,47.02855],[31.26787,47.0217],[31.29142,47.02473],[31.28949,47.03109],[31.29653,47.03298],[31.29402,47.04637],[31.30498,47.04832],[31.29336,47.08174],[31.30183,47.0834],[31.29199,47.09368],[31.27307,47.15957],[31.28947,47.16182],[31.29722,47.14537],[31.38458,47.14549],[31.35871,47.23052],[31.32374,47.23514],[31.32473,47.23923],[31.35751,47.24358],[31.36801,47.24795],[31.3685,47.25413],[31.41132,47.25945],[31.40118,47.29911],[31.45382,47.3015],[31.55126,47.28025],[31.58479,47.29359],[31.57688,47.30259],[31.66422,47.33683],[31.63413,47.34828],[31.59221,47.37964],[31.59248,47.39041],[31.6177,47.39716],[31.61524,47.40627],[31.5922,47.42659],[31.60388,47.43971],[31.6505,47.44557],[31.65373,47.43474],[31.72694,47.44708],[31.72396,47.45686],[31.73247,47.46804],[31.7281,47.47426],[31.74657,47.48217],[31.74431,47.49435],[31.75248,47.5081],[31.7799,47.51749],[31.78474,47.52717],[31.80125,47.53609],[31.79327,47.55129],[31.77706,47.56085],[31.78539,47.5632],[31.78457,47.57763],[31.80591,47.57633],[31.81045,47.56741],[31.80307,47.5614],[31.88305,47.56805],[31.88742,47.55484],[31.94636,47.55981],[31.95305,47.54059],[31.99523,47.54432],[31.99871,47.53276],[32.09582,47.55121],[32.1081,47.55556],[32.10589,47.56386],[32.15758,47.56386],[32.16104,47.54269],[32.14697,47.5155],[32.12144,47.51352]]]}},{"type":"Feature","properties":{"name":"Первомайський район","oblast":"Миколаївська область","centroid":[30.8125,47.9595]},"geometry":{"type":"Polygon","coordinates":[[[31.00601,47.86949],[30.99809,47.86839],[30.99474,47.8755],[30.97196,47.87158],[30.9738,47.86521],[30.93713,47.86033],[30.93458,47.86499],[30.88614,47.85108],[30.88351,47.85706],[30.84822,47.84033],[30.84828,47.83227],[30.77334,47.821],[30.78004,47.79311],[30.75211,47.78913],[30.75357,47.782],[30.75888,47.76352],[30.78437,47.76691],[30.79195,47.73975],[30.76739,47.73258],[30.76965,47.72143],[30.74672,47.71344],[30.75511,47.70287],[30.74088,47.70071],[30.75334,47.68964],[30.77693,47.64755],[30.70901,47.63934],[30.71984,47.60874],[30.66002,47.60081],[30.6593,47.61585],[30.66536,47.61826],[30.66206,47.63491],[30.61792,47.62419],[30.61224,47.63576],[30.47113,47.61808],[30.46401,47.64029],[30.42059,47.63423],[30.38863,47.75245],[30.42414,47.76095],[30.41609,47.78725],[30.43923,47.78989],[30.43601,47.80077],[30.42832,47.8005],[30.42262,47.82116],[30.33036,47.81097],[30.2978,47.92291],[30.30746,47.92983],[30.28126,47.95132],[30.24577,47.96723],[30.24959,47.98213],[30.22572,48.0119],[30.25755,48.02104],[30.25627,48.02839],[30.23367,48.06056],[30.2261,48.05641],[30.20687,48.06777],[30.23349,48.07029],[30.25013,48.0898],[30.28265,48.08513],[30.28442,48.09294],[30.29393,48.09711],[30.32478,48.0941],[30.3148,48.10583],[30.32889,48.09693],[30.35688,48.10103],[30.35682,48.11273],[30.31536,48.11672],[30.30835,48.14196],[30.32787,48.14754],[30.32716,48.16033],[30.36432,48.17412],[30.38444,48.17485],[30.39027,48.1664],[30.41365,48.16307],[30.43578,48.17286],[30.46869,48.16286],[30.49564,48.17035],[30.50468,48.1582],[30.52701,48.17957],[30.55574,48.15575],[30.6177,48.15603],[30.62104,48.16624],[30.65646,48.17196],[30.64719,48.18521],[30.71674,48.19559],[30.71932,48.1865],[30.78544,48.19144],[30.79251,48.16798],[30.81387,48.16971],[30.81928,48.18807],[30.82782,48.18161],[30.84848,48.18437],[30.85507,48.16107],[30.89417,48.16544],[30.89996,48.15932],[30.92096,48.16978],[30.93044,48.16628],[30.93173,48.18397],[30.98937,48.18447],[30.98122,48.22218],[31.05273,48.2322],[31.0561,48.22013],[31.13809,48.22928],[31.14013,48.22076],[31.16414,48.22249],[31.18486,48.20291],[31.19219,48.19402],[31.18068,48.18614],[31.18176,48.17898],[31.20125,48.16836],[31.22076,48.17081],[31.23647,48.11696],[31.32519,48.13831],[31.33013,48.11402],[31.36786,48.11936],[31.37979,48.13246],[31.38915,48.12929],[31.39514,48.10833],[31.40382,48.10949],[31.40686,48.09629],[31.39783,48.09544],[31.41244,48.03854],[31.40005,48.03655],[31.40485,48.01441],[31.41762,48.01566],[31.42125,48.00005],[31.43516,47.99946],[31.47813,47.84982],[31.44518,47.84543],[31.45647,47.80923],[31.44192,47.80716],[31.45259,47.7764],[31.41644,47.77135],[31.40873,47.79237],[31.37605,47.78727],[31.38308,47.76247],[31.29385,47.74875],[31.26314,47.77981],[31.2557,47.79597],[31.27248,47.84748],[31.29229,47.85021],[31.3033,47.83271],[31.3122,47.83475],[31.29752,47.844],[31.30078,47.85407],[31.26156,47.84768],[31.23602,47.91496],[31.20998,47.91146],[31.19547,47.92205],[31.09276,47.90493],[31.11269,47.88047],[31.09625,47.87754],[31.08772,47.89243],[31.04584,47.88635],[31.04895,47.87537],[31.00601,47.86949]]]}},{"type":"Feature","properties":{"name":"Золотоніський район","oblast":"Черкаська область","centroid":[32.1979,49.7349]},"geometry":{"type":"Polygon","coordinates":[[[31.81339,49.96621],[31.88979,49.96241],[31.89047,49.95196],[31.90139,49.94375],[31.91803,49.96139],[31.91337,49.98886],[31.91841,49.99122],[31.89996,50.01925],[31.96844,50.04452],[31.97973,50.0387],[31.98654,50.05247],[31.92508,50.06045],[31.91638,50.05444],[31.90402,50.05607],[31.91141,50.10077],[31.97529,50.12527],[31.95797,50.14115],[31.94649,50.13661],[31.93412,50.15846],[31.96532,50.15163],[32.0002,50.19439],[31.99099,50.19669],[31.99333,50.20135],[32.01736,50.20623],[32.03219,50.19401],[32.05621,50.18773],[32.08642,50.22156],[32.10819,50.21995],[32.10993,50.22863],[32.11811,50.2284],[32.12544,50.2248],[32.11162,50.2126],[32.16241,50.18735],[32.17706,50.1649],[32.29883,50.14167],[32.30392,50.11994],[32.25029,50.11474],[32.27672,50.09692],[32.26168,50.0825],[32.31393,50.03869],[32.32162,50.03983],[32.33374,50.05838],[32.34999,50.04771],[32.3446,50.0361],[32.36464,50.03372],[32.3688,50.002],[32.37721,50.00058],[32.37888,49.98099],[32.42829,49.96038],[32.41798,49.93438],[32.43023,49.93148],[32.41935,49.92831],[32.41424,49.90346],[32.43475,49.88824],[32.40313,49.87536],[32.39304,49.8849],[32.37399,49.87445],[32.43725,49.8218],[32.44958,49.79632],[32.50394,49.80463],[32.51435,49.7743],[32.55583,49.77364],[32.57263,49.75299],[32.56832,49.7461],[32.57419,49.70254],[32.66399,49.6806],[32.66028,49.677],[32.67506,49.67515],[32.67253,49.67157],[32.69257,49.65777],[32.7086,49.65685],[32.70498,49.65111],[32.70957,49.64919],[32.70132,49.6479],[32.70384,49.63528],[32.71465,49.63051],[32.71052,49.62402],[32.71612,49.61902],[32.70712,49.61621],[32.7147,49.61457],[32.71118,49.60578],[32.72223,49.59597],[32.73514,49.59617],[32.73337,49.58991],[32.74095,49.59206],[32.74033,49.58594],[32.74667,49.58732],[32.74465,49.5834],[32.7534,49.57891],[32.74729,49.57567],[32.75582,49.55167],[32.7463,49.54862],[32.75551,49.54052],[32.74888,49.53851],[32.75052,49.52382],[32.71406,49.50076],[32.67761,49.49867],[32.66647,49.46667],[32.67304,49.44797],[32.65116,49.43615],[32.67917,49.42536],[32.6776,49.40085],[32.69019,49.38513],[32.71243,49.38474],[32.73714,49.37206],[32.7378,49.35344],[32.67402,49.35264],[32.59502,49.37767],[32.56184,49.38493],[32.54651,49.38148],[32.51001,49.40801],[32.49263,49.39378],[32.4773,49.35588],[32.46259,49.34935],[32.46306,49.34255],[32.47944,49.34088],[32.46799,49.32793],[32.4401,49.31923],[32.39183,49.33965],[32.34048,49.38349],[32.29314,49.39813],[32.19828,49.39182],[32.15477,49.41549],[32.15021,49.4443],[32.12955,49.46397],[32.09173,49.47686],[32.07495,49.47113],[32.03444,49.47544],[32.04466,49.48287],[31.98792,49.52615],[31.98485,49.51883],[31.96198,49.52218],[31.94027,49.55016],[31.87187,49.55141],[31.82283,49.57279],[31.78164,49.6051],[31.78703,49.61334],[31.77882,49.62632],[31.76175,49.63392],[31.70475,49.63167],[31.65053,49.64293],[31.6403,49.6515],[31.66255,49.66624],[31.68989,49.69684],[31.67672,49.70827],[31.68555,49.71131],[31.70041,49.75077],[31.69084,49.74741],[31.69294,49.75502],[31.68387,49.75833],[31.69823,49.7624],[31.71832,49.75723],[31.71996,49.77566],[31.69342,49.77572],[31.69278,49.79002],[31.70345,49.79161],[31.70785,49.84382],[31.72847,49.84676],[31.71583,49.85344],[31.75228,49.89339],[31.77399,49.89373],[31.7706,49.92037],[31.79528,49.934],[31.81339,49.96621]]]}},{"type":"Feature","properties":{"name":"Верховинський район","oblast":"Івано-Франківська область","centroid":[24.801,48.0282]},"geometry":{"type":"Polygon","coordinates":[[[24.98615,48.19651],[24.96782,48.20777],[24.97185,48.21308],[24.95899,48.22339],[24.94136,48.21125],[24.91935,48.21287],[24.90914,48.19497],[24.90221,48.19314],[24.85377,48.21318],[24.8551,48.21891],[24.84085,48.22614],[24.82312,48.23024],[24.78875,48.22028],[24.77663,48.22559],[24.78056,48.26031],[24.76733,48.25288],[24.73698,48.2546],[24.74008,48.2694],[24.72658,48.27763],[24.71195,48.26828],[24.7071,48.27322],[24.67519,48.27031],[24.66908,48.25971],[24.65941,48.2596],[24.68394,48.23516],[24.67071,48.22512],[24.67084,48.21298],[24.65635,48.20364],[24.65904,48.1998],[24.63386,48.18367],[24.64212,48.17639],[24.62799,48.168],[24.64311,48.1594],[24.60958,48.15484],[24.60008,48.16012],[24.5937,48.14836],[24.5739,48.1348],[24.57508,48.12757],[24.5544,48.11795],[24.55904,48.10525],[24.59818,48.08867],[24.62747,48.04714],[24.5956,48.0343],[24.5761,48.0162],[24.56304,47.96877],[24.58294,47.96495],[24.59702,47.94619],[24.61084,47.95179],[24.62848,47.94801],[24.63508,47.92451],[24.65167,47.91916],[24.65264,47.91067],[24.67392,47.8964],[24.66575,47.87642],[24.67073,47.86545],[24.70231,47.85265],[24.70607,47.83994],[24.73449,47.84393],[24.75281,47.82975],[24.76533,47.83945],[24.77819,47.83688],[24.78397,47.82342],[24.82773,47.82074],[24.82166,47.80608],[24.83531,47.79572],[24.83624,47.77969],[24.85126,47.77492],[24.85527,47.76575],[24.87836,47.75266],[24.88609,47.73388],[24.88315,47.72437],[24.92253,47.72677],[24.92288,47.74105],[24.93962,47.76455],[24.94674,47.79424],[24.97552,47.82565],[24.98209,47.82613],[24.99742,47.85544],[24.98101,47.86006],[24.98687,47.86533],[24.97197,47.87649],[24.95654,47.87928],[24.94448,47.89865],[24.96116,47.90388],[24.95705,47.91995],[24.94653,47.92197],[24.94486,47.92941],[24.91896,47.94723],[24.92923,47.95353],[24.91903,47.95568],[24.91621,47.96373],[24.92341,47.96545],[24.91458,47.96859],[24.90847,47.99637],[24.92049,48.00976],[24.91313,48.01353],[24.91158,48.027],[24.99452,48.08708],[24.98005,48.11195],[24.99873,48.12012],[25.03652,48.11171],[25.04001,48.12839],[25.06693,48.13224],[25.07208,48.14603],[25.06636,48.15673],[25.08374,48.16117],[25.03787,48.17321],[25.03749,48.18883],[25.02118,48.20204],[24.98615,48.19651]]]}},{"type":"Feature","properties":{"name":"Білогірський район","oblast":"АР Крим","centroid":[34.5567,45.0626]},"geometry":{"type":"Polygon","coordinates":[[[34.2523,45.14541],[34.22637,45.14159],[34.21256,45.15443],[34.20331,45.15074],[34.19161,45.17777],[34.19565,45.18149],[34.18993,45.18598],[34.18991,45.22487],[34.185,45.22532],[34.18754,45.25319],[34.20618,45.25537],[34.20778,45.26825],[34.21552,45.26668],[34.2171,45.28482],[34.2919,45.28519],[34.29218,45.27975],[34.31851,45.27988],[34.31695,45.24145],[34.33117,45.20901],[34.3454,45.20667],[34.38091,45.20863],[34.38078,45.21676],[34.43172,45.21667],[34.4467,45.22519],[34.47721,45.22606],[34.51955,45.22298],[34.51965,45.20785],[34.54442,45.20819],[34.55957,45.22706],[34.55297,45.23729],[34.53447,45.23939],[34.53274,45.25404],[34.60944,45.24973],[34.6112,45.26049],[34.64371,45.26121],[34.64222,45.2443],[34.68449,45.23718],[34.68168,45.22557],[34.67346,45.22427],[34.66926,45.18822],[34.69568,45.18783],[34.69763,45.20638],[34.73605,45.21597],[34.73756,45.22392],[34.76829,45.22381],[34.7648,45.16107],[34.78466,45.15995],[34.79067,45.17949],[34.86486,45.17779],[34.86412,45.16021],[34.89045,45.15982],[34.88752,45.1338],[34.86226,45.13237],[34.86222,45.08077],[34.86931,45.07568],[34.8794,45.08303],[34.9227,45.0791],[34.92305,45.06848],[34.91192,45.06308],[34.92307,45.05077],[34.94867,45.05078],[34.96426,45.05815],[34.9702,45.04585],[34.95815,45.01196],[34.93865,45.00756],[34.9334,44.99619],[34.92575,45.0028],[34.90956,44.99366],[34.89117,45.00282],[34.88157,45.00016],[34.87858,44.94812],[34.82921,44.93136],[34.83657,44.92244],[34.82617,44.91349],[34.80847,44.91059],[34.80119,44.89955],[34.75733,44.89431],[34.74118,44.88135],[34.72929,44.8873],[34.72555,44.89664],[34.70117,44.90029],[34.69294,44.88707],[34.69306,44.87294],[34.65038,44.87979],[34.6584,44.87266],[34.6459,44.85889],[34.6074,44.84245],[34.59875,44.85595],[34.60739,44.8608],[34.58838,44.86489],[34.60411,44.87702],[34.56771,44.88704],[34.53677,44.88802],[34.53598,44.86574],[34.49893,44.86799],[34.47319,44.85655],[34.45668,44.86308],[34.45493,44.87065],[34.41886,44.86594],[34.40632,44.87898],[34.40638,44.86702],[34.3983,44.87836],[34.38788,44.88098],[34.38569,44.89129],[34.37876,44.88724],[34.37186,44.89381],[34.36399,44.88862],[34.35694,44.90014],[34.3475,44.90032],[34.34943,44.89506],[34.33994,44.89456],[34.34317,44.88917],[34.3336,44.88611],[34.30408,44.91264],[34.30174,44.92707],[34.29048,44.93914],[34.30564,44.95075],[34.30382,44.95812],[34.28801,44.98981],[34.27898,44.9904],[34.2765,45.02243],[34.2835,45.02771],[34.28178,45.04462],[34.27537,45.0545],[34.2638,45.05689],[34.27487,45.06469],[34.27448,45.08568],[34.26354,45.08393],[34.26159,45.09502],[34.26613,45.09323],[34.26501,45.10586],[34.27893,45.10636],[34.2779,45.11228],[34.2523,45.14541]]]}},{"type":"Feature","properties":{"name":"Джанкойський район","oblast":"АР Крим","centroid":[34.438,45.7932]},"geometry":{"type":"Polygon","coordinates":[[[34.0973,45.93288],[34.10592,45.9332],[34.1077,45.93997],[34.07695,45.95195],[34.05944,45.98403],[34.08768,45.99995],[34.08329,46.01064],[34.09271,46.02462],[34.08738,46.02757],[34.08228,46.01874],[34.07129,46.03124],[34.07848,46.05189],[34.04304,46.05751],[34.06474,46.0811],[34.06853,46.11627],[34.07351,46.11755],[34.12189,46.10572],[34.18057,46.06828],[34.23968,46.05481],[34.26486,46.05489],[34.32002,46.06821],[34.34717,46.05495],[34.40499,46.00929],[34.41318,45.98974],[34.44302,45.96181],[34.47622,45.94414],[34.49853,45.94256],[34.5109,45.94803],[34.56117,45.99438],[34.60114,45.99417],[34.62854,45.9864],[34.66991,45.96764],[34.75401,45.90884],[34.80217,45.90065],[34.79909,45.81046],[34.87616,45.79043],[34.95987,45.75631],[34.85033,45.70895],[34.82938,45.67582],[34.8112,45.66443],[34.8072,45.6352],[34.72927,45.64268],[34.71728,45.62448],[34.71719,45.61116],[34.75894,45.61045],[34.75959,45.60177],[34.79675,45.60166],[34.79652,45.58413],[34.69739,45.58402],[34.6977,45.56488],[34.67483,45.56113],[34.66188,45.57284],[34.65593,45.56494],[34.6141,45.56514],[34.6139,45.55637],[34.59506,45.56986],[34.58561,45.56298],[34.59229,45.55743],[34.57295,45.54765],[34.57454,45.52659],[34.56211,45.52645],[34.56213,45.52201],[34.52062,45.52218],[34.51556,45.54353],[34.50547,45.54772],[34.46232,45.54712],[34.46221,45.56635],[34.42166,45.56807],[34.42157,45.56016],[34.40485,45.56035],[34.40366,45.55001],[34.3296,45.55006],[34.33557,45.56299],[34.28089,45.55997],[34.28122,45.55029],[34.25531,45.5504],[34.25467,45.62623],[34.18696,45.62744],[34.17842,45.59844],[34.16044,45.59838],[34.16028,45.57861],[34.14005,45.57842],[34.13947,45.61417],[34.10144,45.61384],[34.10163,45.63057],[34.06265,45.63202],[34.06362,45.64934],[34.07122,45.64914],[34.07686,45.6654],[34.10073,45.66648],[34.10272,45.68012],[34.1084,45.68084],[34.1002,45.71822],[34.09962,45.76243],[34.11179,45.76223],[34.11497,45.78642],[34.09941,45.78752],[34.1006,45.79853],[34.07617,45.81241],[34.07652,45.8204],[34.10216,45.8204],[34.10006,45.85626],[34.15372,45.85396],[34.1537,45.87868],[34.13156,45.87861],[34.13162,45.91265],[34.0965,45.9081],[34.0973,45.93288]],[[34.38108,45.72723],[34.36154,45.70272],[34.36034,45.69817],[34.37445,45.69428],[34.36541,45.69293],[34.36377,45.68428],[34.40618,45.68391],[34.41676,45.67564],[34.43505,45.68812],[34.43799,45.71235],[34.41296,45.7108],[34.42468,45.72894],[34.40088,45.72575],[34.37692,45.73213],[34.38252,45.74475],[34.36759,45.74669],[34.3664,45.73355],[34.38108,45.72723]]]}},{"type":"Feature","properties":{"name":"Красногвардійський район","oblast":"АР Крим","centroid":[34.2544,45.4022]},"geometry":{"type":"Polygon","coordinates":[[[34.35064,45.20842],[34.33117,45.20901],[34.31695,45.24145],[34.31851,45.27988],[34.2193,45.28524],[34.21552,45.26668],[34.20778,45.26825],[34.20618,45.25537],[34.18754,45.25319],[34.185,45.22532],[34.08715,45.22731],[34.09972,45.24781],[34.06859,45.24775],[34.0675,45.23245],[34.01985,45.23253],[34.01694,45.21686],[34.00079,45.21687],[33.9986,45.19092],[33.97272,45.1905],[33.97358,45.23529],[33.97952,45.24433],[33.93315,45.24449],[33.91221,45.28968],[33.88411,45.28969],[33.89,45.33445],[33.91439,45.33477],[33.91617,45.34355],[33.97919,45.34763],[33.97816,45.40155],[34.04359,45.40267],[34.04963,45.45856],[34.04166,45.46035],[34.04197,45.47373],[34.02555,45.47384],[34.02529,45.46732],[34.01251,45.46061],[34.01362,45.45432],[33.9734,45.45058],[33.97343,45.4702],[33.98588,45.47046],[33.98543,45.50829],[33.97873,45.50812],[33.97669,45.538],[34.06321,45.53984],[34.06295,45.5954],[34.00003,45.5996],[33.99901,45.62244],[33.99022,45.62216],[33.99345,45.64381],[34.03082,45.65715],[34.03297,45.65009],[34.06362,45.64934],[34.06283,45.63183],[34.10163,45.63057],[34.10144,45.61384],[34.13994,45.61382],[34.14005,45.57842],[34.16028,45.57861],[34.16044,45.59838],[34.17842,45.59844],[34.18696,45.62744],[34.25467,45.62623],[34.25531,45.5504],[34.28122,45.55029],[34.28089,45.55997],[34.33557,45.56299],[34.3296,45.55006],[34.40366,45.55001],[34.40485,45.56035],[34.42157,45.56016],[34.42166,45.56807],[34.46221,45.56635],[34.46232,45.54712],[34.50547,45.54772],[34.51556,45.54353],[34.52062,45.52218],[34.56213,45.52201],[34.56195,45.5045],[34.54943,45.49696],[34.57021,45.45397],[34.54886,45.45065],[34.55036,45.44512],[34.54036,45.44616],[34.52839,45.43669],[34.53516,45.4044],[34.57906,45.40637],[34.57991,45.38716],[34.60149,45.38676],[34.60139,45.35159],[34.60819,45.35142],[34.60847,45.33909],[34.60806,45.32958],[34.54289,45.32977],[34.54184,45.30392],[34.55781,45.30396],[34.55827,45.25376],[34.53274,45.25404],[34.53406,45.24163],[34.55297,45.23729],[34.55957,45.22706],[34.54442,45.20819],[34.51965,45.20785],[34.51955,45.22298],[34.48453,45.22611],[34.4467,45.22519],[34.43172,45.21667],[34.38078,45.21676],[34.38091,45.20863],[34.35064,45.20842]]]}},{"type":"Feature","properties":{"name":"Перекопський район","oblast":"АР Крим","centroid":[33.8808,45.9679]},"geometry":{"type":"Polygon","coordinates":[[[33.80904,46.16814],[33.81321,46.15464],[33.83094,46.14986],[33.81467,46.14235],[33.81451,46.13182],[33.80517,46.1205],[33.78135,46.12605],[33.78065,46.13759],[33.76907,46.1445],[33.75199,46.1396],[33.74599,46.12257],[33.71828,46.12714],[33.71354,46.11509],[33.74033,46.08976],[33.71137,46.07574],[33.71484,46.06248],[33.66871,46.06248],[33.66608,46.07063],[33.62585,46.07051],[33.61495,46.05301],[33.63166,45.96901],[33.63024,45.95722],[33.61798,45.94626],[33.63485,45.94219],[33.6556,45.95487],[33.69149,45.95633],[33.74512,45.95138],[33.75878,45.9359],[33.75352,45.92852],[33.72639,45.92699],[33.69592,45.90721],[33.68682,45.91189],[33.67681,45.90147],[33.68854,45.83406],[33.72405,45.8371],[33.72366,45.82042],[33.70883,45.81969],[33.71073,45.77515],[33.76679,45.77637],[33.76727,45.80597],[33.80956,45.80916],[33.81446,45.80254],[33.88055,45.79805],[33.88129,45.78564],[33.89405,45.7819],[33.97155,45.7864],[33.97293,45.76757],[34.01177,45.76677],[34.03,45.78026],[34.0123,45.78444],[34.01197,45.80233],[34.07611,45.80268],[34.07652,45.8204],[34.10216,45.8204],[34.10006,45.85626],[34.15372,45.85396],[34.1537,45.87868],[34.13156,45.87861],[34.13162,45.91265],[34.0965,45.9081],[34.09484,45.93311],[34.10369,45.93173],[34.1077,45.93997],[34.08017,45.94906],[34.05989,45.98106],[34.06045,45.98784],[34.08768,45.99995],[34.08329,46.01064],[34.09406,46.02047],[34.08738,46.02757],[34.08157,46.01896],[34.07129,46.03124],[34.07848,46.05189],[34.04304,46.05751],[34.06474,46.0811],[34.06853,46.11627],[34.05264,46.10913],[33.99823,46.12645],[33.89734,46.17062],[33.84869,46.19967],[33.79689,46.20302],[33.7586,46.19201],[33.80904,46.16814]],[[33.83354,45.93046],[33.80758,45.93983],[33.78397,45.93843],[33.78469,45.94477],[33.77368,45.95445],[33.77931,45.96137],[33.76861,45.96909],[33.82063,45.98165],[33.82287,45.96369],[33.83055,45.96084],[33.84831,45.98461],[33.86726,45.98104],[33.85559,45.969],[33.85549,45.95612],[33.82164,45.95081],[33.82109,45.93797],[33.83603,45.93563],[33.83354,45.93046]]]}},{"type":"Feature","properties":{"name":"Кіровський район","oblast":"АР Крим","centroid":[35.1976,45.203]},"geometry":{"type":"Polygon","coordinates":[[[35.42718,45.17167],[35.44239,45.14374],[35.37612,45.13822],[35.37471,45.12509],[35.33868,45.1272],[35.33481,45.11533],[35.34392,45.09872],[35.3323,45.09217],[35.31267,45.08906],[35.29318,45.10764],[35.26226,45.11293],[35.25017,45.05635],[35.23022,45.05994],[35.23122,45.04207],[35.23858,45.04003],[35.23877,45.02583],[35.23184,45.02573],[35.23628,45.0161],[35.19928,45.01403],[35.19543,45.00169],[35.18677,44.99856],[35.16095,44.99932],[35.15807,44.98601],[35.16526,44.98031],[35.15001,44.97667],[35.1414,44.98263],[35.12284,44.97253],[35.10239,44.97648],[35.08404,44.96608],[35.00649,44.96717],[35.00567,44.97942],[35.02579,44.98486],[34.98853,45.02875],[35.00972,45.05546],[35.00632,45.0662],[35.01548,45.08351],[34.9649,45.08926],[34.95053,45.08047],[34.95107,45.06343],[34.9225,45.05498],[34.91192,45.06308],[34.92305,45.06848],[34.9227,45.0791],[34.8794,45.08303],[34.86931,45.07568],[34.86222,45.08077],[34.86226,45.13237],[34.90669,45.13787],[34.90276,45.11601],[34.95157,45.11509],[34.95291,45.16929],[35.01639,45.17478],[35.01681,45.18602],[35.04253,45.18521],[35.04237,45.17658],[35.06749,45.17623],[35.06754,45.16831],[35.12115,45.17398],[35.12069,45.19534],[35.11429,45.19615],[35.11416,45.24059],[35.09593,45.24107],[35.09085,45.26316],[35.04366,45.26666],[35.04335,45.28436],[35.05713,45.28395],[35.05711,45.30109],[35.10648,45.30377],[35.10636,45.31296],[35.13138,45.3134],[35.13143,45.33579],[35.17955,45.4978],[35.19613,45.50901],[35.29171,45.41294],[35.3059,45.38871],[35.31371,45.39462],[35.32244,45.39103],[35.34684,45.35634],[35.36159,45.35216],[35.36017,45.35629],[35.38415,45.34047],[35.41475,45.30259],[35.42424,45.30125],[35.41256,45.30673],[35.44821,45.29915],[35.43875,45.30081],[35.43702,45.31005],[35.46367,45.29389],[35.46511,45.28238],[35.44885,45.26798],[35.46263,45.21805],[35.42439,45.21481],[35.42718,45.17167]]]}},{"type":"Feature","properties":{"name":"Ленінський район","oblast":"АР Крим","centroid":[36.0071,45.2475]},"geometry":{"type":"Polygon","coordinates":[[[35.04138,45.67071],[34.97518,45.76192],[34.96671,45.75899],[35.00607,45.67995],[35.01783,45.68128],[35.02818,45.67417],[35.06277,45.62259],[35.07425,45.62335],[35.09283,45.59717],[35.13406,45.56887],[35.15014,45.54422],[35.18009,45.52718],[35.22295,45.48638],[35.29171,45.41294],[35.3059,45.38871],[35.31371,45.39462],[35.32244,45.39103],[35.34684,45.35634],[35.36159,45.35216],[35.36017,45.35629],[35.38415,45.34047],[35.41475,45.30259],[35.42424,45.30125],[35.41256,45.30673],[35.44821,45.29915],[35.43875,45.30081],[35.43702,45.31005],[35.46367,45.29389],[35.46511,45.28238],[35.44885,45.26798],[35.46263,45.21805],[35.42439,45.21481],[35.42718,45.17167],[35.47047,45.17162],[35.50457,45.16341],[35.51513,45.17855],[35.53066,45.14214],[35.52914,45.13088],[35.5383,45.12691],[35.61471,45.12709],[35.7247,45.09445],[35.76545,45.07558],[35.80918,45.04436],[35.81711,45.03336],[35.81234,45.02215],[35.83294,45.01373],[35.83614,45.00824],[35.83029,45.00457],[35.83733,44.99947],[35.91231,45.01997],[35.95375,45.01287],[35.98444,45.02567],[36.00127,45.04156],[36.03222,45.05008],[36.22592,45.02817],[36.25426,45.05057],[36.303,45.05859],[36.37444,45.05927],[36.444,45.08734],[36.45351,45.09597],[36.45348,45.10448],[36.43057,45.1183],[36.42036,45.13688],[36.41662,45.16348],[36.40605,45.17369],[36.40217,45.21304],[36.39504,45.21688],[36.40198,45.23516],[36.39324,45.249],[36.34957,45.26584],[36.35385,45.27237],[36.37422,45.27538],[36.37193,45.28353],[36.38034,45.28595],[36.38409,45.29508],[36.41134,45.29639],[36.42018,45.30984],[36.41179,45.31182],[36.41611,45.31889],[36.40773,45.32448],[36.41155,45.33101],[36.39681,45.33652],[36.39491,45.34828],[36.37385,45.35767],[36.38568,45.3594],[36.3891,45.37412],[36.40621,45.38074],[36.41752,45.38187],[36.42592,45.36915],[36.44591,45.36903],[36.46077,45.38125],[36.47078,45.37846],[36.48886,45.38599],[36.51433,45.37542],[36.51836,45.37834],[36.51378,45.38458],[36.53313,45.395],[36.53878,45.39182],[36.53512,45.38016],[36.55511,45.38275],[36.55789,45.36876],[36.56635,45.36427],[36.60867,45.36319],[36.61866,45.36861],[36.62081,45.38368],[36.63296,45.39166],[36.60764,45.40939],[36.61377,45.422],[36.59659,45.43776],[36.57385,45.44039],[36.5672,45.43653],[36.56718,45.42775],[36.55398,45.42355],[36.52989,45.42677],[36.47577,45.45641],[36.44696,45.45868],[36.43356,45.447],[36.41397,45.44573],[36.35721,45.47074],[36.3441,45.48351],[36.33951,45.47507],[36.32502,45.47036],[36.28465,45.48155],[36.12586,45.46211],[36.07253,45.44172],[36.0729,45.40802],[36.05045,45.38657],[36.01891,45.37358],[35.98203,45.37025],[35.92976,45.3836],[35.87872,45.41198],[35.8457,45.44821],[35.86811,45.45789],[35.87199,45.46716],[35.84524,45.47327],[35.82052,45.46114],[35.81991,45.44983],[35.82832,45.44548],[35.81939,45.43184],[35.74892,45.39357],[35.74851,45.38777],[35.76272,45.38223],[35.76159,45.37403],[35.72829,45.35182],[35.72954,45.34351],[35.72022,45.33446],[35.61244,45.31578],[35.51937,45.28407],[35.42583,45.32338],[35.33015,45.3889],[35.26196,45.45019],[35.19395,45.52437],[35.0914,45.613],[35.04138,45.67071]]]}},{"type":"Feature","properties":{"name":"Нижньогірський район","oblast":"АР Крим","centroid":[34.7862,45.502]},"geometry":{"type":"Polygon","coordinates":[[[35.06906,45.62524],[35.10376,45.58856],[35.0293,45.5611],[35.01208,45.56188],[34.99989,45.49946],[34.92026,45.49264],[34.91912,45.46561],[34.92742,45.4393],[34.84253,45.44792],[34.85608,45.42965],[34.77735,45.42899],[34.77567,45.42181],[34.75823,45.42203],[34.77781,45.39927],[34.81673,45.38339],[34.81635,45.37162],[34.80562,45.37152],[34.80611,45.35815],[34.75843,45.359],[34.75805,45.33763],[34.76766,45.33753],[34.76571,45.28715],[34.7256,45.28712],[34.7255,45.26899],[34.69806,45.26063],[34.69305,45.2395],[34.68675,45.23735],[34.64222,45.2443],[34.64371,45.26121],[34.6112,45.26049],[34.60944,45.24973],[34.55835,45.24986],[34.55781,45.30396],[34.54184,45.30392],[34.54289,45.32977],[34.60806,45.32958],[34.60835,45.351],[34.60139,45.35159],[34.60149,45.38676],[34.57991,45.38716],[34.57906,45.40637],[34.53516,45.4044],[34.52812,45.436],[34.54036,45.44616],[34.55036,45.44512],[34.54886,45.45065],[34.57021,45.45397],[34.54943,45.49696],[34.56195,45.5045],[34.56211,45.52645],[34.57454,45.52659],[34.57295,45.54765],[34.59229,45.55743],[34.58561,45.56298],[34.59506,45.56986],[34.6139,45.55637],[34.6141,45.56514],[34.65593,45.56494],[34.66188,45.57284],[34.67483,45.56113],[34.6977,45.56488],[34.69739,45.58402],[34.79652,45.58413],[34.79675,45.60166],[34.75959,45.60177],[34.75894,45.61045],[34.71719,45.61116],[34.71728,45.62448],[34.72927,45.64268],[34.8072,45.6352],[34.8112,45.66443],[34.82938,45.67582],[34.85033,45.70895],[34.96671,45.75899],[35.00607,45.67995],[35.01783,45.68128],[35.02818,45.67417],[35.06277,45.62259],[35.06906,45.62524]]]}},{"type":"Feature","properties":{"name":"Первомайський район","oblast":"АР Крим","centroid":[33.8318,45.5978]},"geometry":{"type":"Polygon","coordinates":[[[33.99177,45.63204],[33.99022,45.62216],[33.99901,45.62244],[34.00003,45.5996],[34.06295,45.5954],[34.06321,45.53984],[33.97669,45.538],[33.97873,45.50812],[33.98543,45.50829],[33.98588,45.47046],[33.97343,45.4702],[33.9734,45.45058],[34.01362,45.45432],[34.01251,45.46061],[34.02529,45.46732],[34.02555,45.47384],[34.04197,45.47373],[34.04166,45.46035],[34.04963,45.45856],[34.04359,45.40267],[33.97816,45.40155],[33.97919,45.34763],[33.91617,45.34355],[33.91615,45.36319],[33.90235,45.39753],[33.80103,45.39752],[33.80083,45.4239],[33.81594,45.42407],[33.8159,45.44283],[33.73735,45.43857],[33.73893,45.41678],[33.70475,45.41596],[33.70181,45.43374],[33.67983,45.43537],[33.67774,45.44596],[33.65038,45.44302],[33.64708,45.47285],[33.52531,45.47762],[33.53854,45.51876],[33.5343,45.53157],[33.53781,45.55859],[33.52787,45.55816],[33.53279,45.57422],[33.57236,45.58777],[33.57416,45.62724],[33.5987,45.62856],[33.60418,45.74717],[33.65224,45.74777],[33.65251,45.72092],[33.691,45.72122],[33.69113,45.70514],[33.71672,45.70285],[33.70369,45.72145],[33.70337,45.73453],[33.74557,45.74875],[33.73243,45.77271],[33.76679,45.77637],[33.76727,45.80597],[33.80956,45.80916],[33.81446,45.80254],[33.88055,45.79805],[33.88129,45.78564],[33.89405,45.7819],[33.97155,45.7864],[33.97293,45.76757],[33.98434,45.76701],[34.01177,45.76677],[34.03,45.78026],[34.0123,45.78444],[34.01197,45.80233],[34.07611,45.80268],[34.07617,45.81241],[34.1006,45.79853],[34.09941,45.78752],[34.11497,45.78642],[34.11179,45.76223],[34.09962,45.76243],[34.1002,45.71822],[34.10858,45.69273],[34.10073,45.66648],[34.07722,45.66566],[34.07122,45.64914],[34.01731,45.65572],[33.99345,45.64381],[33.99177,45.63204]]]}},{"type":"Feature","properties":{"name":"Роздольненський район","oblast":"АР Крим","centroid":[33.4405,45.6732]},"geometry":{"type":"MultiPolygon","coordinates":[[[[33.50753,45.85224],[33.54215,45.88147],[33.48948,45.85404],[33.42826,45.83558],[33.3518,45.78396],[33.24982,45.75239],[33.22679,45.75203],[33.19692,45.76261],[33.17526,45.77929],[33.17094,45.79158],[33.15468,45.73307],[33.13817,45.71902],[33.09909,45.71341],[33.10013,45.69633],[33.12483,45.69687],[33.12627,45.6795],[33.11221,45.67912],[33.1148,45.66196],[33.20382,45.6588],[33.2043,45.60809],[33.22867,45.60772],[33.23228,45.5572],[33.32031,45.55316],[33.31827,45.51161],[33.33408,45.47839],[33.37383,45.47753],[33.37375,45.49285],[33.36031,45.52532],[33.39207,45.52315],[33.392,45.50706],[33.44757,45.50361],[33.44886,45.51235],[33.46417,45.51132],[33.45806,45.46416],[33.44242,45.46479],[33.44154,45.45556],[33.4296,45.45538],[33.43035,45.43188],[33.50126,45.4331],[33.50651,45.44764],[33.55142,45.44444],[33.55116,45.43383],[33.57708,45.43323],[33.57429,45.40261],[33.59767,45.40259],[33.59703,45.42651],[33.60898,45.42708],[33.60757,45.43528],[33.64148,45.43345],[33.6406,45.43948],[33.65058,45.44086],[33.64734,45.47275],[33.52531,45.47762],[33.53854,45.51876],[33.5343,45.53157],[33.53781,45.55859],[33.52787,45.55816],[33.53279,45.57422],[33.57236,45.58777],[33.57416,45.62724],[33.5987,45.62856],[33.60418,45.74717],[33.65224,45.74777],[33.65251,45.72092],[33.691,45.72122],[33.69113,45.70514],[33.71672,45.70285],[33.70369,45.72145],[33.70337,45.73453],[33.74557,45.74875],[33.73113,45.77502],[33.71051,45.77559],[33.70883,45.81969],[33.72366,45.82042],[33.72391,45.83732],[33.68854,45.83406],[33.68653,45.85054],[33.67927,45.84307],[33.68207,45.84995],[33.65984,45.86342],[33.6581,45.8719],[33.63922,45.8738],[33.61996,45.88897],[33.59672,45.88419],[33.57861,45.86732],[33.56779,45.86915],[33.54152,45.83493],[33.52623,45.84808],[33.50212,45.84063],[33.49724,45.84873],[33.50753,45.85224]]],[[[33.17658,45.80228],[33.17982,45.79748],[33.18393,45.80777],[33.17658,45.80228]]]]}},{"type":"Feature","properties":{"name":"Сакський район","oblast":"АР Крим","centroid":[33.5235,45.2799]},"geometry":{"type":"Polygon","coordinates":[[[33.02442,45.29995],[33.06599,45.27516],[33.10833,45.23388],[33.13992,45.21664],[33.14915,45.20298],[33.18569,45.18448],[33.22472,45.17591],[33.25435,45.15101],[33.25876,45.16274],[33.31333,45.18606],[33.32117,45.19435],[33.32233,45.22132],[33.34485,45.22494],[33.33549,45.23568],[33.36179,45.25015],[33.38865,45.24352],[33.37987,45.24095],[33.39711,45.23418],[33.41762,45.19792],[33.45117,45.18338],[33.44749,45.17901],[33.49253,45.15517],[33.48884,45.15144],[33.50508,45.13959],[33.51007,45.14609],[33.5342,45.14128],[33.63007,45.14524],[33.62194,45.12862],[33.61216,45.13272],[33.61082,45.12803],[33.61804,45.1216],[33.63266,45.12405],[33.63139,45.11836],[33.56279,45.11507],[33.54802,45.09932],[33.57637,45.0615],[33.60537,44.99186],[33.68168,44.98773],[33.67603,45.0383],[33.77923,45.04102],[33.78208,45.05283],[33.79717,45.0451],[33.79643,45.07582],[33.76977,45.0765],[33.76971,45.09404],[33.84525,45.09368],[33.84734,45.10198],[33.89631,45.10542],[33.89708,45.13119],[33.91338,45.13173],[33.91404,45.16035],[33.88316,45.16497],[33.88271,45.19012],[33.95451,45.19078],[33.91221,45.28968],[33.88411,45.28969],[33.89,45.33445],[33.91584,45.33842],[33.91615,45.36319],[33.90235,45.39753],[33.80103,45.39752],[33.80083,45.4239],[33.81594,45.42407],[33.8159,45.44283],[33.73735,45.43857],[33.73893,45.41678],[33.70475,45.41596],[33.70181,45.43374],[33.67983,45.43537],[33.67774,45.44596],[33.65038,45.44302],[33.6406,45.43948],[33.64148,45.43345],[33.60757,45.43528],[33.60898,45.42708],[33.59703,45.42651],[33.59767,45.40259],[33.57429,45.40261],[33.57708,45.43323],[33.55116,45.43383],[33.55142,45.44444],[33.50651,45.44764],[33.50126,45.4331],[33.43035,45.43188],[33.4296,45.45538],[33.44154,45.45556],[33.44242,45.46479],[33.45806,45.46416],[33.46417,45.51132],[33.44886,45.51235],[33.44757,45.50361],[33.392,45.50706],[33.39207,45.52315],[33.36003,45.5249],[33.37375,45.49285],[33.37383,45.47753],[33.33408,45.47839],[33.33387,45.46816],[33.32241,45.46751],[33.27999,45.46772],[33.25462,45.4762],[33.25498,45.47011],[33.22899,45.46016],[33.22352,45.45123],[33.18915,45.44376],[33.18247,45.43398],[33.16406,45.43432],[33.15563,45.41592],[33.11376,45.39456],[33.09541,45.37838],[33.0728,45.38195],[32.98645,45.32697],[33.02442,45.29995]],[[33.12326,45.38024],[33.10601,45.36995],[33.10053,45.37326],[33.11169,45.3881],[33.12997,45.38846],[33.1162,45.392],[33.12042,45.39566],[33.14733,45.40654],[33.15346,45.4001],[33.14799,45.38498],[33.12326,45.38024]],[[33.04176,45.30496],[33.0302,45.30305],[33.03542,45.31169],[33.03506,45.32052],[33.02683,45.32482],[33.0333,45.33283],[33.02878,45.34097],[33.0481,45.3393],[33.05667,45.34444],[33.06143,45.33647],[33.09197,45.3366],[33.06323,45.33632],[33.07387,45.3335],[33.07371,45.32317],[33.05663,45.32741],[33.03542,45.31661],[33.04176,45.30496]]]}},{"type":"Feature","properties":{"name":"Совєтський район","oblast":"АР Крим","centroid":[34.9616,45.3408]},"geometry":{"type":"Polygon","coordinates":[[[35.10376,45.58856],[35.13258,45.57031],[35.15014,45.54422],[35.17918,45.5279],[35.19613,45.50901],[35.17955,45.4978],[35.13143,45.33579],[35.13138,45.3134],[35.10636,45.31296],[35.10648,45.30377],[35.05711,45.30109],[35.05713,45.28395],[35.04335,45.28436],[35.04366,45.26666],[35.09085,45.26316],[35.09593,45.24107],[35.11416,45.24059],[35.11429,45.19615],[35.12069,45.19534],[35.12045,45.17323],[35.06754,45.16831],[35.06749,45.17623],[35.04237,45.17658],[35.04253,45.18521],[35.01681,45.18602],[35.01639,45.17478],[34.95291,45.16929],[34.95157,45.11509],[34.90961,45.11535],[34.9006,45.11956],[34.90842,45.13596],[34.88799,45.13864],[34.89045,45.15982],[34.86412,45.16021],[34.86448,45.17801],[34.79067,45.17949],[34.78466,45.15995],[34.7648,45.16107],[34.76829,45.22381],[34.73756,45.22392],[34.73605,45.21597],[34.69763,45.20638],[34.69568,45.18783],[34.66926,45.18822],[34.67377,45.22515],[34.68143,45.22536],[34.68449,45.23718],[34.69305,45.2395],[34.69747,45.2601],[34.7255,45.26899],[34.72634,45.28742],[34.76571,45.28715],[34.76766,45.33753],[34.75805,45.33763],[34.75843,45.359],[34.80611,45.35815],[34.80562,45.37152],[34.81635,45.37162],[34.81673,45.38339],[34.77781,45.39927],[34.75823,45.42203],[34.77567,45.42181],[34.77735,45.42899],[34.85608,45.42965],[34.84253,45.44792],[34.92742,45.4393],[34.91912,45.46561],[34.92026,45.49264],[34.99989,45.49946],[35.01208,45.56188],[35.0293,45.5611],[35.10376,45.58856]]]}},{"type":"Feature","properties":{"name":"Сімферопольський район","oblast":"АР Крим","centroid":[34.0591,44.984]},"geometry":{"type":"Polygon","coordinates":[[[33.67603,45.0383],[33.77923,45.04102],[33.78208,45.05283],[33.79717,45.0451],[33.79643,45.07582],[33.76977,45.0765],[33.76971,45.09404],[33.84525,45.09368],[33.84734,45.10198],[33.89702,45.10585],[33.89708,45.13119],[33.91338,45.13173],[33.91404,45.16035],[33.88316,45.16497],[33.88271,45.19012],[33.95451,45.19078],[33.93315,45.24449],[33.97952,45.24433],[33.97268,45.2123],[33.97272,45.1905],[33.97742,45.19047],[33.9986,45.19092],[34.00079,45.21687],[34.01694,45.21686],[34.01985,45.23253],[34.0675,45.23245],[34.06859,45.24775],[34.09972,45.24781],[34.08715,45.22731],[34.18991,45.22487],[34.19002,45.1854],[34.20331,45.15074],[34.21256,45.15443],[34.22637,45.14159],[34.2523,45.14541],[34.2779,45.11228],[34.27893,45.10636],[34.26501,45.10586],[34.26613,45.09323],[34.26159,45.09502],[34.26354,45.08393],[34.27448,45.08568],[34.27487,45.06469],[34.2638,45.05689],[34.27537,45.0545],[34.28178,45.04462],[34.2835,45.02771],[34.2765,45.02243],[34.27898,44.9904],[34.28801,44.98981],[34.30571,44.95157],[34.2906,44.93836],[34.30174,44.92707],[34.30408,44.91264],[34.32509,44.89171],[34.33606,44.88597],[34.34317,44.88917],[34.33994,44.89456],[34.34964,44.89528],[34.3475,44.90032],[34.35694,44.90014],[34.36399,44.88862],[34.37186,44.89381],[34.37876,44.88724],[34.38569,44.89129],[34.38788,44.88098],[34.3983,44.87836],[34.40638,44.86702],[34.40632,44.87898],[34.41969,44.86568],[34.45493,44.87065],[34.45668,44.86308],[34.48151,44.85056],[34.49821,44.8557],[34.51974,44.84],[34.51294,44.8342],[34.48236,44.84128],[34.42685,44.81323],[34.40559,44.79535],[34.38359,44.79212],[34.38104,44.77776],[34.32837,44.74692],[34.31853,44.75047],[34.31441,44.76875],[34.30292,44.77012],[34.30449,44.76565],[34.29388,44.76003],[34.29131,44.76639],[34.28021,44.76399],[34.26417,44.79456],[34.22894,44.79817],[34.22696,44.77959],[34.17119,44.77678],[34.12698,44.75049],[34.11477,44.72966],[34.07422,44.75497],[34.05368,44.78498],[34.00009,44.82225],[33.99629,44.82786],[34.00512,44.83118],[34.02739,44.82417],[34.02862,44.83031],[34.0494,44.83382],[34.03693,44.84672],[34.04034,44.85033],[34.00589,44.85846],[34.01045,44.87281],[33.97024,44.87314],[33.9551,44.88322],[33.94032,44.87959],[33.91928,44.90204],[33.89735,44.9023],[33.89641,44.91173],[33.87135,44.92054],[33.8339,44.92055],[33.83231,44.89815],[33.75159,44.89834],[33.75099,44.90794],[33.73947,44.9108],[33.71438,44.89689],[33.68727,44.91352],[33.64686,44.90933],[33.64635,44.93121],[33.61233,44.92595],[33.59821,44.97467],[33.6044,44.97953],[33.60424,44.99185],[33.68168,44.98773],[33.67603,45.0383]],[[34.07425,44.8969],[34.0582,44.9049],[34.07052,44.92517],[34.06241,44.92778],[34.06447,44.93195],[34.03484,44.9292],[34.02892,44.93592],[34.03671,44.94421],[34.05571,44.94888],[34.05873,44.96332],[34.06842,44.97305],[34.07804,44.97211],[34.07273,44.9846],[34.03229,45.00921],[34.03424,45.00306],[34.01969,45.00348],[34.01488,45.00737],[34.02519,45.01161],[34.01334,45.02223],[33.99155,45.01418],[33.98282,45.00006],[33.98668,45.02982],[33.96909,45.03198],[33.96592,45.02697],[33.96398,45.03224],[33.98046,45.07638],[33.98246,45.06506],[33.97149,45.03379],[33.98729,45.03124],[33.99317,45.0429],[33.99545,45.02584],[34.00629,45.02132],[34.03345,45.02822],[34.02678,45.04909],[34.03857,45.02981],[34.04762,45.0294],[34.04874,45.0174],[34.06191,45.01912],[34.05597,45.00855],[34.03894,45.00731],[34.07325,44.98475],[34.1007,44.99525],[34.09894,45.0003],[34.10748,45.00425],[34.11389,44.99699],[34.12735,44.99866],[34.12931,44.98693],[34.1594,44.99474],[34.16317,45.00147],[34.16943,44.9965],[34.18142,45.00342],[34.18803,44.99368],[34.18292,44.9843],[34.19892,44.97019],[34.1703,44.9659],[34.16609,44.95865],[34.17108,44.95715],[34.15271,44.9527],[34.16259,44.94797],[34.16087,44.94267],[34.14949,44.94713],[34.14084,44.93984],[34.16543,44.92498],[34.16463,44.91365],[34.18102,44.91711],[34.17205,44.90651],[34.177,44.90093],[34.16061,44.91214],[34.15528,44.90743],[34.14995,44.91136],[34.13437,44.89779],[34.12782,44.90105],[34.1352,44.91395],[34.11802,44.89819],[34.10047,44.90729],[34.0927,44.905],[34.10045,44.90211],[34.09645,44.89288],[34.07425,44.8969]]]}},{"type":"Feature","properties":{"name":"міський округ Алушта","oblast":"АР Крим","centroid":[34.4443,44.7433]},"geometry":{"type":"Polygon","coordinates":[[[34.39993,44.64031],[34.41696,44.67233],[34.46009,44.71226],[34.49743,44.73014],[34.5342,44.73881],[34.55441,44.75353],[34.58647,44.75969],[34.60409,44.77268],[34.66965,44.7877],[34.73424,44.81205],[34.72438,44.82384],[34.72247,44.84385],[34.74118,44.88135],[34.72929,44.8873],[34.72555,44.89664],[34.70117,44.90029],[34.69294,44.88707],[34.69306,44.87294],[34.65038,44.87979],[34.6584,44.87266],[34.6459,44.85889],[34.6074,44.84245],[34.59875,44.85595],[34.60739,44.8608],[34.58838,44.86489],[34.60411,44.87702],[34.57443,44.88609],[34.53727,44.88828],[34.53598,44.86574],[34.49893,44.86799],[34.47319,44.85655],[34.48151,44.85056],[34.49821,44.8557],[34.5199,44.84185],[34.5175,44.83453],[34.48236,44.84128],[34.42685,44.81323],[34.40559,44.79535],[34.38359,44.79212],[34.38104,44.77776],[34.32837,44.74692],[34.31853,44.75047],[34.31441,44.76875],[34.30848,44.77143],[34.29877,44.76101],[34.28057,44.76424],[34.2744,44.73469],[34.25511,44.72637],[34.25309,44.71764],[34.18495,44.7189],[34.18725,44.69253],[34.19922,44.67743],[34.21926,44.67075],[34.23359,44.65053],[34.23185,44.64491],[34.26415,44.63924],[34.25277,44.6153],[34.24231,44.61069],[34.24592,44.6026],[34.27747,44.59638],[34.27668,44.57412],[34.30065,44.57295],[34.31901,44.56388],[34.31501,44.55965],[34.32547,44.5501],[34.34758,44.54891],[34.34885,44.58179],[34.37151,44.59183],[34.38364,44.62532],[34.39993,44.64031]]]}},{"type":"Feature","properties":{"name":"Міський округ Армянськ","oblast":"АР Крим","centroid":[33.6967,46.1457]},"geometry":{"type":"Polygon","coordinates":[[[33.64577,46.22949],[33.66614,46.22071],[33.67086,46.21179],[33.73584,46.1861],[33.7586,46.19201],[33.80904,46.16814],[33.81321,46.15464],[33.83068,46.14869],[33.81467,46.14235],[33.81389,46.13072],[33.80088,46.11916],[33.78135,46.12605],[33.78065,46.13759],[33.76907,46.1445],[33.75199,46.1396],[33.74599,46.12257],[33.71828,46.12714],[33.71354,46.11509],[33.74033,46.08976],[33.71137,46.07574],[33.71484,46.06248],[33.66871,46.06248],[33.66608,46.07063],[33.62585,46.07051],[33.6427,46.08116],[33.62034,46.1143],[33.61471,46.13466],[33.64127,46.14244],[33.63557,46.14634],[33.61859,46.21393],[33.61355,46.21392],[33.61524,46.22622],[33.64577,46.22949]]]}},{"type":"Feature","properties":{"name":"Міський округ Джанкой","oblast":"АР Крим","centroid":[34.3984,45.7051]},"geometry":{"type":"Polygon","coordinates":[[[34.42468,45.72894],[34.40088,45.72575],[34.37692,45.73213],[34.38252,45.74475],[34.36759,45.74669],[34.3664,45.73355],[34.38153,45.7294],[34.38149,45.72384],[34.3638,45.70788],[34.36034,45.69817],[34.37445,45.69428],[34.36541,45.69293],[34.36377,45.68428],[34.40618,45.68391],[34.41676,45.67564],[34.43505,45.68812],[34.43799,45.71235],[34.41296,45.7108],[34.42468,45.72894]]]}},{"type":"Feature","properties":{"name":"Міський округ Євпаторія","oblast":"АР Крим","centroid":[33.3565,45.2003]},"geometry":{"type":"MultiPolygon","coordinates":[[[[33.26102,45.1627],[33.31333,45.18606],[33.32117,45.19435],[33.32233,45.22132],[33.34485,45.22494],[33.33549,45.23568],[33.36179,45.25015],[33.38865,45.24352],[33.37987,45.24095],[33.39711,45.23418],[33.41762,45.19792],[33.45117,45.18338],[33.44749,45.17901],[33.49253,45.15517],[33.48884,45.15144],[33.42289,45.1897],[33.39047,45.19781],[33.37508,45.19231],[33.37932,45.18582],[33.34849,45.17409],[33.30528,45.1732],[33.28144,45.14724],[33.25655,45.14892],[33.26102,45.1627]]],[[[33.12326,45.38024],[33.10601,45.36995],[33.10053,45.37326],[33.11169,45.3881],[33.12997,45.38846],[33.1162,45.392],[33.12042,45.39566],[33.14733,45.40654],[33.15346,45.4001],[33.14799,45.38498],[33.12326,45.38024]]],[[[33.04176,45.30496],[33.0302,45.30305],[33.03542,45.31169],[33.03506,45.32052],[33.02683,45.32482],[33.0333,45.33283],[33.02878,45.34097],[33.0481,45.3393],[33.05667,45.34444],[33.06143,45.33647],[33.09197,45.3366],[33.06323,45.33632],[33.07387,45.3335],[33.07371,45.32317],[33.05663,45.32741],[33.03542,45.31661],[33.04176,45.30496]]]]}},{"type":"Feature","properties":{"name":"міський округ Керч","oblast":"АР Крим","centroid":[36.4615,45.3302]},"geometry":{"type":"Polygon","coordinates":[[[36.43743,45.36932],[36.48734,45.38587],[36.51433,45.37542],[36.51836,45.37834],[36.51378,45.38458],[36.53313,45.395],[36.53878,45.39182],[36.53512,45.38016],[36.55511,45.38275],[36.55789,45.36876],[36.56635,45.36427],[36.60867,45.36319],[36.61866,45.36861],[36.62081,45.38368],[36.63296,45.39166],[36.64705,45.38258],[36.62911,45.3748],[36.63224,45.36384],[36.62511,45.36286],[36.63006,45.3616],[36.61047,45.35736],[36.59737,45.34609],[36.53669,45.34609],[36.5371,45.35075],[36.51905,45.3523],[36.50196,45.36356],[36.47872,45.35943],[36.48231,45.35125],[36.46055,45.3358],[36.47049,45.33927],[36.47273,45.32901],[36.48769,45.32432],[36.47363,45.32667],[36.47766,45.3223],[36.49451,45.31747],[36.47946,45.30543],[36.43388,45.29618],[36.41698,45.28355],[36.41534,45.27467],[36.42948,45.26607],[36.42073,45.26538],[36.429,45.25777],[36.40876,45.26057],[36.42654,45.25456],[36.41347,45.24296],[36.43409,45.26408],[36.42653,45.27714],[36.43694,45.26876],[36.40217,45.21304],[36.39504,45.21688],[36.40206,45.23478],[36.39324,45.249],[36.34957,45.26584],[36.35385,45.27237],[36.37422,45.27538],[36.37193,45.28353],[36.38034,45.28595],[36.38409,45.29508],[36.41134,45.29639],[36.42018,45.30984],[36.41179,45.31182],[36.41611,45.31889],[36.40773,45.32448],[36.41155,45.33101],[36.39681,45.33652],[36.39491,45.34828],[36.37385,45.35767],[36.38568,45.3594],[36.3891,45.37412],[36.40621,45.38074],[36.41752,45.38187],[36.42367,45.36927],[36.43743,45.36932]]]}},{"type":"Feature","properties":{"name":"Яни Капу","oblast":"АР Крим","centroid":[33.8143,45.9601]},"geometry":{"type":"Polygon","coordinates":[[[33.78397,45.93843],[33.78469,45.94477],[33.77368,45.95445],[33.77931,45.96137],[33.77062,45.97085],[33.82063,45.98165],[33.82287,45.96369],[33.83055,45.96084],[33.84831,45.98461],[33.86726,45.98104],[33.85559,45.969],[33.85549,45.95612],[33.82164,45.95081],[33.82109,45.93797],[33.83603,45.93563],[33.83279,45.92887],[33.80758,45.93983],[33.78397,45.93843]]]}},{"type":"Feature","properties":{"name":"Міський округ Саки","oblast":"АР Крим","centroid":[33.5688,45.1292]},"geometry":{"type":"Polygon","coordinates":[[[33.55114,45.10126],[33.50508,45.13959],[33.51007,45.14609],[33.5342,45.14128],[33.63007,45.14524],[33.62194,45.12862],[33.61216,45.13272],[33.61082,45.12803],[33.61804,45.1216],[33.63266,45.12405],[33.63139,45.11836],[33.56279,45.11507],[33.55114,45.10126]]]}},{"type":"Feature","properties":{"name":"міський округ Сімферополь","oblast":"АР Крим","centroid":[34.1019,44.9588]},"geometry":{"type":"Polygon","coordinates":[[[34.07425,44.8969],[34.0582,44.9049],[34.07052,44.92517],[34.06241,44.92778],[34.06447,44.93195],[34.03484,44.9292],[34.02892,44.93592],[34.03671,44.94421],[34.05571,44.94888],[34.05873,44.96332],[34.06842,44.97305],[34.07804,44.97211],[34.07273,44.9846],[34.03229,45.00921],[34.03424,45.00306],[34.01969,45.00348],[34.01488,45.00737],[34.02519,45.01161],[34.01334,45.02223],[33.99155,45.01418],[33.98282,45.00006],[33.98668,45.02982],[33.96909,45.03198],[33.96592,45.02697],[33.96398,45.03224],[33.98046,45.07638],[33.98246,45.06506],[33.97149,45.03379],[33.98729,45.03124],[33.99317,45.0429],[33.99545,45.02584],[34.00629,45.02132],[34.03345,45.02822],[34.02678,45.04909],[34.03857,45.02981],[34.04762,45.0294],[34.04874,45.0174],[34.06191,45.01912],[34.05597,45.00855],[34.03894,45.00731],[34.07325,44.98475],[34.1007,44.99525],[34.09894,45.0003],[34.10748,45.00425],[34.11389,44.99699],[34.12735,44.99866],[34.12931,44.98693],[34.1594,44.99474],[34.16317,45.00147],[34.16943,44.9965],[34.18142,45.00342],[34.18803,44.99368],[34.18292,44.9843],[34.19892,44.97019],[34.1703,44.9659],[34.16609,44.95865],[34.17108,44.95715],[34.15271,44.9527],[34.16259,44.94797],[34.16087,44.94267],[34.14949,44.94713],[34.14084,44.93984],[34.16543,44.92498],[34.16463,44.91365],[34.18102,44.91711],[34.17205,44.90651],[34.177,44.90093],[34.16061,44.91214],[34.15528,44.90743],[34.14995,44.91136],[34.13437,44.89779],[34.12782,44.90105],[34.1352,44.91395],[34.11802,44.89819],[34.10047,44.90729],[34.0927,44.905],[34.10045,44.90211],[34.09645,44.89288],[34.07425,44.8969]]]}},{"type":"Feature","properties":{"name":"Міський округ Судак","oblast":"АР Крим","centroid":[34.9606,44.9047]},"geometry":{"type":"Polygon","coordinates":[[[35.14495,44.93232],[35.13315,44.93108],[35.13241,44.92251],[35.12917,44.92798],[35.11394,44.92807],[35.09217,44.91563],[35.05569,44.91503],[35.07189,44.93848],[35.10308,44.93281],[35.11118,44.93891],[35.11595,44.92873],[35.14342,44.93922],[35.13206,44.9459],[35.11732,44.9434],[35.12867,44.95366],[35.11198,44.95679],[35.17639,44.96036],[35.14944,44.96623],[35.14542,44.96881],[35.15856,44.9733],[35.1414,44.98263],[35.12284,44.97253],[35.10239,44.97648],[35.08404,44.96608],[35.00467,44.96796],[35.00567,44.97942],[35.02579,44.98486],[34.98853,45.02875],[35.00972,45.05546],[35.00632,45.0662],[35.01548,45.08351],[34.9649,45.08926],[34.95053,45.08047],[34.95107,45.06343],[34.92176,45.05238],[34.93717,45.04937],[34.96818,45.05603],[34.9702,45.04585],[34.95815,45.01196],[34.93865,45.00756],[34.9334,44.99619],[34.92575,45.0028],[34.90956,44.99366],[34.89117,45.00282],[34.88157,45.00016],[34.87858,44.94812],[34.82921,44.93136],[34.83657,44.92244],[34.82617,44.91349],[34.80847,44.91059],[34.80119,44.89955],[34.75369,44.89234],[34.72508,44.85386],[34.72438,44.82384],[34.73424,44.81205],[34.74648,44.81041],[34.80722,44.82019],[34.84437,44.81513],[34.87982,44.82222],[34.90948,44.81606],[34.90999,44.82125],[34.91897,44.82251],[34.91525,44.82658],[34.9198,44.83061],[34.96714,44.8402],[34.98876,44.83013],[35.00117,44.8356],[35.03116,44.83005],[35.05102,44.81519],[35.04759,44.80087],[35.08216,44.79241],[35.13015,44.82374],[35.13583,44.85849],[35.15398,44.88715],[35.13905,44.89628],[35.175,44.92518],[35.14495,44.93232]]]}},{"type":"Feature","properties":{"name":"Міський округ Феодосія","oblast":"АР Крим","centroid":[35.3145,45.0365]},"geometry":{"type":"Polygon","coordinates":[[[35.33868,45.1272],[35.33481,45.11533],[35.34392,45.09872],[35.31553,45.08829],[35.29318,45.10764],[35.26226,45.11293],[35.25017,45.05635],[35.23022,45.05994],[35.23122,45.04207],[35.23858,45.04003],[35.23877,45.02583],[35.23184,45.02573],[35.23628,45.0161],[35.19928,45.01403],[35.19543,45.00169],[35.18677,44.99856],[35.16095,44.99932],[35.15807,44.98601],[35.16526,44.98031],[35.15295,44.98002],[35.1503,44.97678],[35.15887,44.97231],[35.14542,44.96881],[35.17652,44.95901],[35.11198,44.95679],[35.12867,44.95366],[35.11732,44.9434],[35.13206,44.9459],[35.14342,44.93922],[35.11595,44.92873],[35.11118,44.93891],[35.10308,44.93281],[35.07189,44.93848],[35.05569,44.91503],[35.09217,44.91563],[35.11394,44.92807],[35.12917,44.92798],[35.13241,44.92251],[35.13315,44.93108],[35.14652,44.93333],[35.16251,44.92533],[35.16378,44.93],[35.17202,44.92829],[35.17442,44.92351],[35.13905,44.89628],[35.15395,44.88736],[35.16672,44.90092],[35.18741,44.90873],[35.23968,44.91824],[35.2531,44.93784],[35.24767,44.95443],[35.26954,44.96841],[35.29083,44.967],[35.29458,44.9616],[35.31367,44.97],[35.34218,44.96648],[35.35354,44.96272],[35.35308,44.95665],[35.38367,44.94709],[35.38952,44.95455],[35.37045,44.95445],[35.35352,44.97532],[35.35733,44.98766],[35.42547,45.01326],[35.39668,45.03036],[35.3978,45.02551],[35.39108,45.02471],[35.39269,45.02911],[35.38322,45.03405],[35.38573,45.05218],[35.45034,45.09943],[35.5383,45.12691],[35.52914,45.13088],[35.53066,45.14214],[35.51513,45.17855],[35.50457,45.16341],[35.47047,45.17162],[35.42718,45.17167],[35.44239,45.14374],[35.37612,45.13822],[35.37471,45.12509],[35.33868,45.1272]]]}},{"type":"Feature","properties":{"name":"Міський округ Ялта","oblast":"АР Крим","centroid":[34.1095,44.4893]},"geometry":{"type":"Polygon","coordinates":[[[34.13254,44.43928],[34.1665,44.49432],[34.25175,44.50691],[34.27302,44.52642],[34.27773,44.54036],[34.31988,44.55258],[34.31501,44.55965],[34.31901,44.56388],[34.29908,44.5737],[34.27668,44.57412],[34.27747,44.59638],[34.24592,44.6026],[34.24231,44.61069],[34.25385,44.61768],[34.23714,44.62034],[34.23132,44.6121],[34.24018,44.60289],[34.23862,44.59241],[34.21816,44.58275],[34.20388,44.58846],[34.1649,44.56092],[34.12324,44.54642],[34.10488,44.51931],[34.08702,44.51339],[34.07806,44.50302],[34.07131,44.50612],[34.04373,44.49671],[34.03275,44.47413],[34.0032,44.47315],[33.99882,44.45598],[33.97632,44.43824],[33.92231,44.42025],[33.85919,44.41991],[33.82928,44.40892],[33.78158,44.40574],[33.78556,44.39688],[33.76178,44.38936],[33.78444,44.38741],[33.79983,44.39551],[33.86112,44.40683],[33.96967,44.39161],[33.98766,44.40075],[34.03543,44.40563],[34.04263,44.41437],[34.06519,44.42235],[34.12422,44.42821],[34.13254,44.43928]]]}},{"type":"Feature","properties":{"name":"Сумський район","oblast":"Сумська область","centroid":[34.699,50.8701]},"geometry":{"type":"Polygon","coordinates":[[[35.18979,50.63903],[35.19024,50.64787],[35.20079,50.64781],[35.18051,50.66405],[35.19485,50.66594],[35.18009,50.6662],[35.18267,50.67496],[35.16924,50.67481],[35.16382,50.6851],[35.15359,50.6872],[35.14976,50.67906],[35.12998,50.67741],[35.1154,50.66838],[35.07818,50.68095],[35.06945,50.67025],[35.04295,50.68896],[35.04303,50.68291],[35.03193,50.67781],[35.02142,50.6808],[35.02371,50.69817],[35.0377,50.69578],[35.04043,50.69955],[35.03184,50.70067],[35.05757,50.70762],[35.05624,50.71378],[35.04188,50.70839],[35.0457,50.71535],[35.07932,50.71383],[35.07549,50.7112],[35.08309,50.70839],[35.09206,50.71633],[35.08772,50.71819],[35.01107,50.74179],[34.98128,50.73939],[34.97685,50.7536],[34.97385,50.74235],[34.95155,50.73303],[34.93444,50.74698],[34.91467,50.74894],[34.9285,50.74123],[34.92302,50.72836],[34.93366,50.73014],[34.92937,50.72326],[34.94608,50.71832],[34.93778,50.71506],[34.93873,50.69743],[34.91281,50.68639],[34.90606,50.67601],[34.88515,50.67105],[34.86241,50.625],[34.84696,50.62218],[34.831,50.6092],[34.79044,50.60035],[34.79792,50.59435],[34.78065,50.5852],[34.77407,50.56516],[34.7282,50.56945],[34.73431,50.55525],[34.7321,50.5393],[34.72013,50.52556],[34.7124,50.5271],[34.71222,50.51857],[34.6469,50.50117],[34.62951,50.49068],[34.63639,50.48664],[34.6235,50.4883],[34.58495,50.47013],[34.57744,50.44924],[34.51305,50.44998],[34.50669,50.43107],[34.48136,50.40081],[34.49362,50.39494],[34.48596,50.38841],[34.47288,50.39456],[34.4541,50.38548],[34.42508,50.38414],[34.39533,50.36794],[34.3743,50.37175],[34.28782,50.4127],[34.27171,50.43231],[34.25203,50.44088],[34.249,50.46021],[34.25503,50.49016],[34.23725,50.55374],[34.22644,50.55335],[34.22442,50.56832],[34.23249,50.56872],[34.22272,50.59828],[34.22734,50.60054],[34.18223,50.6363],[34.18338,50.64634],[34.15324,50.65739],[34.08098,50.70755],[34.11902,50.72814],[34.1279,50.73027],[34.14174,50.71879],[34.16389,50.73416],[34.14649,50.74415],[34.17818,50.76652],[34.16129,50.77594],[34.16198,50.79653],[34.14147,50.80077],[34.14239,50.80965],[34.16039,50.80898],[34.16882,50.8299],[34.18517,50.84104],[34.18164,50.847],[34.187,50.8586],[34.17035,50.88145],[34.12992,50.87114],[34.09843,50.92392],[34.11176,50.92851],[34.09387,50.93771],[34.07163,50.9344],[34.07131,50.94405],[34.04683,50.94912],[34.06639,50.96602],[34.07239,50.98954],[34.08528,50.99698],[34.06869,51.01167],[34.04715,51.01478],[34.02072,51.04365],[34.02329,51.05042],[34.01319,51.0537],[34.02043,51.07697],[34.01615,51.07772],[34.0691,51.09072],[34.07862,51.11974],[34.08851,51.12906],[34.10804,51.14429],[34.13213,51.14446],[34.11877,51.15458],[34.11934,51.17869],[34.14755,51.19717],[34.1389,51.21466],[34.14844,51.23014],[34.14515,51.23453],[34.15773,51.23491],[34.15028,51.23948],[34.15811,51.2368],[34.15617,51.24289],[34.18334,51.25133],[34.20068,51.24626],[34.21087,51.25265],[34.20526,51.25492],[34.20837,51.25896],[34.22548,51.26457],[34.24403,51.26352],[34.3057,51.2383],[34.33134,51.23998],[34.38424,51.27382],[34.43874,51.25647],[34.44629,51.26179],[34.48431,51.24491],[34.51324,51.24223],[34.52353,51.25261],[34.54131,51.25284],[34.5797,51.2342],[34.60134,51.24567],[34.60298,51.25367],[34.66264,51.24744],[34.66876,51.19777],[34.68862,51.18086],[34.71654,51.17142],[34.7313,51.18251],[34.77078,51.17489],[34.7846,51.18495],[34.81484,51.17014],[34.8348,51.16934],[34.83331,51.18325],[34.86231,51.19916],[34.8767,51.1911],[34.88365,51.19593],[34.89829,51.19302],[34.90679,51.2049],[34.93308,51.20671],[34.94066,51.21722],[34.95242,51.21937],[34.95231,51.22793],[34.97996,51.23554],[34.99344,51.22879],[35.01007,51.23167],[35.03748,51.21811],[35.03876,51.20442],[35.06252,51.21602],[35.06159,51.22335],[35.07178,51.23451],[35.15027,51.22342],[35.13753,51.21545],[35.14332,51.20313],[35.13027,51.19439],[35.13497,51.17049],[35.12297,51.16509],[35.13953,51.15383],[35.135,51.14796],[35.14349,51.13981],[35.14156,51.13389],[35.17465,51.12159],[35.16306,51.10867],[35.16471,51.1013],[35.17692,51.09872],[35.1735,51.08724],[35.15571,51.09082],[35.14762,51.08264],[35.16358,51.08326],[35.19016,51.05396],[35.20986,51.04673],[35.24827,51.06515],[35.25769,51.05848],[35.26576,51.06319],[35.26712,51.05798],[35.27593,51.05859],[35.27427,51.0642],[35.30147,51.07188],[35.30438,51.07874],[35.32791,51.07728],[35.3279,51.07085],[35.3509,51.06209],[35.37511,51.06707],[35.38684,51.05348],[35.40616,51.04823],[35.41119,51.03914],[35.39995,51.0316],[35.40931,51.02672],[35.38381,51.01991],[35.37467,51.00864],[35.34916,51.00621],[35.32282,51.01367],[35.33776,50.99807],[35.32997,50.99628],[35.33218,50.99268],[35.35239,50.97425],[35.32576,50.94683],[35.33315,50.93467],[35.37243,50.93239],[35.36625,50.92573],[35.39264,50.92421],[35.40007,50.91415],[35.39686,50.90674],[35.40373,50.9028],[35.37989,50.89571],[35.40188,50.87948],[35.38238,50.87008],[35.40578,50.86304],[35.41912,50.84383],[35.41141,50.80256],[35.44967,50.78296],[35.47433,50.78464],[35.48871,50.7768],[35.4698,50.7466],[35.47428,50.74008],[35.46388,50.73497],[35.47315,50.72554],[35.45976,50.70474],[35.45946,50.68925],[35.47208,50.68041],[35.49619,50.67887],[35.48715,50.67065],[35.48584,50.65593],[35.46276,50.66631],[35.42702,50.65497],[35.40039,50.65636],[35.3929,50.65],[35.39208,50.64185],[35.41287,50.61346],[35.42104,50.61555],[35.41893,50.60923],[35.42568,50.60319],[35.39046,50.58001],[35.42787,50.56214],[35.43864,50.54313],[35.40576,50.55339],[35.39151,50.53794],[35.33278,50.54483],[35.31694,50.53749],[35.32178,50.52864],[35.3161,50.52756],[35.29449,50.54973],[35.29671,50.53009],[35.28021,50.52716],[35.27589,50.51912],[35.26314,50.51831],[35.26171,50.52271],[35.27405,50.52676],[35.26912,50.53632],[35.26061,50.53103],[35.24683,50.54131],[35.27305,50.54206],[35.2699,50.55293],[35.27917,50.56316],[35.26897,50.56652],[35.27587,50.56665],[35.2663,50.57442],[35.27339,50.57959],[35.24387,50.58675],[35.23255,50.57275],[35.19811,50.57703],[35.18822,50.57083],[35.15792,50.58121],[35.16369,50.58815],[35.15149,50.59137],[35.15374,50.59536],[35.18885,50.59075],[35.16818,50.59631],[35.16602,50.60689],[35.17911,50.61399],[35.17019,50.6193],[35.17717,50.62848],[35.17481,50.63503],[35.18979,50.63903]]]}},{"type":"Feature","properties":{"name":"Генічеський район","oblast":"Херсонська область","centroid":[34.4828,46.4549]},"geometry":{"type":"MultiPolygon","coordinates":[[[[34.94774,46.50705],[34.94687,46.51255],[34.8901,46.50696],[34.88487,46.53631],[34.89485,46.53717],[34.89071,46.56315],[34.75687,46.54935],[34.74827,46.58419],[34.7233,46.58147],[34.71276,46.62007],[34.75631,46.62698],[34.74618,46.68322],[34.6851,46.67703],[34.68083,46.69199],[34.63224,46.68762],[34.62523,46.72397],[34.66128,46.72716],[34.65869,46.74033],[34.73501,46.74734],[34.73517,46.75706],[34.75049,46.7579],[34.75014,46.78051],[34.76758,46.78091],[34.75813,46.82271],[34.81655,46.82845],[34.80468,46.88253],[34.75257,46.87954],[34.73644,46.96136],[34.68546,46.95586],[34.68097,46.97914],[34.62384,46.9734],[34.61748,46.99332],[34.59962,46.99177],[34.59166,47.02679],[34.56727,47.02449],[34.5535,47.10597],[34.40216,47.10123],[34.40758,47.07868],[34.34725,47.04846],[34.31565,47.02134],[34.32447,47.01611],[34.18173,46.88861],[34.19786,46.81143],[34.11128,46.802],[34.10767,46.81823],[34.04696,46.81187],[34.03365,46.81031],[34.03633,46.79432],[34.02448,46.79286],[34.03257,46.77506],[34.04983,46.66629],[34.06302,46.6609],[34.06439,46.6504],[33.98796,46.63992],[33.9909,46.62286],[33.97212,46.6207],[33.98266,46.57442],[33.99977,46.57647],[34.00326,46.55643],[33.98744,46.55437],[33.9903,46.53645],[34.07618,46.5441],[34.10879,46.5252],[34.12878,46.43219],[33.96205,46.41577],[33.96493,46.37052],[33.97166,46.37125],[33.97171,46.1412],[34.05264,46.10913],[34.08093,46.11756],[34.1175,46.10727],[34.18057,46.06828],[34.2338,46.05599],[34.259,46.05405],[34.32002,46.06821],[34.34717,46.05495],[34.40499,46.00929],[34.41318,45.98974],[34.44302,45.96181],[34.47622,45.94414],[34.49853,45.94256],[34.5109,45.94803],[34.56117,45.99438],[34.60114,45.99417],[34.62854,45.9864],[34.66991,45.96764],[34.75401,45.90884],[34.80217,45.90065],[34.79909,45.81046],[34.87616,45.79043],[34.95977,45.75657],[34.97507,45.76199],[34.9029,45.88132],[34.86891,45.95221],[34.84622,46.0231],[34.8268,46.13049],[34.8102,46.15899],[34.82057,46.1686],[34.82598,46.19363],[34.83537,46.20567],[34.89707,46.24052],[35.03817,46.26202],[35.0751,46.27814],[35.10192,46.30164],[35.07203,46.29957],[35.05675,46.37521],[35.0695,46.37944],[35.05468,46.48187],[35.0214,46.47895],[34.94774,46.50705]]],[[[35.27806,46.26458],[35.20097,46.16715],[35.16673,46.13703],[35.10883,46.11014],[34.98229,46.07772],[34.99413,46.09807],[34.99002,46.10426],[35.03064,46.12681],[35.02982,46.14138],[35.0381,46.14747],[35.13826,46.16213],[35.21318,46.1875],[35.22354,46.20297],[35.22267,46.22111],[35.24825,46.2351],[35.27806,46.26458]]]]}},{"type":"Feature","properties":{"name":"Охтирський район","oblast":"Сумська область","centroid":[34.9826,50.3974]},"geometry":{"type":"Polygon","coordinates":[[[35.43864,50.54313],[35.43654,50.52995],[35.4446,50.52929],[35.45709,50.50688],[35.47696,50.48851],[35.56355,50.45112],[35.57165,50.45648],[35.56131,50.45724],[35.56928,50.46491],[35.58609,50.44854],[35.58361,50.39511],[35.594,50.39298],[35.5975,50.3831],[35.61192,50.37463],[35.60156,50.36739],[35.62649,50.35198],[35.658,50.35115],[35.65384,50.34687],[35.68033,50.34262],[35.68237,50.34759],[35.69266,50.34563],[35.68866,50.33474],[35.67293,50.32553],[35.66036,50.32682],[35.65023,50.30975],[35.62333,50.32117],[35.6303,50.32444],[35.59393,50.33125],[35.57343,50.31981],[35.51592,50.31724],[35.53533,50.30201],[35.52445,50.29011],[35.50425,50.29984],[35.49636,50.29261],[35.45832,50.30961],[35.45959,50.31493],[35.43903,50.31689],[35.42349,50.33505],[35.40992,50.32097],[35.37909,50.32053],[35.38543,50.30592],[35.38223,50.29448],[35.33003,50.31865],[35.29652,50.28952],[35.32989,50.27412],[35.30008,50.26253],[35.26613,50.26529],[35.26045,50.25699],[35.26039,50.23443],[35.23761,50.23645],[35.23476,50.22808],[35.19788,50.23818],[35.19261,50.22822],[35.14808,50.24221],[35.10545,50.21448],[35.0701,50.20587],[35.07702,50.20043],[35.07288,50.19444],[35.03987,50.16473],[35.0296,50.16609],[35.03251,50.18027],[35.00895,50.18447],[35.00628,50.17777],[34.9643,50.1847],[34.97362,50.15849],[34.94036,50.15218],[34.8473,50.16565],[34.83295,50.15584],[34.79813,50.15957],[34.8007,50.15473],[34.74665,50.14465],[34.73987,50.14494],[34.74951,50.15775],[34.7345,50.16034],[34.72016,50.15086],[34.69986,50.14969],[34.70485,50.13416],[34.69422,50.12475],[34.70024,50.12079],[34.69827,50.11118],[34.6768,50.11107],[34.67536,50.12561],[34.68085,50.13088],[34.67682,50.1339],[34.66258,50.11498],[34.66548,50.11113],[34.65718,50.11084],[34.632,50.11218],[34.59311,50.12738],[34.58015,50.1285],[34.57293,50.12141],[34.54616,50.13248],[34.53756,50.15432],[34.52667,50.15426],[34.53442,50.17144],[34.52339,50.17735],[34.56021,50.20621],[34.57092,50.227],[34.56264,50.23629],[34.55955,50.228],[34.55513,50.23132],[34.55961,50.23719],[34.54341,50.24728],[34.52817,50.24914],[34.53455,50.24427],[34.52689,50.24029],[34.51431,50.24833],[34.51266,50.25413],[34.52361,50.25621],[34.51179,50.2744],[34.51989,50.28075],[34.45555,50.287],[34.3996,50.3185],[34.41066,50.33621],[34.37679,50.35874],[34.42508,50.38414],[34.4541,50.38548],[34.47288,50.39456],[34.48596,50.38841],[34.49362,50.39494],[34.48136,50.40081],[34.50669,50.43107],[34.51305,50.44998],[34.57744,50.44924],[34.58495,50.47013],[34.6235,50.4883],[34.63639,50.48664],[34.62951,50.49068],[34.6469,50.50117],[34.71222,50.51857],[34.7124,50.5271],[34.72013,50.52556],[34.7321,50.5393],[34.73431,50.55525],[34.7282,50.56945],[34.77407,50.56516],[34.78065,50.5852],[34.79792,50.59435],[34.79044,50.60035],[34.831,50.6092],[34.84696,50.62218],[34.86241,50.625],[34.88515,50.67105],[34.90606,50.67601],[34.91281,50.68639],[34.93873,50.69743],[34.93778,50.71506],[34.94608,50.71832],[34.92937,50.72326],[34.93366,50.73014],[34.92302,50.72836],[34.9285,50.74123],[34.91467,50.74894],[34.93444,50.74698],[34.95155,50.73303],[34.97385,50.74235],[34.97685,50.7536],[34.98128,50.73939],[35.01107,50.74179],[35.09206,50.71633],[35.08309,50.70839],[35.07549,50.7112],[35.07932,50.71383],[35.0457,50.71535],[35.04188,50.70839],[35.05624,50.71378],[35.05757,50.70762],[35.03184,50.70067],[35.04043,50.69955],[35.0377,50.69578],[35.02629,50.69612],[35.03002,50.70011],[35.02034,50.69565],[35.02596,50.67674],[35.04303,50.68291],[35.04295,50.68896],[35.06945,50.67025],[35.07818,50.68095],[35.1154,50.66838],[35.12998,50.67741],[35.14976,50.67906],[35.15385,50.68724],[35.16526,50.68442],[35.16961,50.67465],[35.18267,50.67496],[35.18009,50.6662],[35.19485,50.66594],[35.18057,50.66378],[35.20078,50.64766],[35.19024,50.64787],[35.18877,50.63738],[35.17481,50.63503],[35.17717,50.62848],[35.17019,50.6193],[35.17911,50.61399],[35.16602,50.60689],[35.16818,50.59631],[35.18885,50.59075],[35.1573,50.59558],[35.15149,50.59137],[35.16369,50.58815],[35.15792,50.58121],[35.18514,50.57103],[35.19811,50.57703],[35.23255,50.57275],[35.24387,50.58675],[35.27339,50.57959],[35.2663,50.57442],[35.27587,50.56665],[35.26897,50.56652],[35.27917,50.56316],[35.2699,50.55293],[35.27305,50.54206],[35.24683,50.54131],[35.26061,50.53103],[35.26912,50.53632],[35.27405,50.52676],[35.26171,50.52271],[35.26314,50.51831],[35.29489,50.52742],[35.2993,50.5403],[35.29449,50.54973],[35.3161,50.52756],[35.32178,50.52864],[35.31694,50.53749],[35.33278,50.54483],[35.39151,50.53794],[35.40576,50.55339],[35.43864,50.54313]]]}},{"type":"Feature","properties":{"name":"Калуський район","oblast":"Івано-Франківська область","centroid":[24.0298,48.8874]},"geometry":{"type":"Polygon","coordinates":[[[24.33334,49.17994],[24.28183,49.16839],[24.23389,49.14382],[24.2073,49.14845],[24.19794,49.13885],[24.21305,49.13337],[24.17182,49.14413],[24.16463,49.12766],[24.15528,49.12812],[24.14077,49.14222],[24.10998,49.14023],[24.08311,49.14885],[24.05846,49.14708],[24.02046,49.11728],[24.00423,49.12972],[23.96951,49.13793],[23.9616,49.12816],[23.93228,49.12168],[23.90449,49.0982],[23.87901,49.10379],[23.88043,49.10835],[23.82933,49.11355],[23.8029,49.10554],[23.78394,49.12008],[23.7755,49.1144],[23.76082,49.12234],[23.719,49.09379],[23.71164,49.10252],[23.69885,49.10113],[23.67733,49.07587],[23.68804,49.0659],[23.68131,49.06184],[23.67333,49.03621],[23.64875,49.02243],[23.63606,49.03158],[23.62181,49.02531],[23.62361,49.01338],[23.56584,48.97471],[23.58611,48.95458],[23.56147,48.91074],[23.57655,48.88829],[23.60655,48.88392],[23.60761,48.87611],[23.57643,48.86734],[23.56739,48.85401],[23.57475,48.8455],[23.56644,48.84209],[23.56512,48.82845],[23.55201,48.82187],[23.57915,48.78446],[23.55633,48.75821],[23.54708,48.72539],[23.592,48.71794],[23.59854,48.70521],[23.63018,48.70438],[23.63824,48.69864],[23.63723,48.68431],[23.67414,48.66526],[23.68716,48.64734],[23.70355,48.63913],[23.73281,48.63802],[23.74496,48.64659],[23.78898,48.64064],[23.79745,48.63265],[23.79405,48.61522],[23.78636,48.61064],[23.79664,48.60052],[23.79181,48.59217],[23.80401,48.58058],[23.83305,48.57605],[23.83231,48.56766],[23.8461,48.55921],[23.88139,48.55323],[23.90679,48.56297],[23.913,48.55523],[23.92892,48.5523],[23.91437,48.5338],[23.92479,48.513],[23.91637,48.50556],[23.91913,48.49325],[23.90838,48.48313],[23.91218,48.47289],[23.92505,48.46527],[23.96591,48.45843],[23.98068,48.4658],[23.97325,48.47695],[24.00181,48.50599],[24.03463,48.50131],[24.04646,48.51214],[24.06701,48.51761],[24.07708,48.51257],[24.08814,48.51981],[24.0886,48.52716],[24.10085,48.5249],[24.11031,48.53356],[24.12418,48.53414],[24.13342,48.54235],[24.10243,48.56486],[24.10505,48.5783],[24.09566,48.60774],[24.1105,48.6203],[24.10253,48.62835],[24.10191,48.64807],[24.14364,48.63948],[24.15167,48.6607],[24.17849,48.66792],[24.17361,48.67846],[24.19653,48.69316],[24.21242,48.6918],[24.22004,48.70347],[24.23789,48.7114],[24.23212,48.71842],[24.25864,48.72858],[24.24488,48.73399],[24.24911,48.73707],[24.24198,48.74198],[24.24455,48.75277],[24.28679,48.75488],[24.29087,48.76305],[24.29779,48.76197],[24.2913,48.77076],[24.30964,48.77842],[24.32218,48.80344],[24.33165,48.80784],[24.33579,48.82651],[24.35259,48.83905],[24.37179,48.87],[24.38313,48.86239],[24.39623,48.86398],[24.41688,48.88342],[24.41502,48.88862],[24.43867,48.9035],[24.49361,48.96125],[24.51483,48.96992],[24.51449,48.97762],[24.53661,48.99496],[24.52968,49.00789],[24.56491,49.01921],[24.5574,49.03074],[24.57189,49.03556],[24.53354,49.05144],[24.54609,49.06061],[24.53949,49.0637],[24.5552,49.07707],[24.55986,49.08944],[24.55169,49.09983],[24.55111,49.13958],[24.50349,49.16251],[24.51416,49.18211],[24.55955,49.18074],[24.57705,49.19379],[24.55099,49.19617],[24.54932,49.21178],[24.52896,49.22593],[24.51018,49.21658],[24.48927,49.22874],[24.47667,49.22359],[24.46176,49.23256],[24.44681,49.23068],[24.43399,49.21884],[24.43823,49.19813],[24.43168,49.19052],[24.43744,49.1765],[24.41641,49.16814],[24.38422,49.18933],[24.33334,49.17994]]]}},{"type":"Feature","properties":{"name":"Роменський район","oblast":"Сумська область","centroid":[33.661,50.7401]},"geometry":{"type":"Polygon","coordinates":[[[33.85247,50.99383],[33.84587,50.98353],[33.73303,50.98382],[33.71626,50.97948],[33.70417,50.96345],[33.6936,50.96395],[33.66028,50.97056],[33.67601,50.99274],[33.64554,51.00411],[33.63996,51.03243],[33.60864,51.02083],[33.58319,51.02304],[33.55503,51.04046],[33.50709,51.03246],[33.51305,51.00439],[33.50546,51.00345],[33.50564,50.99437],[33.51189,50.99264],[33.5083,50.9849],[33.47487,50.99283],[33.45205,50.9869],[33.44325,50.96707],[33.41546,50.96831],[33.41852,50.96305],[33.27998,50.98393],[33.20808,50.97261],[33.20031,50.96162],[33.1971,50.92023],[33.21093,50.90144],[33.19859,50.89094],[33.1809,50.89456],[33.17034,50.88802],[33.18357,50.86776],[33.17441,50.86607],[33.16954,50.85087],[33.18517,50.84869],[33.15537,50.8283],[33.16921,50.7995],[33.16438,50.7918],[33.15633,50.79226],[33.18989,50.74655],[33.20766,50.74763],[33.21221,50.73701],[33.24024,50.73235],[33.21409,50.72734],[33.21389,50.72167],[33.13602,50.71057],[33.15121,50.69364],[33.14677,50.65482],[33.11735,50.64778],[33.12157,50.63928],[33.10303,50.60243],[33.12305,50.59569],[33.101,50.59146],[33.09233,50.58433],[33.09713,50.57994],[33.07383,50.55666],[33.049,50.54084],[33.05984,50.52222],[33.10162,50.51741],[33.11871,50.50522],[33.12999,50.5122],[33.14633,50.51145],[33.15278,50.52136],[33.17263,50.52264],[33.19343,50.50785],[33.22123,50.50345],[33.23797,50.50999],[33.23427,50.51492],[33.2426,50.53894],[33.27636,50.55351],[33.3004,50.53514],[33.31766,50.533],[33.31883,50.52049],[33.37389,50.52119],[33.37497,50.4975],[33.41351,50.499],[33.41924,50.48275],[33.43379,50.47551],[33.43375,50.48446],[33.46416,50.49257],[33.47746,50.49014],[33.47812,50.48273],[33.48572,50.47988],[33.49497,50.49222],[33.50572,50.49272],[33.51362,50.48334],[33.53164,50.48026],[33.53867,50.48952],[33.5723,50.49473],[33.71744,50.46776],[33.73388,50.4585],[33.78655,50.46082],[33.78751,50.4777],[33.82997,50.48237],[33.82536,50.48824],[33.84444,50.49108],[33.85059,50.49922],[33.81632,50.50753],[33.812,50.51559],[33.89256,50.53356],[33.89699,50.52417],[33.91427,50.51416],[33.95505,50.54756],[34.00886,50.52113],[34.029,50.5062],[34.02813,50.49864],[34.04906,50.50936],[34.05804,50.50424],[34.06193,50.50816],[34.05373,50.51279],[34.06558,50.51614],[34.10292,50.5044],[34.09444,50.49029],[34.08214,50.48838],[34.09785,50.48104],[34.11024,50.48213],[34.12009,50.51003],[34.15878,50.52242],[34.20459,50.52422],[34.21956,50.53345],[34.246,50.52395],[34.23725,50.55374],[34.22644,50.55335],[34.22442,50.56832],[34.23249,50.56872],[34.22272,50.59828],[34.22734,50.60054],[34.18223,50.6363],[34.18338,50.64634],[34.15324,50.65739],[34.08098,50.70755],[34.11902,50.72814],[34.1279,50.73027],[34.14174,50.71879],[34.16389,50.73416],[34.14649,50.74415],[34.17818,50.76652],[34.16129,50.77594],[34.16198,50.79653],[34.14147,50.80077],[34.14239,50.80965],[34.16039,50.80898],[34.16882,50.8299],[34.18517,50.84104],[34.18164,50.847],[34.18755,50.85407],[34.18361,50.8696],[34.17035,50.88145],[34.12992,50.87114],[34.10322,50.9123],[34.09843,50.92392],[34.11176,50.92851],[34.1035,50.93481],[34.07163,50.9344],[34.07131,50.94405],[34.04683,50.94912],[34.06639,50.96602],[34.07239,50.98954],[34.08528,50.99698],[34.06869,51.01167],[34.04715,51.01478],[34.02072,51.04365],[34.02329,51.05042],[34.01319,51.0537],[34.01303,51.06617],[33.9717,51.07102],[33.9642,51.06674],[33.96868,51.04976],[33.9604,51.04926],[33.96947,51.03597],[33.94567,51.02519],[33.94378,51.01533],[33.92176,51.00362],[33.90955,51.00599],[33.89292,50.99007],[33.90367,50.98303],[33.85247,50.99383]]]}},{"type":"Feature","properties":{"name":"Конотопський район","oblast":"Сумська область","centroid":[33.5852,51.3054]},"geometry":{"type":"Polygon","coordinates":[[[33.25925,50.98068],[33.21536,50.97541],[33.20031,50.96162],[33.17987,50.95879],[33.137,50.96149],[33.13953,50.96761],[33.12154,50.99773],[33.12624,51.001],[33.11791,51.00671],[33.07809,50.99179],[33.07932,50.98082],[33.04968,50.9883],[33.04033,50.99219],[33.04986,51.01128],[33.08508,51.03747],[33.06014,51.0492],[33.07128,51.06221],[33.06932,51.0692],[33.03786,51.07178],[33.04089,51.08183],[32.96251,51.08848],[32.9553,51.08431],[32.9426,51.08969],[32.99282,51.14344],[32.96046,51.16268],[32.98634,51.18395],[32.97707,51.18826],[32.98853,51.19687],[33.04183,51.20569],[33.03901,51.2202],[33.0297,51.22733],[33.06882,51.25503],[33.06065,51.25694],[33.05825,51.26652],[33.07288,51.27546],[33.07383,51.28344],[33.06543,51.28367],[33.07624,51.29003],[33.06325,51.28627],[33.06494,51.29156],[33.04152,51.29176],[33.06223,51.2969],[33.04776,51.30172],[33.07684,51.31271],[33.07297,51.31579],[33.07899,51.32221],[33.0686,51.33185],[33.08096,51.33917],[33.06253,51.3473],[33.04198,51.34329],[33.03536,51.35808],[33.0405,51.36837],[33.01695,51.39605],[33.04504,51.40389],[33.04576,51.41043],[33.05655,51.4043],[33.03862,51.39099],[33.05904,51.38373],[33.06216,51.37053],[33.08589,51.37246],[33.10778,51.36599],[33.11039,51.38048],[33.0924,51.39001],[33.13296,51.38224],[33.13537,51.39961],[33.11862,51.40402],[33.13466,51.41668],[33.11299,51.42836],[33.12446,51.46059],[33.13593,51.46689],[33.13083,51.47876],[33.13631,51.4942],[33.1601,51.49498],[33.17785,51.50729],[33.19185,51.50638],[33.1932,51.51371],[33.18583,51.53718],[33.16691,51.54378],[33.17032,51.55354],[33.15723,51.55589],[33.15854,51.56937],[33.20735,51.57019],[33.22204,51.58017],[33.192,51.58354],[33.15456,51.60732],[33.15438,51.64195],[33.12861,51.64194],[33.12484,51.64848],[33.14708,51.66935],[33.14107,51.67832],[33.16894,51.67939],[33.18635,51.67227],[33.19204,51.67332],[33.18487,51.68203],[33.19927,51.68274],[33.22584,51.65374],[33.23643,51.66636],[33.25408,51.6631],[33.28886,51.67512],[33.28052,51.6812],[33.28625,51.68327],[33.3042,51.67517],[33.3415,51.68129],[33.35442,51.68813],[33.35589,51.69515],[33.39899,51.71745],[33.4651,51.71665],[33.46737,51.70884],[33.48141,51.70773],[33.48752,51.69974],[33.49036,51.70803],[33.51423,51.71127],[33.50598,51.70202],[33.54729,51.6844],[33.55579,51.67201],[33.57927,51.66175],[33.60488,51.67076],[33.64171,51.6444],[33.67716,51.64842],[33.68048,51.64088],[33.6627,51.63487],[33.73638,51.61093],[33.74283,51.58457],[33.72214,51.58285],[33.72372,51.57896],[33.74459,51.56329],[33.74265,51.55339],[33.75816,51.54247],[33.74922,51.53417],[33.77281,51.52827],[33.78351,51.51266],[33.80765,51.50737],[33.83453,51.51255],[33.84926,51.49641],[33.87128,51.49951],[33.85976,51.49356],[33.86327,51.48454],[33.88267,51.48796],[33.88597,51.49142],[33.87821,51.49255],[33.88459,51.49676],[33.89669,51.49682],[33.89439,51.48211],[33.87742,51.47631],[33.88661,51.46521],[33.87279,51.46337],[33.88,51.45414],[33.86765,51.45206],[33.87307,51.44324],[33.90565,51.44785],[33.90838,51.46256],[33.92886,51.46433],[33.95382,51.48126],[33.9545,51.46227],[33.97284,51.4617],[33.97032,51.46602],[33.9871,51.46924],[34.00072,51.4784],[34.00123,51.48637],[33.98701,51.49627],[33.98908,51.508],[33.97396,51.51966],[33.98998,51.51027],[33.99238,51.5322],[34.00099,51.52235],[34.02332,51.52818],[34.02629,51.51864],[34.04975,51.52077],[34.03952,51.53704],[34.05226,51.55003],[34.0645,51.52738],[34.07929,51.51692],[34.1123,51.51174],[34.1316,51.50034],[34.17531,51.5266],[34.19192,51.5167],[34.18586,51.50793],[34.18941,51.49546],[34.19875,51.48998],[34.22166,51.50086],[34.24379,51.50202],[34.29093,51.48678],[34.28136,51.47361],[34.26661,51.47508],[34.25732,51.46088],[34.24522,51.45666],[34.25476,51.43982],[34.24565,51.43682],[34.24713,51.43122],[34.22271,51.42843],[34.22797,51.42043],[34.22094,51.41702],[34.2277,51.39952],[34.24618,51.40232],[34.27187,51.38311],[34.28079,51.38986],[34.29247,51.38811],[34.2852,51.37468],[34.30552,51.37904],[34.30703,51.37353],[34.33644,51.36576],[34.33085,51.3615],[34.33844,51.35561],[34.31606,51.34291],[34.31513,51.32933],[34.30576,51.33629],[34.28719,51.33915],[34.28164,51.33472],[34.2897,51.32264],[34.28127,51.31847],[34.28228,51.31081],[34.27296,51.3149],[34.26663,51.29873],[34.25861,51.30219],[34.23764,51.29253],[34.25492,51.28219],[34.25177,51.27513],[34.23231,51.27365],[34.23023,51.26251],[34.20892,51.2593],[34.20526,51.25492],[34.21087,51.25265],[34.20068,51.24626],[34.18334,51.25133],[34.15617,51.24289],[34.15811,51.2368],[34.15028,51.23948],[34.15773,51.23491],[34.14515,51.23453],[34.14844,51.23014],[34.1389,51.21466],[34.14755,51.19717],[34.11934,51.17869],[34.11877,51.15458],[34.12673,51.15342],[34.12961,51.14163],[34.10804,51.14429],[34.07862,51.11974],[34.0691,51.09072],[34.01707,51.07959],[34.01745,51.06607],[33.96725,51.07082],[33.96408,51.0531],[33.96868,51.04976],[33.9604,51.04926],[33.96947,51.03597],[33.94567,51.02519],[33.94378,51.01533],[33.92176,51.00362],[33.90955,51.00599],[33.89292,50.99007],[33.90367,50.98303],[33.85247,50.99383],[33.84587,50.98353],[33.73303,50.98382],[33.71626,50.97948],[33.70417,50.96345],[33.6936,50.96395],[33.66028,50.97056],[33.67601,50.99274],[33.64554,51.00411],[33.63996,51.03243],[33.60864,51.02083],[33.58319,51.02304],[33.55503,51.04046],[33.50709,51.03246],[33.51305,51.00439],[33.50546,51.00345],[33.50564,50.99437],[33.51189,50.99264],[33.5083,50.9849],[33.47487,50.99283],[33.45205,50.9869],[33.44325,50.96707],[33.41546,50.96831],[33.41852,50.96305],[33.27998,50.98393],[33.25925,50.98068]]]}},{"type":"Feature","properties":{"name":"Шосткинський район","oblast":"Сумська область","centroid":[33.7669,51.9066]},"geometry":{"type":"Polygon","coordinates":[[[33.43582,51.71333],[33.43712,51.71782],[33.4651,51.71665],[33.46737,51.70884],[33.48141,51.70773],[33.48752,51.69974],[33.49036,51.70803],[33.51423,51.71127],[33.50598,51.70202],[33.54729,51.6844],[33.55579,51.67201],[33.57813,51.66215],[33.60488,51.67076],[33.64171,51.6444],[33.67716,51.64842],[33.68048,51.64088],[33.6627,51.63487],[33.73843,51.60921],[33.7353,51.60212],[33.74283,51.58457],[33.72214,51.58285],[33.74459,51.56329],[33.74417,51.55148],[33.75829,51.54224],[33.74922,51.53417],[33.77281,51.52827],[33.78489,51.51212],[33.80765,51.50737],[33.83453,51.51255],[33.84926,51.49641],[33.87128,51.49951],[33.85976,51.49356],[33.86327,51.48454],[33.88267,51.48796],[33.88597,51.49142],[33.87821,51.49255],[33.88459,51.49676],[33.89669,51.49682],[33.89439,51.48211],[33.87742,51.47631],[33.8865,51.47036],[33.88661,51.46521],[33.87279,51.46337],[33.88,51.45414],[33.86765,51.45206],[33.87116,51.44421],[33.88171,51.44256],[33.90565,51.44785],[33.90838,51.46256],[33.92886,51.46433],[33.95382,51.48126],[33.95728,51.46167],[33.97284,51.4617],[33.97032,51.46602],[33.99636,51.47502],[33.9997,51.49042],[33.98766,51.49549],[33.98908,51.508],[33.97396,51.51966],[33.98998,51.51027],[33.99238,51.5322],[34.00099,51.52235],[34.02332,51.52818],[34.02629,51.51864],[34.04975,51.52077],[34.03952,51.53704],[34.05226,51.55003],[34.0645,51.52738],[34.07929,51.51692],[34.1123,51.51174],[34.1316,51.50034],[34.17531,51.5266],[34.19192,51.5167],[34.18586,51.50793],[34.18941,51.49546],[34.19875,51.48998],[34.22166,51.50086],[34.24379,51.50202],[34.29093,51.48678],[34.2978,51.49306],[34.28998,51.51],[34.30616,51.51314],[34.30759,51.51942],[34.29565,51.5241],[34.29568,51.5327],[34.2597,51.53334],[34.25905,51.5483],[34.24975,51.55479],[34.25676,51.56015],[34.24481,51.56993],[34.24901,51.57698],[34.23745,51.5847],[34.2166,51.57466],[34.21119,51.6005],[34.18211,51.597],[34.17952,51.62519],[34.16712,51.64563],[34.12969,51.64277],[34.13036,51.64855],[34.11223,51.64909],[34.10463,51.66643],[34.09037,51.6615],[34.0807,51.66692],[34.12817,51.68957],[34.1601,51.68607],[34.19013,51.69755],[34.20497,51.6942],[34.21312,51.70306],[34.23409,51.69702],[34.29102,51.70507],[34.30899,51.72031],[34.3352,51.71368],[34.40025,51.71494],[34.43452,51.7305],[34.44048,51.74334],[34.43591,51.76477],[34.40928,51.78224],[34.4155,51.82583],[34.38998,51.83585],[34.38643,51.84435],[34.3692,51.84487],[34.3628,51.85901],[34.30366,51.88721],[34.27491,51.88823],[34.26308,51.87841],[34.24536,51.88167],[34.25894,51.8893],[34.25451,51.89409],[34.26149,51.90928],[34.21912,51.92039],[34.22567,51.9285],[34.20365,51.93982],[34.18961,51.96904],[34.14324,51.96806],[34.1292,51.98452],[34.14028,51.9996],[34.12445,52.00666],[34.09674,52.00485],[34.09197,52.03583],[34.10139,52.0415],[34.08277,52.05804],[34.08052,52.07042],[34.06228,52.07295],[34.09412,52.08505],[34.09987,52.09335],[34.08595,52.10877],[34.11078,52.12301],[34.11651,52.14104],[34.09042,52.15483],[34.07602,52.15472],[34.05931,52.1666],[34.05453,52.17158],[34.06509,52.18314],[34.05283,52.20139],[34.01634,52.2019],[33.99884,52.21099],[34.00063,52.22726],[33.98228,52.23435],[33.97456,52.23049],[33.9589,52.24056],[33.96108,52.2476],[33.93792,52.24983],[33.94478,52.28347],[33.92537,52.29518],[33.92118,52.305],[33.87509,52.30653],[33.83902,52.32036],[33.8553,52.33287],[33.83906,52.34692],[33.83647,52.36139],[33.78549,52.3666],[33.72451,52.35343],[33.71724,52.36281],[33.70816,52.36279],[33.6797,52.35584],[33.68149,52.34957],[33.66635,52.34424],[33.60396,52.33404],[33.57724,52.31835],[33.58182,52.31083],[33.54409,52.32413],[33.56467,52.31332],[33.55987,52.30226],[33.50455,52.30605],[33.48174,52.31387],[33.4915,52.33128],[33.51338,52.33398],[33.5184,52.35485],[33.45511,52.36531],[33.45213,52.35731],[33.43938,52.35294],[33.44681,52.34266],[33.42874,52.34568],[33.42271,52.33125],[33.40503,52.32166],[33.40187,52.31319],[33.38665,52.31569],[33.40213,52.30275],[33.38638,52.29695],[33.39405,52.29086],[33.38559,52.28889],[33.38293,52.27943],[33.38756,52.27881],[33.37718,52.27545],[33.38467,52.27441],[33.37981,52.2717],[33.38617,52.26749],[33.36491,52.25219],[33.35886,52.25808],[33.36105,52.24606],[33.36838,52.24391],[33.36243,52.23716],[33.36707,52.2327],[33.3519,52.22005],[33.33096,52.21453],[33.32379,52.22164],[33.31679,52.2166],[33.32785,52.21147],[33.33146,52.20178],[33.31024,52.1848],[33.33712,52.16165],[33.32369,52.13616],[33.34198,52.13523],[33.32894,52.13994],[33.32857,52.14574],[33.3394,52.14693],[33.41729,52.12299],[33.41012,52.11575],[33.43342,52.10943],[33.44495,52.09742],[33.4384,52.08786],[33.49066,52.0829],[33.49974,52.08923],[33.50004,52.03832],[33.46472,52.03858],[33.42872,52.02573],[33.41057,52.03361],[33.40206,52.05143],[33.36541,52.03985],[33.35503,52.03061],[33.31722,52.0319],[33.31319,52.02567],[33.318,52.01747],[33.3045,52.01277],[33.34892,51.99882],[33.35016,51.98383],[33.37061,51.97922],[33.37205,51.97069],[33.38407,51.9718],[33.39626,51.9599],[33.39424,51.95453],[33.37138,51.95295],[33.37169,51.9463],[33.3598,51.94507],[33.3552,51.93099],[33.29651,51.93454],[33.2916,51.92388],[33.26472,51.9192],[33.25214,51.92627],[33.24559,51.92063],[33.24982,51.91728],[33.23886,51.91599],[33.23492,51.9093],[33.2202,51.91324],[33.22087,51.90497],[33.21343,51.9129],[33.18768,51.91248],[33.18405,51.90332],[33.17165,51.90172],[33.17992,51.88594],[33.14432,51.87771],[33.14375,51.87265],[33.13385,51.87143],[33.13432,51.86249],[33.12348,51.86352],[33.1319,51.85613],[33.1248,51.85471],[33.1229,51.84505],[33.12923,51.84596],[33.12886,51.83489],[33.14459,51.82836],[33.14682,51.81617],[33.12218,51.81053],[33.10075,51.78901],[33.10238,51.78206],[33.09047,51.78526],[33.0922,51.78143],[33.07854,51.7758],[33.08493,51.76905],[33.09199,51.77456],[33.10312,51.74642],[33.14034,51.72547],[33.1346,51.72216],[33.15528,51.70333],[33.17048,51.69967],[33.16495,51.69165],[33.1439,51.69108],[33.14727,51.6835],[33.16521,51.68238],[33.18468,51.67227],[33.19204,51.67332],[33.18487,51.68203],[33.19927,51.68274],[33.22584,51.65374],[33.23643,51.66636],[33.25408,51.6631],[33.28886,51.67512],[33.28052,51.6812],[33.28625,51.68327],[33.3042,51.67517],[33.3415,51.68129],[33.35442,51.68813],[33.35589,51.69515],[33.39899,51.71745],[33.43582,51.71333]]]}},{"type":"Feature","properties":{"name":"Богодухівський район","oblast":"Харківська область","centroid":[35.5179,50.0616]},"geometry":{"type":"Polygon","coordinates":[[[35.31872,50.3135],[35.33003,50.31865],[35.38223,50.29448],[35.38543,50.30592],[35.37909,50.32053],[35.40992,50.32097],[35.42349,50.33505],[35.43903,50.31689],[35.45959,50.31493],[35.45832,50.30961],[35.49636,50.29261],[35.50425,50.29984],[35.52445,50.29011],[35.53123,50.29354],[35.53533,50.30201],[35.51592,50.31724],[35.57343,50.31981],[35.59393,50.33125],[35.6303,50.32444],[35.62333,50.32117],[35.65023,50.30975],[35.66036,50.32682],[35.67329,50.32567],[35.68866,50.33474],[35.69266,50.34563],[35.65384,50.34687],[35.658,50.35115],[35.73872,50.3546],[35.80271,50.39792],[35.8068,50.41103],[35.79284,50.41581],[35.83196,50.43385],[35.83514,50.42471],[35.85491,50.42945],[35.87253,50.42265],[35.8893,50.43911],[35.93612,50.43079],[36.00391,50.44584],[36.06826,50.45111],[36.06955,50.44624],[36.08608,50.44849],[36.16064,50.43154],[36.17696,50.40159],[36.10508,50.36532],[36.12169,50.36554],[36.13644,50.35232],[36.15166,50.35798],[36.17238,50.34571],[36.1728,50.33415],[36.15069,50.33101],[36.16362,50.32881],[36.15092,50.32631],[36.16132,50.32429],[36.1584,50.31733],[36.16859,50.30736],[36.16344,50.30029],[36.17521,50.29648],[36.17597,50.28783],[36.14999,50.27754],[36.15079,50.26967],[36.12076,50.24986],[36.12096,50.2407],[36.10105,50.23713],[36.09301,50.24709],[36.08562,50.24373],[36.08382,50.23912],[36.09575,50.2362],[36.09307,50.22493],[36.03671,50.2116],[36.07249,50.20137],[36.07767,50.17998],[36.03641,50.18143],[36.01301,50.13298],[35.98676,50.13591],[35.98555,50.11581],[35.9956,50.11389],[35.99525,50.10838],[35.94145,50.11117],[35.93649,50.10108],[35.94519,50.09937],[35.94386,50.09255],[35.91613,50.09725],[35.91527,50.08516],[35.904,50.08953],[35.88892,50.07984],[35.86875,50.08321],[35.86768,50.07762],[35.85732,50.08244],[35.85144,50.09968],[35.84434,50.09895],[35.84198,50.11705],[35.82493,50.12105],[35.81589,50.11534],[35.82177,50.09747],[35.83242,50.09035],[35.82747,50.07474],[35.8342,50.06564],[35.8447,50.0638],[35.82208,50.05987],[35.8281,50.05597],[35.79835,50.04401],[35.81034,50.04464],[35.81286,50.03481],[35.79405,50.03498],[35.7796,50.01734],[35.79769,50.0224],[35.79247,50.01608],[35.80359,50.01399],[35.80252,50.00212],[35.82845,50.0019],[35.83458,49.99595],[35.82195,49.99135],[35.80986,49.99698],[35.80698,49.98527],[35.81702,49.98095],[35.81369,49.97099],[35.79264,49.95141],[35.75513,49.94393],[35.79198,49.94013],[35.78669,49.94919],[35.79541,49.94916],[35.81439,49.94143],[35.79866,49.93607],[35.80337,49.92591],[35.81872,49.93676],[35.82751,49.93331],[35.82488,49.92385],[35.86228,49.91696],[35.8629,49.91056],[35.87314,49.91596],[35.86793,49.90331],[35.87578,49.90086],[35.86763,49.8909],[35.8742,49.88308],[35.86813,49.88456],[35.86632,49.87719],[35.8734,49.8747],[35.86654,49.86818],[35.84771,49.86865],[35.82437,49.85883],[35.82181,49.83563],[35.83879,49.83258],[35.8223,49.82352],[35.82098,49.81308],[35.77039,49.81826],[35.77983,49.8251],[35.75922,49.83662],[35.75957,49.83196],[35.73668,49.82598],[35.70179,49.82384],[35.69838,49.80094],[35.71082,49.80057],[35.70848,49.79146],[35.71424,49.79054],[35.70774,49.77523],[35.68519,49.78188],[35.67364,49.76235],[35.65466,49.75179],[35.66358,49.74468],[35.67375,49.74939],[35.67892,49.74431],[35.6758,49.72381],[35.69902,49.70634],[35.66355,49.69167],[35.66106,49.69603],[35.62222,49.69116],[35.61807,49.65694],[35.57234,49.64581],[35.53722,49.64871],[35.52894,49.66208],[35.5081,49.66894],[35.49349,49.66558],[35.48331,49.67182],[35.46993,49.66438],[35.46441,49.67399],[35.43337,49.67345],[35.34451,49.66517],[35.33015,49.68203],[35.26416,49.68516],[35.24366,49.69352],[35.25638,49.70885],[35.24273,49.71289],[35.26442,49.71659],[35.25936,49.73343],[35.22298,49.73664],[35.20771,49.74674],[35.2054,49.75648],[35.21227,49.77159],[35.20601,49.78192],[35.21145,49.78909],[35.19959,49.80045],[35.22219,49.80704],[35.21552,49.81757],[35.21937,49.82965],[35.14006,49.8597],[35.11914,49.85136],[35.09454,49.85917],[35.06797,49.85863],[35.04654,49.87232],[35.05604,49.87368],[35.05409,49.88057],[35.06376,49.88536],[35.03376,49.88734],[35.01429,49.87598],[34.98035,49.88978],[34.97051,49.88525],[34.93942,49.90348],[34.91246,49.93527],[34.8931,49.93212],[34.85947,49.94963],[34.87026,49.95733],[34.85631,49.98702],[34.93808,50.06182],[34.96489,50.07461],[34.95589,50.09329],[34.93737,50.09571],[34.93279,50.13471],[34.94036,50.15218],[34.97362,50.15849],[34.96214,50.18458],[35.00628,50.17777],[35.00895,50.18447],[35.03251,50.18027],[35.0296,50.16609],[35.03987,50.16473],[35.07288,50.19444],[35.07702,50.20043],[35.0701,50.20587],[35.10545,50.21448],[35.14808,50.24221],[35.19261,50.22822],[35.19788,50.23818],[35.23476,50.22808],[35.23761,50.23645],[35.26039,50.23443],[35.26045,50.25699],[35.26613,50.26529],[35.30008,50.26253],[35.32989,50.27412],[35.29652,50.28952],[35.31872,50.3135]]]}},{"type":"Feature","properties":{"name":"Харківський район","oblast":"Харківська область","centroid":[36.1853,49.9941]},"geometry":{"type":"Polygon","coordinates":[[[35.96797,49.76315],[35.96847,49.75432],[35.98623,49.73661],[36.03459,49.72343],[36.00005,49.71152],[36.01081,49.70221],[36.05059,49.70548],[36.06619,49.70247],[36.07369,49.69446],[36.07338,49.67192],[36.03883,49.67377],[36.0416,49.66165],[36.05623,49.65146],[36.06619,49.61641],[36.03452,49.61737],[35.96592,49.63261],[35.95656,49.61845],[35.866,49.5816],[35.84656,49.59785],[35.85403,49.60887],[35.84746,49.6181],[35.8513,49.62494],[35.83165,49.64792],[35.83125,49.64096],[35.81793,49.6362],[35.79025,49.63542],[35.78319,49.62143],[35.76853,49.61711],[35.74291,49.62653],[35.74911,49.63755],[35.74615,49.64419],[35.71299,49.65151],[35.71031,49.65703],[35.71549,49.65805],[35.7123,49.66351],[35.72286,49.66563],[35.71718,49.67549],[35.74708,49.69371],[35.72154,49.7008],[35.70834,49.69688],[35.6758,49.72381],[35.67892,49.74431],[35.67375,49.74939],[35.66358,49.74468],[35.65466,49.75179],[35.67364,49.76235],[35.68519,49.78188],[35.70774,49.77523],[35.71424,49.79054],[35.70848,49.79146],[35.71082,49.80057],[35.69838,49.80094],[35.70179,49.82384],[35.73668,49.82598],[35.75957,49.83196],[35.75922,49.83662],[35.77983,49.8251],[35.77039,49.81826],[35.82098,49.81308],[35.8223,49.82352],[35.83879,49.83258],[35.82181,49.83563],[35.82437,49.85883],[35.84771,49.86865],[35.86654,49.86818],[35.8734,49.8747],[35.86632,49.87719],[35.86813,49.88456],[35.8742,49.88308],[35.86763,49.8909],[35.87578,49.90086],[35.86793,49.90331],[35.87314,49.91596],[35.8629,49.91056],[35.86228,49.91696],[35.82488,49.92385],[35.82751,49.93331],[35.81872,49.93676],[35.80337,49.92591],[35.79866,49.93607],[35.81439,49.94143],[35.79541,49.94916],[35.78669,49.94919],[35.79198,49.94013],[35.75513,49.94393],[35.79264,49.95141],[35.81369,49.97099],[35.81702,49.98095],[35.80698,49.98527],[35.80986,49.99698],[35.82195,49.99135],[35.83458,49.99595],[35.82845,50.0019],[35.80252,50.00212],[35.80359,50.01399],[35.79247,50.01608],[35.79769,50.0224],[35.7796,50.01734],[35.79405,50.03498],[35.81286,50.03481],[35.81034,50.04464],[35.79835,50.04401],[35.8281,50.05597],[35.82208,50.05987],[35.8447,50.0638],[35.8342,50.06564],[35.82747,50.07474],[35.83242,50.09035],[35.82177,50.09747],[35.81589,50.11534],[35.82493,50.12105],[35.84198,50.11705],[35.84434,50.09895],[35.85144,50.09968],[35.85732,50.08244],[35.86768,50.07762],[35.86875,50.08321],[35.88892,50.07984],[35.904,50.08953],[35.91527,50.08516],[35.91613,50.09725],[35.94386,50.09255],[35.94519,50.09937],[35.93649,50.10108],[35.94145,50.11117],[35.99525,50.10838],[35.9956,50.11389],[35.98555,50.11581],[35.98676,50.13591],[36.01301,50.13298],[36.03641,50.18143],[36.07767,50.17998],[36.07249,50.20137],[36.03671,50.2116],[36.09307,50.22493],[36.09575,50.2362],[36.08382,50.23912],[36.08562,50.24373],[36.09301,50.24709],[36.10105,50.23713],[36.12096,50.2407],[36.12076,50.24986],[36.15079,50.26967],[36.14999,50.27754],[36.17597,50.28783],[36.17521,50.29648],[36.16344,50.30029],[36.16859,50.30736],[36.1584,50.31733],[36.16132,50.32429],[36.15092,50.32631],[36.16362,50.32881],[36.15069,50.33101],[36.1728,50.33415],[36.17238,50.34571],[36.15166,50.35798],[36.13644,50.35232],[36.12169,50.36554],[36.10508,50.36532],[36.18452,50.40641],[36.20554,50.3943],[36.23367,50.36359],[36.28385,50.33555],[36.27397,50.32412],[36.28046,50.32311],[36.27639,50.31632],[36.28607,50.29865],[36.29878,50.29944],[36.2957,50.29179],[36.36421,50.28749],[36.37954,50.2926],[36.37572,50.29998],[36.40673,50.31081],[36.43345,50.33064],[36.43998,50.31106],[36.48778,50.31156],[36.5009,50.29913],[36.52662,50.29358],[36.52418,50.28627],[36.55585,50.28161],[36.58476,50.28612],[36.59343,50.27802],[36.59077,50.27076],[36.56054,50.25072],[36.61302,50.22378],[36.6188,50.22706],[36.64795,50.21766],[36.66341,50.22184],[36.65653,50.21657],[36.66002,50.20877],[36.67065,50.21129],[36.70455,50.19641],[36.68923,50.18975],[36.70405,50.18129],[36.68856,50.16909],[36.67269,50.16863],[36.68384,50.15933],[36.7025,50.15892],[36.66879,50.14764],[36.69134,50.12731],[36.6788,50.11506],[36.66557,50.11183],[36.67055,50.10347],[36.64981,50.1017],[36.63443,50.10995],[36.62498,50.09744],[36.60112,50.10199],[36.58388,50.09604],[36.56797,50.0983],[36.54941,50.08066],[36.55094,50.06504],[36.56728,50.03558],[36.60288,50.03402],[36.62322,50.02343],[36.62936,50.0109],[36.6456,50.0057],[36.63839,49.9983],[36.6254,49.99987],[36.62457,49.99054],[36.64717,49.96745],[36.60213,49.93728],[36.60899,49.93174],[36.60201,49.9213],[36.58848,49.91725],[36.57156,49.92262],[36.56192,49.90461],[36.53939,49.90957],[36.53383,49.88624],[36.46147,49.8803],[36.45027,49.87074],[36.45253,49.86375],[36.43268,49.86929],[36.40886,49.81399],[36.42201,49.79739],[36.3814,49.79014],[36.3663,49.79765],[36.33413,49.79232],[36.32137,49.80071],[36.32691,49.80785],[36.32117,49.81887],[36.30494,49.8249],[36.29485,49.82175],[36.28055,49.83172],[36.28552,49.82182],[36.24393,49.82078],[36.23114,49.81327],[36.21079,49.81235],[36.16963,49.82616],[36.12919,49.80624],[36.12016,49.78613],[36.14907,49.78772],[36.16025,49.77751],[36.15087,49.7607],[36.13321,49.75507],[36.08356,49.76981],[36.0601,49.76352],[36.05526,49.75626],[36.03663,49.76352],[36.02568,49.75734],[35.97455,49.75957],[35.97528,49.74958],[35.96797,49.76315]]]}},{"type":"Feature","properties":{"name":"Берестинський район","oblast":"Харківська область","centroid":[35.6644,49.2843]},"geometry":{"type":"Polygon","coordinates":[[[35.21092,49.1243],[35.22828,49.12668],[35.18977,49.13825],[35.18979,49.14782],[35.20999,49.15105],[35.18722,49.16279],[35.16011,49.16063],[35.144,49.15006],[35.12237,49.16443],[35.09531,49.15543],[35.0869,49.14968],[35.09154,49.14288],[35.08654,49.14135],[35.07582,49.14909],[35.08062,49.16123],[35.07189,49.15929],[35.06938,49.16533],[35.0756,49.17015],[35.05312,49.17699],[35.04325,49.15529],[35.01789,49.15077],[34.98037,49.25019],[35.00637,49.30203],[35.0112,49.30043],[35.02391,49.31709],[35.019,49.31836],[35.02411,49.3256],[35.03669,49.33183],[35.07638,49.31808],[35.09124,49.30061],[35.24175,49.29703],[35.26293,49.28894],[35.25857,49.28225],[35.27166,49.27712],[35.28816,49.2965],[35.27914,49.31819],[35.37532,49.39822],[35.348,49.40482],[35.36389,49.44697],[35.31578,49.45546],[35.33168,49.50491],[35.4617,49.48368],[35.4813,49.48407],[35.48455,49.4909],[35.4908,49.50786],[35.48459,49.51651],[35.42866,49.52666],[35.43345,49.54007],[35.42499,49.54133],[35.42681,49.54962],[35.40494,49.55537],[35.40998,49.56154],[35.47529,49.56584],[35.48568,49.57201],[35.45233,49.63053],[35.42564,49.65604],[35.42387,49.66368],[35.43427,49.66596],[35.43337,49.67345],[35.46441,49.67399],[35.46993,49.66438],[35.48331,49.67182],[35.49349,49.66558],[35.5081,49.66894],[35.52894,49.66208],[35.53722,49.64871],[35.57234,49.64581],[35.61807,49.65694],[35.62222,49.69116],[35.66106,49.69603],[35.66355,49.69167],[35.69902,49.70634],[35.70834,49.69688],[35.72154,49.7008],[35.74708,49.69371],[35.71718,49.67549],[35.72286,49.66563],[35.7123,49.66351],[35.71549,49.65805],[35.71031,49.65703],[35.71299,49.65151],[35.74615,49.64419],[35.74911,49.63755],[35.74291,49.62653],[35.76853,49.61711],[35.78319,49.62143],[35.79025,49.63542],[35.81793,49.6362],[35.83125,49.64096],[35.83165,49.64792],[35.8513,49.62494],[35.84746,49.6181],[35.85403,49.60887],[35.84656,49.59785],[35.866,49.5816],[35.95656,49.61845],[35.96592,49.63261],[36.03452,49.61737],[36.07407,49.61569],[36.07937,49.60297],[36.12066,49.58811],[36.07816,49.56488],[36.06864,49.54201],[36.0826,49.51604],[36.07797,49.50502],[35.98489,49.5042],[35.98057,49.46173],[35.9972,49.45622],[35.98437,49.40631],[36.00034,49.39839],[35.99465,49.384],[36.00522,49.38252],[36.00158,49.36972],[36.00967,49.36925],[36.00959,49.35563],[36.02515,49.3551],[36.02689,49.3444],[36.04062,49.34727],[36.02867,49.31183],[36.07332,49.28332],[36.06087,49.25659],[36.13034,49.25211],[36.13577,49.24565],[36.14032,49.22606],[36.12956,49.22617],[36.13029,49.21596],[36.14177,49.21479],[36.13676,49.19613],[36.16238,49.19778],[36.17105,49.13371],[36.16167,49.13172],[36.16588,49.10972],[36.25536,49.12681],[36.27168,49.10372],[36.26071,49.09687],[36.24824,49.09871],[36.23829,49.08782],[36.20396,49.07913],[36.19913,49.07229],[36.18623,49.07523],[36.15924,49.06843],[36.12969,49.04982],[36.10747,49.05092],[36.10904,49.04257],[36.08436,49.02684],[36.06973,49.00688],[36.05074,49.00201],[36.05202,48.99147],[36.04181,48.99168],[36.04723,48.9861],[36.03418,48.97976],[36.01614,48.98078],[36.00406,48.99114],[35.99736,48.98618],[35.99069,49.00076],[35.98338,49.00326],[35.95327,48.99764],[35.9453,49.00356],[35.93521,48.99504],[35.93836,48.98688],[35.93067,48.97976],[35.94257,48.97712],[35.93878,48.9713],[35.92927,48.97488],[35.91467,48.96822],[35.88386,48.97521],[35.87906,48.9627],[35.85512,48.95778],[35.85672,48.94505],[35.8296,48.95015],[35.81994,48.94017],[35.81004,48.94114],[35.81507,48.92972],[35.80744,48.92718],[35.79179,48.93452],[35.80053,48.9422],[35.78953,48.94642],[35.78911,48.95442],[35.77524,48.94861],[35.76018,48.95547],[35.7599,48.94898],[35.75229,48.94667],[35.74047,48.94929],[35.73626,48.96573],[35.7242,48.96656],[35.71178,48.95757],[35.71296,48.94919],[35.69762,48.94861],[35.696,48.94276],[35.69024,48.95009],[35.69563,48.95372],[35.69512,48.96716],[35.67354,48.97229],[35.66418,48.96813],[35.66037,48.97453],[35.64794,48.9737],[35.64367,48.96656],[35.62853,48.96717],[35.62668,48.98318],[35.60318,48.98103],[35.58465,48.98725],[35.57292,48.97356],[35.57034,48.97855],[35.56104,48.97369],[35.50943,48.98423],[35.48495,48.97274],[35.48856,48.98021],[35.45824,48.98812],[35.45915,48.99724],[35.43615,49.00443],[35.43874,49.01118],[35.40865,49.01305],[35.40001,49.01902],[35.40632,49.02654],[35.40125,49.03045],[35.3864,49.02678],[35.36543,49.04062],[35.34209,49.04556],[35.33796,49.04971],[35.34432,49.05406],[35.33476,49.0613],[35.30189,49.06939],[35.31271,49.07767],[35.30697,49.09197],[35.28295,49.09075],[35.28087,49.0964],[35.27592,49.09075],[35.25784,49.11339],[35.23761,49.11411],[35.22826,49.1006],[35.18984,49.11076],[35.19755,49.11818],[35.20824,49.11777],[35.21092,49.1243]]]}},{"type":"Feature","properties":{"name":"Чугуївський район","oblast":"Харківська область","centroid":[36.7826,49.9326]},"geometry":{"type":"Polygon","coordinates":[[[37.1485,49.8257],[37.11379,49.79042],[37.07685,49.79796],[37.06681,49.7717],[37.04478,49.78058],[37.03997,49.786],[37.04509,49.78644],[37.04372,49.79305],[37.02345,49.80367],[37.01246,49.78745],[36.96454,49.77251],[36.96806,49.7641],[36.97406,49.76654],[36.99158,49.72608],[37.00014,49.72605],[36.99848,49.71478],[37.02453,49.71207],[36.98567,49.67134],[36.96752,49.66081],[36.98162,49.64971],[36.97488,49.64295],[36.94101,49.62685],[36.93409,49.63239],[36.9198,49.59985],[36.88566,49.59038],[36.88192,49.60209],[36.85325,49.60678],[36.85584,49.63677],[36.80054,49.63631],[36.7989,49.619],[36.75963,49.60891],[36.75715,49.59972],[36.70213,49.58787],[36.70019,49.56971],[36.62228,49.58865],[36.60537,49.56436],[36.57976,49.55728],[36.56646,49.54468],[36.52736,49.55106],[36.49999,49.5241],[36.48004,49.53385],[36.43747,49.53675],[36.45043,49.53166],[36.43269,49.52929],[36.43166,49.51372],[36.47571,49.50867],[36.47621,49.50414],[36.48562,49.51914],[36.51672,49.50409],[36.52535,49.48382],[36.50954,49.48303],[36.5086,49.46402],[36.4781,49.47578],[36.43588,49.45874],[36.38348,49.46866],[36.38281,49.5069],[36.36935,49.50778],[36.35646,49.52083],[36.33945,49.52015],[36.33827,49.52622],[36.27566,49.54255],[36.25717,49.53841],[36.24048,49.50239],[36.21082,49.51211],[36.19657,49.50966],[36.18256,49.51978],[36.18018,49.53548],[36.17313,49.53681],[36.13436,49.53861],[36.13226,49.51667],[36.08222,49.51699],[36.06864,49.54201],[36.07816,49.56488],[36.12066,49.58811],[36.07937,49.60297],[36.07407,49.61569],[36.06619,49.61641],[36.05623,49.65146],[36.03962,49.66432],[36.03883,49.67377],[36.07338,49.67192],[36.07369,49.69446],[36.06619,49.70247],[36.05059,49.70548],[36.01081,49.70221],[36.00005,49.71152],[36.03459,49.72343],[35.98623,49.73661],[35.96706,49.75818],[35.97212,49.76303],[35.97528,49.74958],[35.97377,49.75934],[35.98709,49.76191],[36.02568,49.75734],[36.03663,49.76352],[36.05526,49.75626],[36.0601,49.76352],[36.08356,49.76981],[36.12819,49.75519],[36.15081,49.76067],[36.16009,49.77633],[36.15804,49.78394],[36.12016,49.78613],[36.13002,49.8073],[36.16963,49.82616],[36.21079,49.81235],[36.23114,49.81327],[36.24393,49.82078],[36.28552,49.82182],[36.28055,49.83172],[36.29485,49.82175],[36.30494,49.8249],[36.32117,49.81887],[36.32691,49.80785],[36.32137,49.80071],[36.33413,49.79232],[36.36552,49.79766],[36.37972,49.79026],[36.41256,49.79384],[36.42356,49.7986],[36.40886,49.81399],[36.43268,49.86929],[36.45253,49.86375],[36.45027,49.87074],[36.46147,49.8803],[36.53338,49.88607],[36.53939,49.90957],[36.56192,49.90461],[36.57156,49.92262],[36.58848,49.91725],[36.60201,49.9213],[36.60899,49.93174],[36.60213,49.93728],[36.64717,49.96745],[36.62457,49.99054],[36.6254,49.99987],[36.63839,49.9983],[36.6456,50.0057],[36.62936,50.0109],[36.62322,50.02343],[36.60288,50.03402],[36.56728,50.03558],[36.55094,50.06504],[36.54941,50.08066],[36.56797,50.0983],[36.58388,50.09604],[36.60112,50.10199],[36.62498,50.09744],[36.63443,50.10995],[36.64981,50.1017],[36.65827,50.10636],[36.66988,50.10322],[36.66557,50.11183],[36.6876,50.12186],[36.69134,50.12731],[36.68325,50.12971],[36.68592,50.13605],[36.66879,50.14764],[36.7025,50.15892],[36.68384,50.15933],[36.67269,50.16863],[36.68856,50.16909],[36.70405,50.18129],[36.68923,50.18975],[36.70455,50.19641],[36.67065,50.21129],[36.66002,50.20877],[36.65653,50.21657],[36.67958,50.23773],[36.68881,50.26732],[36.70381,50.26471],[36.71988,50.27732],[36.74873,50.28031],[36.74953,50.28811],[36.77205,50.28956],[36.76419,50.29196],[36.76809,50.30174],[36.83313,50.31319],[36.87001,50.33615],[36.93759,50.35028],[37.04503,50.34499],[37.10541,50.35157],[37.10173,50.35814],[37.13919,50.36098],[37.15108,50.35631],[37.29225,50.4011],[37.31102,50.42701],[37.32997,50.43627],[37.41276,50.43305],[37.47694,50.45948],[37.4905,50.45736],[37.48489,50.43127],[37.4654,50.43107],[37.46659,50.38023],[37.48496,50.35676],[37.50586,50.35205],[37.52143,50.33625],[37.53544,50.33352],[37.52917,50.31733],[37.41994,50.28967],[37.42477,50.25416],[37.41099,50.24926],[37.40233,50.23541],[37.38621,50.23712],[37.3687,50.22343],[37.37726,50.18424],[37.36488,50.17945],[37.3496,50.18866],[37.3189,50.1807],[37.32213,50.17108],[37.30801,50.15336],[37.29149,50.15059],[37.30437,50.1371],[37.26851,50.12572],[37.28044,50.11683],[37.2713,50.11119],[37.24369,50.10751],[37.19722,50.12618],[37.17368,50.11749],[37.14972,50.09849],[37.18786,50.0772],[37.18417,50.06709],[37.16911,50.06713],[37.15791,50.0434],[37.16564,50.03085],[37.16213,50.01284],[37.14943,50.00588],[37.16032,49.9999],[37.15272,49.98979],[37.17585,49.97955],[37.13504,49.94717],[37.17673,49.94162],[37.17858,49.91705],[37.18453,49.91657],[37.18929,49.83855],[37.17451,49.83913],[37.1485,49.8257]]]}},{"type":"Feature","properties":{"name":"Лозівський район","oblast":"Харківська область","centroid":[36.3696,49.0411]},"geometry":{"type":"Polygon","coordinates":[[[35.98564,49.41106],[35.98613,49.40113],[36.00034,49.39839],[35.99465,49.384],[36.00522,49.38252],[36.00158,49.36972],[36.00967,49.36925],[36.00959,49.35563],[36.02515,49.3551],[36.02689,49.3444],[36.0414,49.34553],[36.02867,49.31183],[36.07332,49.28332],[36.06087,49.25659],[36.13034,49.25211],[36.13577,49.24565],[36.14032,49.22606],[36.12956,49.22617],[36.13029,49.21596],[36.14177,49.21479],[36.13676,49.19613],[36.16238,49.19778],[36.17105,49.13371],[36.16167,49.13172],[36.16588,49.10972],[36.25536,49.12681],[36.27168,49.10372],[36.26071,49.09687],[36.24824,49.09871],[36.23829,49.08782],[36.20396,49.07913],[36.19913,49.07229],[36.18623,49.07523],[36.15924,49.06843],[36.12969,49.04982],[36.10747,49.05092],[36.10904,49.04257],[36.08436,49.02684],[36.06973,49.00688],[36.05074,49.00201],[36.05202,48.99147],[36.04181,48.99168],[36.04723,48.9861],[36.03418,48.97976],[36.01614,48.98078],[36.00406,48.99114],[35.99736,48.98618],[35.99069,49.00076],[35.98338,49.00326],[35.95327,48.99764],[35.9453,49.00356],[35.93997,48.99901],[35.98909,48.96935],[35.97739,48.95967],[36.00352,48.94636],[35.99555,48.93937],[36.04368,48.91538],[36.01173,48.88801],[36.04008,48.87353],[36.01928,48.85467],[36.0756,48.83324],[36.065,48.8084],[36.12354,48.80853],[36.15922,48.78423],[36.1532,48.78112],[36.15946,48.76809],[36.14011,48.76589],[36.16181,48.74895],[36.14304,48.7243],[36.28109,48.66085],[36.28122,48.65542],[36.2669,48.64954],[36.26849,48.6375],[36.26002,48.62416],[36.25169,48.62563],[36.25114,48.62061],[36.31943,48.58724],[36.27135,48.54372],[36.29625,48.53118],[36.32389,48.55558],[36.35501,48.53965],[36.34973,48.53496],[36.35517,48.53229],[36.39189,48.56475],[36.38131,48.57027],[36.42411,48.61192],[36.44591,48.61384],[36.42855,48.61563],[36.44264,48.6285],[36.41934,48.63405],[36.44681,48.63242],[36.48291,48.66365],[36.56152,48.62283],[36.56305,48.61662],[36.57865,48.61583],[36.58073,48.60719],[36.58956,48.60804],[36.5907,48.60276],[36.65496,48.6095],[36.65402,48.6163],[36.67413,48.61839],[36.67247,48.62489],[36.73891,48.62595],[36.73415,48.64655],[36.72257,48.65441],[36.73082,48.65778],[36.72188,48.66272],[36.72716,48.66737],[36.71492,48.67961],[36.72122,48.68347],[36.71183,48.69255],[36.72838,48.69283],[36.73565,48.70389],[36.71266,48.74365],[36.71773,48.74467],[36.70912,48.76745],[36.69132,48.77044],[36.68937,48.77608],[36.7207,48.80597],[36.68822,48.81594],[36.68208,48.84959],[36.70262,48.85753],[36.69738,48.85992],[36.70375,48.86358],[36.72803,48.85675],[36.76155,48.89106],[36.78326,48.89694],[36.79806,48.88934],[36.80604,48.89458],[36.80973,48.91069],[36.79838,48.92],[36.79169,48.94158],[36.78073,48.94804],[36.76753,48.98637],[36.73731,48.99313],[36.75875,49.01389],[36.74719,49.01947],[36.72681,49.01806],[36.72009,49.03158],[36.69689,49.02457],[36.67996,49.03277],[36.67326,49.02127],[36.64353,49.01775],[36.6296,49.08041],[36.63529,49.08797],[36.62168,49.09199],[36.61322,49.0835],[36.59152,49.09544],[36.59215,49.10276],[36.62027,49.13179],[36.61285,49.13654],[36.63118,49.15186],[36.63776,49.15076],[36.64159,49.15982],[36.6553,49.19477],[36.63074,49.19697],[36.64645,49.2263],[36.59493,49.24224],[36.58421,49.26164],[36.56126,49.26765],[36.58204,49.28208],[36.61032,49.27425],[36.61388,49.29619],[36.56236,49.31474],[36.56488,49.3271],[36.55186,49.32742],[36.55273,49.35541],[36.51994,49.35269],[36.5186,49.36925],[36.44959,49.38892],[36.48236,49.45514],[36.46344,49.47013],[36.43588,49.45874],[36.38348,49.46866],[36.38281,49.5069],[36.36935,49.50778],[36.35471,49.52174],[36.33945,49.52015],[36.33827,49.52622],[36.27732,49.54221],[36.25717,49.53841],[36.24048,49.50239],[36.21082,49.51211],[36.19657,49.50966],[36.18256,49.51978],[36.18018,49.53548],[36.13436,49.53861],[36.13226,49.51667],[36.08222,49.51699],[36.07797,49.50502],[35.98489,49.5042],[35.98057,49.46173],[35.9972,49.45622],[35.98564,49.41106]]]}},{"type":"Feature","properties":{"name":"Куп’янський район","oblast":"Харківська область","centroid":[37.5401,49.8354]},"geometry":{"type":"Polygon","coordinates":[[[37.62634,50.29025],[37.62685,50.2406],[37.61429,50.21978],[37.64351,50.19084],[37.64031,50.17604],[37.66833,50.15274],[37.71016,50.13372],[37.70669,50.12809],[37.75549,50.07871],[37.79758,50.08425],[37.82487,50.06821],[37.89339,50.05062],[37.92545,50.03463],[37.96498,49.97897],[37.98065,49.97666],[37.99938,49.96352],[38.00534,49.96743],[38.04437,49.93268],[38.0206,49.92577],[38.02175,49.91011],[38.04626,49.88277],[38.09353,49.84608],[38.07368,49.83601],[38.01771,49.83708],[38.00957,49.81279],[38.05488,49.79151],[38.05252,49.78345],[38.03795,49.78278],[37.99885,49.75325],[37.98256,49.75523],[37.97668,49.7678],[37.95119,49.73052],[37.97471,49.70848],[37.99077,49.71571],[38.01671,49.71292],[38.01759,49.70624],[37.99865,49.70038],[38.01338,49.69542],[38.01127,49.67744],[38.03204,49.6668],[38.02651,49.66308],[38.04571,49.65738],[37.99593,49.64779],[37.98711,49.64184],[37.99577,49.62863],[37.98052,49.62606],[37.97483,49.6116],[37.94431,49.61129],[37.9422,49.5941],[37.93409,49.58948],[37.95232,49.56855],[37.92426,49.5666],[37.90117,49.57417],[37.88643,49.54914],[37.92726,49.54786],[37.92596,49.54163],[37.88577,49.51886],[37.84682,49.52062],[37.84079,49.49744],[37.8073,49.49844],[37.80279,49.49208],[37.77186,49.49862],[37.77275,49.50685],[37.70008,49.51706],[37.69256,49.49905],[37.6668,49.48888],[37.64439,49.48971],[37.63422,49.46307],[37.62264,49.45042],[37.59502,49.43593],[37.57078,49.43161],[37.56766,49.44371],[37.52232,49.45056],[37.51911,49.46743],[37.48882,49.4691],[37.47146,49.47783],[37.47868,49.4857],[37.472,49.48954],[37.46606,49.48116],[37.45461,49.48455],[37.40949,49.52146],[37.4018,49.51475],[37.3822,49.51303],[37.38938,49.54354],[37.37268,49.55011],[37.33902,49.53435],[37.29562,49.52434],[37.2312,49.54166],[37.17271,49.54218],[37.16174,49.56028],[37.17342,49.56248],[37.16559,49.59422],[37.14368,49.5999],[37.0981,49.58203],[37.08053,49.58741],[37.08531,49.59346],[37.06804,49.61274],[37.06048,49.61233],[37.05847,49.62819],[37.04828,49.63377],[37.03593,49.62205],[37.0026,49.62234],[37.00257,49.63287],[36.96752,49.66081],[36.98567,49.67134],[37.02453,49.71207],[36.99848,49.71478],[37.00014,49.72605],[36.99158,49.72608],[36.97406,49.76654],[36.96806,49.7641],[36.96454,49.77251],[37.01246,49.78745],[37.02345,49.80367],[37.04372,49.79305],[37.04509,49.78644],[37.03997,49.786],[37.04478,49.78058],[37.06681,49.7717],[37.07685,49.79796],[37.11379,49.79042],[37.1485,49.8257],[37.17451,49.83913],[37.18929,49.83855],[37.18453,49.91657],[37.17858,49.91705],[37.17673,49.94162],[37.13504,49.94717],[37.17585,49.97955],[37.15272,49.98979],[37.16032,49.9999],[37.14943,50.00588],[37.16213,50.01284],[37.16564,50.03085],[37.15791,50.0434],[37.16911,50.06713],[37.18417,50.06709],[37.18786,50.0772],[37.15247,50.0942],[37.15118,50.10059],[37.19722,50.12618],[37.24075,50.10838],[37.25281,50.11225],[37.26247,50.10621],[37.28044,50.11683],[37.26851,50.12572],[37.30437,50.1371],[37.29149,50.15059],[37.30801,50.15336],[37.32213,50.17108],[37.3189,50.1807],[37.3496,50.18866],[37.37152,50.18008],[37.37916,50.1925],[37.3687,50.22343],[37.38621,50.23712],[37.40233,50.23541],[37.41099,50.24926],[37.42477,50.25416],[37.41994,50.28967],[37.52917,50.31733],[37.53544,50.33352],[37.55531,50.32964],[37.57696,50.30634],[37.59505,50.31613],[37.63462,50.31194],[37.63804,50.3029],[37.62634,50.29025]]]}},{"type":"Feature","properties":{"name":"Ізюмський район","oblast":"Харківська область","centroid":[37.1101,49.2554]},"geometry":{"type":"Polygon","coordinates":[[[36.9198,49.59985],[36.93409,49.63239],[36.94101,49.62685],[36.98162,49.64971],[37.00257,49.63287],[37.00529,49.62088],[37.03593,49.62205],[37.04828,49.63377],[37.05847,49.62819],[37.06048,49.61233],[37.06804,49.61274],[37.08531,49.59346],[37.08053,49.58741],[37.09566,49.58273],[37.10724,49.58195],[37.14368,49.5999],[37.16559,49.59422],[37.17342,49.56248],[37.16174,49.56028],[37.17271,49.54218],[37.2312,49.54166],[37.29562,49.52434],[37.33902,49.53435],[37.37268,49.55011],[37.38938,49.54354],[37.3822,49.51303],[37.4018,49.51475],[37.40949,49.52146],[37.45461,49.48455],[37.46606,49.48116],[37.472,49.48954],[37.47868,49.4857],[37.47146,49.47783],[37.48882,49.4691],[37.51911,49.46743],[37.52232,49.45056],[37.56766,49.44371],[37.57078,49.43161],[37.59502,49.43593],[37.62264,49.45042],[37.63422,49.46307],[37.64439,49.48971],[37.6668,49.48888],[37.69256,49.49905],[37.70008,49.51706],[37.77275,49.50685],[37.77186,49.49862],[37.80279,49.49208],[37.8073,49.49844],[37.83534,49.49601],[37.84411,49.5028],[37.83667,49.49268],[37.8509,49.48771],[37.844,49.44523],[37.87559,49.44675],[37.87834,49.41347],[37.89627,49.40349],[37.88647,49.34172],[37.87692,49.32873],[37.88346,49.31269],[37.94855,49.30363],[37.95841,49.28516],[37.89887,49.27029],[37.91178,49.2595],[37.86629,49.24637],[37.87451,49.234],[37.85412,49.22602],[37.84351,49.20134],[37.7983,49.20883],[37.79753,49.2023],[37.61427,49.23313],[37.56101,49.22804],[37.54845,49.21289],[37.51297,49.19929],[37.50244,49.18703],[37.50964,49.1793],[37.55371,49.16685],[37.56426,49.13998],[37.55028,49.14798],[37.54093,49.14566],[37.5849,49.12601],[37.54648,49.11222],[37.48734,49.10176],[37.50043,49.09137],[37.50589,49.07018],[37.4812,49.05766],[37.45158,49.05322],[37.44955,49.06138],[37.41745,49.06132],[37.40811,49.05195],[37.38527,49.04834],[37.39191,49.02506],[37.37535,49.02627],[37.3732,48.99619],[37.36692,48.99167],[37.3444,49.0035],[37.3366,48.995],[37.31138,48.99003],[37.32461,48.98279],[37.31657,48.98273],[37.31505,48.9772],[37.30807,48.98102],[37.29463,48.96965],[37.30812,48.96829],[37.30496,48.96114],[37.32082,48.95653],[37.30731,48.94697],[37.33225,48.93478],[37.32834,48.92215],[37.26941,48.9226],[37.26657,48.90641],[37.22267,48.90874],[37.21566,48.88964],[37.19315,48.88114],[37.1921,48.81448],[37.15723,48.8245],[37.15113,48.83242],[37.13868,48.83176],[37.14568,48.84208],[37.09881,48.85079],[37.07836,48.8177],[37.02376,48.81789],[37.01875,48.80172],[37.00738,48.80333],[36.99492,48.78737],[37.02304,48.77484],[37.02294,48.76747],[37.04312,48.76618],[37.03575,48.74601],[36.96601,48.79378],[36.85422,48.80045],[36.84081,48.77808],[36.83572,48.78289],[36.8393,48.7727],[36.82123,48.77136],[36.81669,48.77757],[36.78866,48.78084],[36.792,48.78578],[36.78382,48.7899],[36.79056,48.80198],[36.765,48.79719],[36.68822,48.81594],[36.68208,48.84959],[36.70262,48.85753],[36.69738,48.85992],[36.70375,48.86358],[36.72803,48.85675],[36.76155,48.89106],[36.78326,48.89694],[36.79806,48.88934],[36.80604,48.89458],[36.80799,48.91569],[36.79838,48.92],[36.79169,48.94158],[36.78073,48.94804],[36.76753,48.98637],[36.73731,48.99313],[36.75875,49.01389],[36.74719,49.01947],[36.72681,49.01806],[36.72009,49.03158],[36.69689,49.02457],[36.67996,49.03277],[36.67326,49.02127],[36.64353,49.01775],[36.6296,49.08041],[36.63529,49.08797],[36.62168,49.09199],[36.61322,49.0835],[36.59152,49.09544],[36.59215,49.10276],[36.62027,49.13179],[36.61285,49.13654],[36.63118,49.15186],[36.63776,49.15076],[36.64159,49.15982],[36.6553,49.19477],[36.63074,49.19697],[36.64601,49.22772],[36.59493,49.24224],[36.58421,49.26164],[36.56126,49.26765],[36.58204,49.28208],[36.61032,49.27425],[36.61388,49.29619],[36.56236,49.31474],[36.56488,49.3271],[36.55186,49.32742],[36.55273,49.35541],[36.51994,49.35269],[36.5186,49.36925],[36.44959,49.38892],[36.48236,49.45514],[36.4628,49.47086],[36.48007,49.47584],[36.5086,49.46402],[36.50954,49.48303],[36.52535,49.48382],[36.51672,49.50409],[36.48562,49.51914],[36.47451,49.50414],[36.47571,49.50867],[36.43977,49.50963],[36.42894,49.51988],[36.43388,49.52995],[36.45043,49.53166],[36.43747,49.53675],[36.48004,49.53385],[36.49999,49.5241],[36.52736,49.55106],[36.56646,49.54468],[36.57976,49.55728],[36.60537,49.56436],[36.62228,49.58865],[36.70019,49.56971],[36.70213,49.58787],[36.75715,49.59972],[36.75963,49.60891],[36.7989,49.619],[36.80054,49.63631],[36.85584,49.63677],[36.85325,49.60678],[36.88192,49.60209],[36.88566,49.59038],[36.9198,49.59985]]]}},{"type":"Feature","properties":{"name":"Івано-Франківський район","oblast":"Івано-Франківська область","centroid":[24.6889,49.0045]},"geometry":{"type":"Polygon","coordinates":[[[24.55466,49.1055],[24.55111,49.13958],[24.50349,49.16251],[24.51416,49.18211],[24.55955,49.18074],[24.57679,49.1948],[24.55099,49.19617],[24.54932,49.21178],[24.528,49.22618],[24.51018,49.21658],[24.48927,49.22874],[24.47475,49.2238],[24.45991,49.23279],[24.38833,49.22758],[24.3579,49.23337],[24.341,49.24321],[24.3468,49.24325],[24.35116,49.26157],[24.35848,49.26207],[24.36392,49.28074],[24.33898,49.29197],[24.30542,49.27731],[24.29918,49.28886],[24.30191,49.31629],[24.34147,49.31038],[24.3587,49.32237],[24.38076,49.30789],[24.39351,49.33295],[24.40104,49.33625],[24.39358,49.34257],[24.4005,49.36191],[24.42936,49.37329],[24.40602,49.39331],[24.38701,49.395],[24.38976,49.40908],[24.37585,49.4134],[24.37381,49.42997],[24.35986,49.43072],[24.38384,49.44246],[24.41047,49.44488],[24.41809,49.47382],[24.40139,49.49504],[24.41261,49.50449],[24.43982,49.51161],[24.43433,49.53641],[24.44935,49.54523],[24.45191,49.54013],[24.48756,49.54772],[24.48644,49.5435],[24.49852,49.53964],[24.49094,49.53511],[24.49224,49.52346],[24.50533,49.51285],[24.53738,49.5192],[24.56959,49.53412],[24.58964,49.51903],[24.6218,49.51017],[24.64003,49.49715],[24.65614,49.50544],[24.69961,49.49197],[24.71617,49.49618],[24.72851,49.49205],[24.72399,49.48155],[24.74435,49.46622],[24.75051,49.44957],[24.77119,49.43114],[24.76693,49.4249],[24.77437,49.41305],[24.77558,49.37753],[24.81132,49.38851],[24.82734,49.38605],[24.83326,49.3632],[24.85929,49.34701],[24.83597,49.34081],[24.82858,49.32079],[24.82809,49.28537],[24.84064,49.28307],[24.84332,49.26255],[24.93343,49.23493],[24.93355,49.22968],[24.89872,49.21464],[24.88692,49.19818],[24.85641,49.17781],[24.85646,49.16352],[24.86652,49.16193],[24.8998,49.12906],[24.95645,49.12756],[24.98538,49.11676],[24.9721,49.0965],[24.99065,49.08604],[24.99122,49.0712],[24.9163,49.08309],[24.90686,49.07357],[24.90499,49.04969],[24.91152,49.0509],[24.96956,49.01131],[24.97229,49.00342],[24.96549,48.9928],[25.01746,49.01136],[25.07843,48.98412],[25.08728,48.98402],[25.08754,48.99328],[25.11943,48.99481],[25.10718,48.98222],[25.10976,48.96378],[25.13642,48.95435],[25.14745,48.94361],[25.11825,48.92361],[25.13993,48.86874],[25.1617,48.86533],[25.17057,48.87037],[25.17353,48.88227],[25.16751,48.89374],[25.19814,48.91473],[25.19083,48.92708],[25.20987,48.92191],[25.23286,48.93246],[25.23824,48.922],[25.2295,48.90933],[25.23014,48.88691],[25.21013,48.84681],[25.22814,48.84841],[25.23912,48.86624],[25.26624,48.8663],[25.28392,48.86223],[25.29183,48.84517],[25.32309,48.84622],[25.32488,48.8357],[25.30096,48.82479],[25.26086,48.82669],[25.23913,48.81343],[25.24274,48.79425],[25.22375,48.78244],[25.24596,48.76845],[25.2569,48.75084],[25.24715,48.74644],[25.25958,48.73439],[25.20952,48.71088],[25.23103,48.69716],[25.24263,48.68122],[25.22275,48.65083],[25.20986,48.65573],[25.17562,48.64229],[25.1497,48.64832],[25.1575,48.64835],[25.11372,48.67639],[25.09264,48.6744],[25.09147,48.68084],[25.06951,48.68801],[25.05718,48.69925],[25.05641,48.71202],[25.03869,48.72971],[25.00636,48.73855],[25.00592,48.74725],[24.99787,48.74077],[24.99314,48.75626],[24.97948,48.76279],[24.9748,48.75505],[25.00062,48.73694],[24.97895,48.72754],[24.96528,48.74559],[24.93088,48.75464],[24.92021,48.7679],[24.90753,48.76952],[24.90435,48.75838],[24.89436,48.75833],[24.86186,48.77057],[24.85159,48.76784],[24.82033,48.79158],[24.80957,48.79295],[24.81281,48.7835],[24.8068,48.79025],[24.79286,48.78926],[24.78501,48.77893],[24.7678,48.77434],[24.77216,48.77207],[24.76639,48.76618],[24.75399,48.7753],[24.7407,48.77118],[24.75415,48.76588],[24.74141,48.74658],[24.72313,48.73868],[24.71107,48.73653],[24.67776,48.75329],[24.64186,48.75649],[24.62677,48.72772],[24.59432,48.71128],[24.54864,48.72224],[24.54956,48.71011],[24.58417,48.69307],[24.5802,48.68601],[24.56009,48.69141],[24.55332,48.69594],[24.55733,48.69919],[24.54128,48.70047],[24.52021,48.67951],[24.48006,48.68201],[24.48071,48.66952],[24.46251,48.65226],[24.46733,48.64515],[24.37245,48.63283],[24.36651,48.62098],[24.37231,48.6169],[24.33505,48.60511],[24.31266,48.60591],[24.30063,48.59151],[24.29034,48.59841],[24.27516,48.59386],[24.24833,48.57391],[24.24723,48.55617],[24.19944,48.52018],[24.17942,48.52026],[24.17482,48.52914],[24.12609,48.53238],[24.13342,48.54235],[24.10243,48.56486],[24.10505,48.5783],[24.09566,48.60774],[24.1105,48.6203],[24.10253,48.62835],[24.10191,48.64807],[24.14364,48.63948],[24.15167,48.6607],[24.17849,48.66792],[24.17361,48.67846],[24.19653,48.69316],[24.21242,48.6918],[24.22004,48.70347],[24.23789,48.7114],[24.23212,48.71842],[24.25864,48.72858],[24.24488,48.73399],[24.24911,48.73707],[24.24198,48.74198],[24.24455,48.75277],[24.28679,48.75488],[24.29087,48.76305],[24.29779,48.76197],[24.2913,48.77076],[24.30964,48.77842],[24.32218,48.80344],[24.33165,48.80784],[24.33579,48.82651],[24.35259,48.83905],[24.37179,48.87],[24.38313,48.86239],[24.39623,48.86398],[24.41688,48.88342],[24.41502,48.88862],[24.43867,48.9035],[24.49361,48.96125],[24.51483,48.96992],[24.51449,48.97762],[24.53661,48.99496],[24.52968,49.00789],[24.56491,49.01921],[24.55647,49.02814],[24.57059,49.03719],[24.53354,49.05144],[24.55771,49.08055],[24.55466,49.1055]]]}},{"type":"Feature","properties":{"name":"Коломийський район","oblast":"Івано-Франківська область","centroid":[25.2218,48.5934]},"geometry":{"type":"Polygon","coordinates":[[[24.72875,48.52625],[24.73767,48.52934],[24.74781,48.52243],[24.75207,48.52844],[24.74512,48.52921],[24.7621,48.54384],[24.7631,48.53019],[24.76832,48.52828],[24.77277,48.53535],[24.77944,48.52767],[24.78611,48.5347],[24.77916,48.54931],[24.78742,48.55951],[24.77576,48.5631],[24.76393,48.57702],[24.77007,48.59478],[24.78097,48.59465],[24.78363,48.62418],[24.82285,48.6241],[24.82383,48.63916],[24.81238,48.63975],[24.81555,48.6807],[24.79027,48.68691],[24.78259,48.70161],[24.77329,48.69797],[24.76129,48.7068],[24.72702,48.71484],[24.72174,48.72124],[24.72628,48.72773],[24.71107,48.73653],[24.74141,48.74658],[24.75415,48.76588],[24.74329,48.77271],[24.75399,48.7753],[24.76639,48.76618],[24.77216,48.77207],[24.7678,48.77434],[24.78501,48.77893],[24.79286,48.78926],[24.8068,48.79025],[24.81281,48.7835],[24.80957,48.79295],[24.82033,48.79158],[24.85159,48.76784],[24.86186,48.77057],[24.89436,48.75833],[24.90435,48.75838],[24.90753,48.76952],[24.92021,48.7679],[24.93088,48.75464],[24.96528,48.74559],[24.97895,48.72754],[25.00062,48.73694],[24.9748,48.75505],[24.97948,48.76279],[24.99314,48.75626],[24.99787,48.74077],[25.00592,48.74725],[25.00636,48.73855],[25.03869,48.72971],[25.06951,48.68801],[25.09147,48.68084],[25.09264,48.6744],[25.11372,48.67639],[25.1575,48.64835],[25.1497,48.64832],[25.17562,48.64229],[25.20986,48.65573],[25.22275,48.65083],[25.24263,48.68122],[25.23103,48.69716],[25.20952,48.71088],[25.25958,48.73439],[25.24715,48.74644],[25.2569,48.75084],[25.24596,48.76845],[25.22375,48.78244],[25.24274,48.79425],[25.24045,48.81487],[25.26086,48.82669],[25.31508,48.82712],[25.32542,48.83777],[25.34012,48.83845],[25.3365,48.85481],[25.35173,48.8594],[25.43266,48.84355],[25.43876,48.84968],[25.42715,48.86779],[25.43752,48.87205],[25.4693,48.85711],[25.4501,48.83917],[25.45541,48.8309],[25.48342,48.82199],[25.50405,48.80717],[25.55194,48.79976],[25.59931,48.76628],[25.63909,48.74933],[25.637,48.73922],[25.60995,48.72264],[25.65309,48.70469],[25.64683,48.69472],[25.62111,48.68035],[25.63975,48.66804],[25.60746,48.6535],[25.58527,48.63446],[25.59083,48.60531],[25.58738,48.5899],[25.60185,48.57062],[25.59984,48.54298],[25.6092,48.52706],[25.59937,48.50066],[25.60308,48.49016],[25.59801,48.47316],[25.6062,48.46549],[25.60275,48.44609],[25.61001,48.42599],[25.59883,48.41319],[25.62061,48.413],[25.62101,48.39463],[25.61493,48.39117],[25.62178,48.37875],[25.5734,48.37759],[25.56858,48.38294],[25.53791,48.38572],[25.51158,48.40005],[25.44415,48.40336],[25.43659,48.40139],[25.43649,48.39442],[25.37906,48.39149],[25.31475,48.36714],[25.30771,48.35908],[25.27684,48.3723],[25.26204,48.36661],[25.24966,48.38213],[25.24976,48.39773],[25.20133,48.39934],[25.17779,48.40637],[25.17138,48.41454],[25.14631,48.40862],[25.14793,48.40371],[25.13677,48.40418],[25.13199,48.39656],[25.11815,48.39697],[25.10843,48.39854],[25.09842,48.41288],[25.08272,48.41715],[25.03562,48.40626],[25.03239,48.41752],[24.99581,48.42411],[24.99584,48.43365],[24.96173,48.44137],[24.91494,48.42968],[24.90996,48.43416],[24.90364,48.42977],[24.88585,48.44229],[24.87237,48.44137],[24.84673,48.43039],[24.79469,48.44496],[24.79065,48.45585],[24.76914,48.46495],[24.76,48.47676],[24.7671,48.47645],[24.76744,48.48636],[24.779,48.49139],[24.75955,48.5063],[24.75858,48.51359],[24.72875,48.52625]]]}},{"type":"Feature","properties":{"name":"Косівський район","oblast":"Івано-Франківська область","centroid":[24.9801,48.3212]},"geometry":{"type":"Polygon","coordinates":[[[24.9654,48.21666],[24.96377,48.22321],[24.95615,48.22319],[24.94987,48.21363],[24.91935,48.21287],[24.90914,48.19497],[24.90221,48.19314],[24.85377,48.21318],[24.8551,48.21891],[24.84085,48.22614],[24.82312,48.23024],[24.78875,48.22028],[24.77663,48.22559],[24.78056,48.26031],[24.74836,48.25175],[24.73416,48.25755],[24.74008,48.2694],[24.73187,48.26987],[24.72839,48.27692],[24.71093,48.26852],[24.7071,48.27322],[24.73789,48.28335],[24.73385,48.3136],[24.74461,48.31528],[24.75635,48.32768],[24.74404,48.33573],[24.74915,48.34477],[24.73806,48.35203],[24.74704,48.37539],[24.72055,48.37758],[24.71134,48.39312],[24.71742,48.39529],[24.71644,48.41264],[24.70873,48.4179],[24.7285,48.43446],[24.77154,48.44355],[24.78528,48.45774],[24.79469,48.44496],[24.84673,48.43039],[24.87237,48.44137],[24.88585,48.44229],[24.90364,48.42977],[24.90996,48.43416],[24.91494,48.42968],[24.96173,48.44137],[24.99584,48.43365],[24.99581,48.42411],[25.03239,48.41752],[25.03562,48.40626],[25.08272,48.41715],[25.09842,48.41288],[25.10843,48.39854],[25.13074,48.39641],[25.13677,48.40418],[25.14793,48.40371],[25.14631,48.40862],[25.17138,48.41454],[25.17779,48.40637],[25.20133,48.39934],[25.21807,48.40194],[25.2382,48.39425],[25.24853,48.39809],[25.25027,48.3806],[25.26204,48.36661],[25.27684,48.3723],[25.30771,48.35908],[25.28256,48.34219],[25.2661,48.32134],[25.25565,48.31424],[25.24379,48.31516],[25.23315,48.29193],[25.20987,48.27945],[25.193,48.25462],[25.18024,48.24688],[25.14485,48.24666],[25.10653,48.22524],[25.11954,48.2176],[25.1158,48.20769],[25.13978,48.195],[25.13828,48.18317],[25.12873,48.17771],[25.11169,48.18535],[25.09093,48.18317],[25.08214,48.17286],[25.09347,48.16484],[25.09081,48.16031],[25.03787,48.17321],[25.03749,48.18883],[25.02118,48.20204],[24.99943,48.20191],[24.9887,48.19527],[24.97889,48.1993],[24.9654,48.21666]]]}},{"type":"Feature","properties":{"name":"Надвірнянський район","oblast":"Івано-Франківська область","centroid":[24.5181,48.4705]},"geometry":{"type":"Polygon","coordinates":[[[24.54059,48.69954],[24.52021,48.67951],[24.48006,48.68201],[24.48071,48.66952],[24.46251,48.65226],[24.46733,48.64515],[24.37245,48.63283],[24.36651,48.62098],[24.37231,48.6169],[24.33505,48.60511],[24.31266,48.60591],[24.30063,48.59151],[24.29034,48.59841],[24.27162,48.59211],[24.24833,48.57391],[24.24723,48.55617],[24.19944,48.52018],[24.17942,48.52026],[24.17482,48.52914],[24.15702,48.52778],[24.15447,48.53249],[24.13389,48.53057],[24.11462,48.49793],[24.14005,48.48091],[24.12546,48.46675],[24.13051,48.44113],[24.1459,48.43336],[24.14128,48.40881],[24.15223,48.40173],[24.15191,48.38928],[24.1817,48.37489],[24.17978,48.3646],[24.20936,48.36514],[24.25823,48.34968],[24.28902,48.38066],[24.28117,48.39171],[24.28484,48.39571],[24.30489,48.39661],[24.35027,48.38131],[24.35832,48.37327],[24.35103,48.36131],[24.35755,48.35159],[24.38423,48.34558],[24.39339,48.3347],[24.41686,48.33202],[24.41611,48.326],[24.42876,48.31481],[24.44081,48.3142],[24.44538,48.30259],[24.48819,48.27984],[24.48485,48.2436],[24.52144,48.23622],[24.54557,48.21603],[24.52953,48.21145],[24.52085,48.20072],[24.52541,48.19545],[24.51067,48.18657],[24.51863,48.17454],[24.49994,48.16015],[24.53146,48.13528],[24.5305,48.12345],[24.55457,48.11789],[24.57508,48.12757],[24.5739,48.1348],[24.5937,48.14836],[24.60008,48.16012],[24.60958,48.15484],[24.64311,48.1594],[24.62799,48.168],[24.64212,48.17639],[24.63386,48.18367],[24.65904,48.1998],[24.65635,48.20364],[24.67084,48.21298],[24.67071,48.22512],[24.68394,48.23516],[24.65941,48.2596],[24.66908,48.25971],[24.67519,48.27031],[24.71653,48.27326],[24.73789,48.28335],[24.73385,48.3136],[24.74461,48.31528],[24.75632,48.32698],[24.74404,48.33573],[24.74915,48.34477],[24.73806,48.35203],[24.74711,48.37518],[24.72055,48.37758],[24.71134,48.39312],[24.71742,48.39529],[24.71644,48.41264],[24.70873,48.4179],[24.7285,48.43446],[24.77154,48.44355],[24.78595,48.45756],[24.76914,48.46495],[24.76,48.47676],[24.7671,48.47645],[24.76744,48.48636],[24.779,48.49139],[24.75955,48.5063],[24.75858,48.51359],[24.7287,48.52693],[24.73767,48.52934],[24.74781,48.52243],[24.75207,48.52844],[24.74512,48.52921],[24.7621,48.54384],[24.7631,48.53019],[24.76832,48.52828],[24.77277,48.53535],[24.77944,48.52767],[24.78611,48.5347],[24.77916,48.54931],[24.78742,48.55951],[24.77576,48.5631],[24.76393,48.57702],[24.77007,48.59478],[24.78097,48.59465],[24.78363,48.62418],[24.82285,48.6241],[24.82387,48.63753],[24.81238,48.63975],[24.81555,48.6807],[24.79027,48.68691],[24.78259,48.70161],[24.77329,48.69797],[24.76129,48.7068],[24.72702,48.71484],[24.72174,48.72124],[24.72571,48.7284],[24.67776,48.75329],[24.64186,48.75649],[24.62677,48.72772],[24.59432,48.71128],[24.54864,48.72224],[24.54956,48.71011],[24.58417,48.69307],[24.57989,48.68588],[24.56009,48.69141],[24.55332,48.69594],[24.55733,48.69919],[24.54059,48.69954]]]}},{"type":"Feature","properties":{"name":"Чернігівський район","oblast":"Чернігівська область","centroid":[31.1719,51.4763]},"geometry":{"type":"Polygon","coordinates":[[[30.80514,51.94685],[30.82498,51.92075],[30.80258,51.89906],[30.74967,51.90358],[30.73961,51.88385],[30.70689,51.86846],[30.69463,51.83746],[30.65283,51.82506],[30.67185,51.79649],[30.6656,51.78705],[30.65518,51.78451],[30.65623,51.77335],[30.6322,51.77621],[30.61373,51.76685],[30.61643,51.75941],[30.64102,51.76525],[30.65121,51.76003],[30.64825,51.75048],[30.62475,51.73194],[30.62513,51.71358],[30.56284,51.70662],[30.56041,51.69972],[30.57487,51.68439],[30.57128,51.66754],[30.56442,51.66265],[30.54958,51.66433],[30.53484,51.67659],[30.52177,51.67519],[30.51862,51.66308],[30.53501,51.65703],[30.52651,51.64511],[30.51346,51.64066],[30.50932,51.62678],[30.53546,51.62216],[30.53039,51.61781],[30.53391,51.61247],[30.5441,51.6145],[30.55727,51.60658],[30.54858,51.60064],[30.51568,51.60453],[30.50617,51.5989],[30.5285,51.58294],[30.55373,51.57887],[30.5517,51.57311],[30.53428,51.57502],[30.52676,51.56958],[30.54572,51.54163],[30.55437,51.54083],[30.57105,51.55277],[30.58235,51.54827],[30.58619,51.53954],[30.56959,51.52238],[30.56835,51.51144],[30.58554,51.49887],[30.59299,51.47637],[30.62269,51.46619],[30.62052,51.46057],[30.59161,51.45599],[30.57908,51.44645],[30.59211,51.42386],[30.61281,51.43117],[30.62233,51.42845],[30.6557,51.37618],[30.63486,51.35918],[30.65675,51.34318],[30.64803,51.33296],[30.62213,51.33259],[30.5936,51.31184],[30.61387,51.30787],[30.59995,51.30434],[30.60297,51.30078],[30.62249,51.30468],[30.61349,51.28358],[30.53862,51.26269],[30.55521,51.25036],[30.56132,51.23918],[30.55841,51.23255],[30.52586,51.2361],[30.50522,51.22682],[30.53072,51.20207],[30.51721,51.18715],[30.54103,51.1797],[30.52882,51.17365],[30.49989,51.17517],[30.4905,51.16514],[30.49495,51.13224],[30.51717,51.11126],[30.51257,51.102],[30.48207,51.09165],[30.51015,51.07374],[30.49284,51.04532],[30.5005,51.03539],[30.49931,51.01914],[30.60083,51.02746],[30.6032,51.00961],[30.62418,51.00985],[30.64187,51.00251],[30.64836,50.98493],[30.64454,50.96389],[30.65719,50.95319],[30.68422,50.90186],[30.73268,50.89514],[30.73586,50.88778],[30.77168,50.87438],[30.76709,50.87181],[30.77543,50.86342],[30.76991,50.84971],[30.7767,50.83135],[30.76468,50.82571],[30.7703,50.81742],[30.76094,50.81043],[30.74474,50.81932],[30.73695,50.81617],[30.73437,50.81066],[30.74392,50.80538],[30.74739,50.79179],[30.73521,50.78342],[30.73996,50.77134],[30.76768,50.77978],[30.80407,50.76634],[30.81014,50.76612],[30.80075,50.76952],[30.83679,50.76403],[30.84825,50.78244],[30.87055,50.78613],[30.87363,50.78174],[30.846,50.77669],[30.8466,50.76663],[30.83864,50.75813],[30.84512,50.75404],[30.83146,50.7543],[30.83753,50.74395],[30.86433,50.74455],[30.87535,50.74659],[30.87718,50.76841],[30.88937,50.7737],[30.89216,50.76589],[30.93424,50.76365],[30.93336,50.75854],[30.95073,50.75701],[30.95613,50.76336],[31.06954,50.76479],[31.07866,50.7808],[31.12681,50.7744],[31.12159,50.74998],[31.14062,50.74683],[31.14901,50.73776],[31.16725,50.73248],[31.19376,50.73803],[31.20228,50.73413],[31.21056,50.7488],[31.21557,50.74345],[31.24048,50.75158],[31.18645,50.79201],[31.21727,50.81],[31.24926,50.81291],[31.29054,50.85688],[31.31843,50.86585],[31.29947,50.86894],[31.30042,50.89972],[31.31582,50.90271],[31.30269,50.90828],[31.3195,50.92752],[31.35552,50.93122],[31.34251,50.94596],[31.31636,50.95192],[31.33875,50.957],[31.35916,50.98242],[31.37278,50.98336],[31.36739,50.99175],[31.33779,50.99223],[31.3217,51.00614],[31.30019,51.00889],[31.29528,51.01687],[31.26811,51.028],[31.3173,51.0446],[31.31355,51.053],[31.27921,51.07151],[31.29351,51.07207],[31.29325,51.086],[31.31393,51.08896],[31.31612,51.10315],[31.34223,51.10158],[31.33767,51.09241],[31.38071,51.09845],[31.38953,51.10457],[31.38901,51.12141],[31.42345,51.12529],[31.41441,51.13342],[31.43017,51.14336],[31.43139,51.16333],[31.44059,51.17766],[31.47604,51.18776],[31.52511,51.19059],[31.52373,51.19962],[31.49022,51.20346],[31.49703,51.2152],[31.527,51.21974],[31.54379,51.23334],[31.62248,51.24248],[31.64138,51.23886],[31.65949,51.22501],[31.69112,51.23286],[31.69859,51.24265],[31.71102,51.2399],[31.71534,51.24581],[31.73272,51.23823],[31.7411,51.24956],[31.81663,51.23047],[31.84808,51.23238],[31.83873,51.2381],[31.85048,51.24449],[31.87021,51.24347],[31.87615,51.23523],[31.88383,51.23711],[31.88214,51.24379],[31.89953,51.26451],[31.90998,51.26233],[31.92638,51.29251],[31.94998,51.28986],[31.95005,51.29747],[31.9612,51.2986],[31.98179,51.29235],[31.99152,51.30016],[31.98497,51.31204],[32.02854,51.32598],[32.00408,51.34859],[31.98747,51.35353],[31.99646,51.35707],[31.99773,51.36764],[31.98435,51.36776],[31.98492,51.35761],[31.97181,51.34816],[31.9645,51.36335],[31.89138,51.36989],[31.87798,51.38388],[31.87937,51.39176],[31.86667,51.39257],[31.86626,51.39922],[31.85636,51.40356],[31.85656,51.41326],[31.83499,51.41576],[31.8313,51.42317],[31.825,51.41649],[31.8177,51.42996],[31.83046,51.43197],[31.82827,51.44003],[31.83892,51.44569],[31.82115,51.47907],[31.83382,51.49512],[31.81658,51.50463],[31.84966,51.50515],[31.84615,51.54064],[31.86395,51.57254],[31.88154,51.58068],[31.87801,51.60867],[31.85659,51.62337],[31.80529,51.62937],[31.80916,51.65514],[31.78763,51.6688],[31.79344,51.68622],[31.7781,51.71175],[31.78227,51.71167],[31.78095,51.72955],[31.75187,51.72298],[31.73252,51.72953],[31.73749,51.73762],[31.75927,51.74431],[31.65183,51.78037],[31.65807,51.79321],[31.67424,51.79166],[31.63583,51.80952],[31.63589,51.82499],[31.65826,51.82118],[31.65743,51.82696],[31.66746,51.8284],[31.69446,51.8692],[31.66234,51.88278],[31.67437,51.89664],[31.66305,51.90056],[31.69253,51.90762],[31.70584,51.92141],[31.72967,51.9182],[31.72269,51.91258],[31.81628,51.90793],[31.80568,51.91057],[31.79952,51.92736],[31.79915,51.93626],[31.8077,51.94117],[31.79204,51.94126],[31.79707,51.94876],[31.7825,51.94914],[31.77955,51.95742],[31.75949,51.96711],[31.7721,51.96935],[31.76642,51.98439],[31.78009,51.99365],[31.79978,51.99373],[31.79068,52.02125],[31.80209,52.0256],[31.79613,52.02588],[31.78969,52.04087],[31.78334,52.0371],[31.79106,52.03481],[31.78647,52.03042],[31.76687,52.03421],[31.78001,52.03798],[31.77443,52.04203],[31.78362,52.05072],[31.77385,52.06182],[31.77812,52.06644],[31.81006,52.06997],[31.81681,52.09872],[31.79765,52.10211],[31.78675,52.11215],[31.72194,52.09596],[31.71414,52.10713],[31.66073,52.11686],[31.6075,52.11198],[31.5185,52.12521],[31.489,52.11591],[31.4641,52.1215],[31.45181,52.14055],[31.40382,52.14272],[31.37707,52.13375],[31.38747,52.12123],[31.32514,52.10641],[31.32083,52.09208],[31.31124,52.08682],[31.32148,52.0827],[31.29752,52.05162],[31.253,52.04223],[31.21934,52.05093],[31.21182,52.06339],[31.21575,52.07106],[31.16119,52.07795],[31.13992,52.10311],[31.09834,52.08954],[31.07009,52.09071],[30.99298,52.07818],[30.96378,52.08134],[30.9654,52.09018],[30.94971,52.08968],[30.95221,52.07519],[30.93216,52.07225],[30.94872,52.05515],[30.93353,52.0401],[30.94542,52.02627],[30.93985,52.0135],[30.92497,52.01565],[30.89555,52.00286],[30.89346,51.99526],[30.91117,51.9886],[30.88559,51.98501],[30.89001,51.96938],[30.85895,51.97211],[30.84883,51.96164],[30.83628,51.96138],[30.83485,51.95271],[30.8188,51.95588],[30.80514,51.94685]],[[30.62782,51.51508],[30.65201,51.52352],[30.65848,51.51864],[30.6975,51.52216],[30.78224,51.51201],[30.78384,51.52514],[30.78931,51.52514],[30.78385,51.52522],[30.78536,51.53885],[30.73606,51.54085],[30.73566,51.54866],[30.70889,51.55317],[30.71015,51.53089],[30.67095,51.53088],[30.62786,51.5152],[30.60548,51.51584],[30.60094,51.52508],[30.58582,51.52186],[30.58575,51.51594],[30.5967,51.52023],[30.59978,51.51042],[30.60638,51.51586],[30.62782,51.51508]],[[30.66528,51.51355],[30.67264,51.51495],[30.66813,51.52033],[30.67225,51.5214],[30.66828,51.52015],[30.67267,51.51479],[30.66528,51.51355]]]}},{"type":"Feature","properties":{"name":"Коростенський район","oblast":"Житомирська область","centroid":[28.5542,51.165]},"geometry":{"type":"MultiPolygon","coordinates":[[[[27.58458,51.08224],[27.60172,51.07514],[27.6062,51.08001],[27.62512,51.07742],[27.66651,51.03827],[27.66058,51.01341],[27.70341,51.00777],[27.70389,50.99725],[27.70899,50.99633],[27.74971,50.99646],[27.77356,51.01183],[27.74951,51.02962],[27.7637,51.03541],[27.75331,51.04764],[27.80292,51.05445],[27.92857,51.0487],[27.95191,51.06985],[27.95552,51.05759],[27.99262,51.0601],[28.02851,51.05085],[28.03413,51.04661],[28.02983,51.03887],[28.0517,51.02989],[28.10375,51.02329],[28.12716,51.02737],[28.12304,51.01856],[28.13134,51.01391],[28.1061,50.98727],[28.15713,50.96693],[28.14037,50.96485],[28.16708,50.93562],[28.17087,50.923],[28.11675,50.87707],[28.1127,50.86411],[28.13069,50.85791],[28.15206,50.81863],[28.14937,50.80362],[28.17481,50.79708],[28.16629,50.7841],[28.24226,50.75238],[28.22828,50.74352],[28.24156,50.73745],[28.24017,50.72872],[28.28081,50.71634],[28.28956,50.71847],[28.28311,50.72548],[28.29169,50.73128],[28.29056,50.75335],[28.29778,50.7569],[28.39202,50.75343],[28.40992,50.75887],[28.41158,50.74703],[28.43972,50.75466],[28.44983,50.74445],[28.48382,50.74389],[28.49579,50.76949],[28.51524,50.76675],[28.51393,50.75976],[28.52688,50.76104],[28.52739,50.75555],[28.54064,50.75134],[28.5441,50.74091],[28.59433,50.74761],[28.6123,50.73527],[28.65412,50.7469],[28.64656,50.75532],[28.6786,50.75796],[28.70214,50.75443],[28.69045,50.7507],[28.69076,50.74354],[28.67067,50.7209],[28.67922,50.72721],[28.68415,50.71637],[28.73698,50.71958],[28.71908,50.71197],[28.71252,50.68918],[28.68746,50.68173],[28.68844,50.66875],[28.71696,50.66954],[28.71855,50.64915],[28.73883,50.65496],[28.73746,50.67901],[28.76175,50.69366],[28.78186,50.68133],[28.84308,50.66662],[28.85273,50.67231],[28.84245,50.69011],[28.85621,50.69854],[28.85602,50.70968],[28.91097,50.72638],[28.93505,50.70858],[28.95582,50.71679],[28.96079,50.71053],[29.00039,50.71436],[29.01764,50.7062],[29.02007,50.69354],[29.03716,50.68919],[29.03505,50.68216],[29.04803,50.67436],[29.07758,50.6731],[29.07811,50.66874],[29.04401,50.66781],[29.03701,50.66056],[29.0442,50.65738],[29.11279,50.66044],[29.14623,50.66897],[29.15557,50.68343],[29.17168,50.6833],[29.19857,50.6767],[29.19638,50.67111],[29.20756,50.66908],[29.20609,50.66039],[29.23672,50.65549],[29.24541,50.64247],[29.25284,50.64347],[29.25802,50.65616],[29.28052,50.65686],[29.30589,50.67998],[29.28838,50.68634],[29.29261,50.69207],[29.31191,50.68429],[29.31611,50.68906],[29.33302,50.67826],[29.37191,50.69055],[29.37703,50.70372],[29.41149,50.70853],[29.41131,50.72561],[29.4348,50.72314],[29.45116,50.73625],[29.46176,50.73461],[29.46173,50.72049],[29.48486,50.71878],[29.46859,50.74335],[29.48828,50.73778],[29.49046,50.73159],[29.50381,50.73858],[29.50384,50.72903],[29.48755,50.71699],[29.51297,50.71143],[29.53596,50.69542],[29.55808,50.69447],[29.58513,50.72294],[29.57616,50.73285],[29.58144,50.74903],[29.56644,50.76321],[29.57026,50.7715],[29.53504,50.77637],[29.50227,50.76529],[29.47196,50.7736],[29.50708,50.77465],[29.51165,50.77741],[29.50604,50.78389],[29.52148,50.79263],[29.49879,50.80123],[29.48819,50.81222],[29.50091,50.81884],[29.54738,50.8139],[29.54218,50.82839],[29.5292,50.82382],[29.49747,50.83728],[29.52132,50.86885],[29.47132,50.90364],[29.47508,50.9148],[29.46748,50.92474],[29.43542,50.94553],[29.41148,50.94893],[29.41378,50.98365],[29.44048,50.98854],[29.47617,50.9789],[29.4671,50.98515],[29.46456,51.01895],[29.51174,51.06062],[29.45886,51.08962],[29.42745,51.12393],[29.3489,51.16],[29.3306,51.15756],[29.32919,51.1267],[29.31742,51.13043],[29.26817,51.26254],[29.31009,51.27571],[29.33136,51.27861],[29.32847,51.27245],[29.33494,51.26966],[29.35446,51.27442],[29.36805,51.28942],[29.35541,51.29348],[29.36718,51.30597],[29.34952,51.31641],[29.34724,51.32385],[29.39644,51.32751],[29.39343,51.37941],[29.35939,51.37592],[29.35924,51.38546],[29.34028,51.38574],[29.3262,51.37767],[29.32047,51.39495],[29.32474,51.40995],[29.30792,51.44488],[29.30912,51.45423],[29.27539,51.45878],[29.27135,51.47698],[29.25101,51.49561],[29.25513,51.52384],[29.26123,51.5277],[29.25213,51.56718],[29.21385,51.56674],[29.20207,51.58193],[29.20434,51.60741],[29.17753,51.6076],[29.18871,51.62785],[29.16802,51.62687],[29.17328,51.62327],[29.15604,51.62671],[29.15862,51.63912],[29.17885,51.64671],[29.16577,51.65341],[29.12245,51.65043],[29.1158,51.65271],[29.1216,51.6609],[29.11754,51.66164],[29.09381,51.64313],[29.09041,51.62766],[29.06297,51.62078],[29.03037,51.59031],[28.99938,51.57352],[28.98253,51.5732],[28.96952,51.59162],[28.91255,51.5902],[28.88418,51.58391],[28.87822,51.57607],[28.83648,51.55824],[28.81963,51.55882],[28.76161,51.48735],[28.78608,51.45529],[28.77162,51.44599],[28.76635,51.42752],[28.75293,51.41456],[28.73367,51.43456],[28.73658,51.46641],[28.71586,51.44857],[28.69749,51.44143],[28.68382,51.44426],[28.65123,51.52336],[28.65513,51.52652],[28.64682,51.55045],[28.66012,51.56232],[28.6479,51.57269],[28.55433,51.57222],[28.55438,51.582],[28.52272,51.58197],[28.51248,51.59068],[28.46744,51.59312],[28.39128,51.55038],[28.35245,51.53997],[28.35452,51.55724],[28.34265,51.57679],[28.28134,51.62358],[28.25613,51.61967],[28.25311,51.62708],[28.26965,51.67118],[28.25938,51.68114],[28.17078,51.64458],[28.16849,51.62497],[28.1528,51.6066],[28.12928,51.60849],[28.11762,51.58355],[28.08155,51.57397],[28.0728,51.58009],[28.04942,51.56675],[27.94579,51.55818],[27.97492,51.59405],[27.95763,51.59268],[27.94439,51.5792],[27.92026,51.57789],[27.92214,51.60649],[27.91057,51.61371],[27.88651,51.61386],[27.86579,51.62885],[27.82902,51.61216],[27.83999,51.60797],[27.82911,51.5968],[27.8248,51.57683],[27.8484,51.5438],[27.83263,51.53487],[27.80684,51.53312],[27.76975,51.49269],[27.76365,51.47449],[27.74202,51.47741],[27.66881,51.51784],[27.66309,51.51726],[27.6688,51.49692],[27.64848,51.50185],[27.62406,51.48312],[27.57884,51.47853],[27.58269,51.42983],[27.59903,51.43017],[27.61379,51.4031],[27.58436,51.40174],[27.58374,51.40738],[27.53757,51.42841],[27.52666,51.4431],[27.53453,51.45298],[27.50363,51.45198],[27.50516,51.43611],[27.49211,51.40804],[27.49456,51.37465],[27.52595,51.3664],[27.52233,51.34184],[27.48974,51.31546],[27.44077,51.31059],[27.44825,51.28204],[27.46131,51.26422],[27.4471,51.25477],[27.45267,51.24831],[27.46925,51.24772],[27.47387,51.23724],[27.46367,51.23624],[27.45768,51.22379],[27.44298,51.22277],[27.4159,51.20182],[27.40069,51.20079],[27.40611,51.18783],[27.39437,51.17209],[27.39813,51.17022],[27.37396,51.15478],[27.38029,51.14773],[27.36399,51.14295],[27.36673,51.09767],[27.35385,51.0954],[27.3545,51.08715],[27.33601,51.08831],[27.33343,51.08304],[27.36019,51.07676],[27.35888,51.05906],[27.39611,51.05793],[27.43194,51.06798],[27.44595,51.04441],[27.41867,51.02947],[27.42356,51.01973],[27.38317,51.00159],[27.35305,51.0121],[27.35711,51.0038],[27.389,50.98534],[27.39309,50.99532],[27.40162,50.99326],[27.40749,50.99978],[27.41724,50.99766],[27.45373,51.01056],[27.47981,51.0444],[27.47042,51.0514],[27.54906,51.07805],[27.57704,51.0681],[27.57144,51.05678],[27.58624,51.05654],[27.57913,51.08049],[27.58458,51.08224]]],[[[27.4583,50.99086],[27.49196,50.99449],[27.46289,51.00152],[27.45248,50.99768],[27.4583,50.99086]]]]}},{"type":"Feature","properties":{"name":"Корюківський район","oblast":"Чернігівська область","centroid":[32.2251,51.7278]},"geometry":{"type":"Polygon","coordinates":[[[32.81492,51.86633],[32.80227,51.85687],[32.80993,51.86704],[32.81211,51.88881],[32.75861,51.90365],[32.77,51.9175],[32.74982,51.92098],[32.75277,51.9331],[32.73469,51.93432],[32.73498,51.92353],[32.71836,51.9189],[32.67741,51.91458],[32.66688,51.90958],[32.6646,51.90065],[32.65999,51.91304],[32.63017,51.9171],[32.62665,51.96987],[32.60467,51.97388],[32.57412,51.96479],[32.51575,51.96511],[32.51318,51.98488],[32.50631,51.98869],[32.48434,51.98604],[32.46592,51.97147],[32.44395,51.97883],[32.4409,51.9978],[32.41686,51.98186],[32.41486,51.98757],[32.43542,52.00228],[32.4324,52.00941],[32.41961,52.00195],[32.40693,52.01795],[32.41179,52.02089],[32.36863,52.03927],[32.36325,52.05014],[32.38338,52.05151],[32.38677,52.05598],[32.38084,52.05962],[32.33823,52.0518],[32.29077,52.05531],[32.27735,52.05905],[32.27323,52.07362],[32.2489,52.08165],[32.21821,52.08211],[32.19805,52.07257],[32.19942,52.06609],[32.18294,52.07258],[32.14721,52.06914],[32.14715,52.05781],[32.13021,52.04934],[32.13383,52.04391],[32.10156,52.0456],[32.09601,52.04407],[32.09616,52.03361],[32.04476,52.03929],[32.02378,52.0487],[31.96223,52.0532],[31.95325,52.04668],[31.91646,52.04226],[31.9173,52.04764],[31.92832,52.04659],[31.91845,52.05498],[31.9427,52.05697],[31.96063,52.07464],[31.90197,52.1028],[31.85812,52.11108],[31.81681,52.09872],[31.81006,52.06997],[31.77812,52.06644],[31.77385,52.06182],[31.78362,52.05072],[31.77443,52.04203],[31.78001,52.03798],[31.76687,52.03421],[31.78647,52.03042],[31.79106,52.03481],[31.78334,52.0371],[31.78969,52.04087],[31.79613,52.02588],[31.80209,52.0256],[31.79068,52.02125],[31.79978,51.99373],[31.78009,51.99365],[31.76642,51.98439],[31.7721,51.96935],[31.75949,51.96711],[31.77955,51.95742],[31.7825,51.94914],[31.79707,51.94876],[31.79204,51.94126],[31.8077,51.94117],[31.79915,51.93626],[31.79952,51.92736],[31.80568,51.91057],[31.81628,51.90793],[31.72269,51.91258],[31.72967,51.9182],[31.70584,51.92141],[31.69253,51.90762],[31.66305,51.90056],[31.67437,51.89664],[31.66234,51.88278],[31.69446,51.8692],[31.66746,51.8284],[31.65743,51.82696],[31.65826,51.82118],[31.63589,51.82499],[31.6356,51.81146],[31.67424,51.79166],[31.65807,51.79321],[31.65183,51.78037],[31.75927,51.74431],[31.73749,51.73762],[31.73252,51.72953],[31.75187,51.72298],[31.78095,51.72955],[31.78227,51.71167],[31.7781,51.71175],[31.79344,51.68622],[31.78763,51.6688],[31.80916,51.65514],[31.80529,51.62937],[31.85659,51.62337],[31.87801,51.60867],[31.88154,51.58068],[31.86395,51.57254],[31.84615,51.54064],[31.84966,51.50515],[31.81658,51.50463],[31.83382,51.49512],[31.82115,51.47907],[31.83892,51.44569],[31.82827,51.44003],[31.83046,51.43197],[31.8198,51.4327],[31.81775,51.42588],[31.825,51.41649],[31.8313,51.42317],[31.83499,51.41576],[31.85656,51.41326],[31.85636,51.40356],[31.86626,51.39922],[31.86667,51.39257],[31.87937,51.39176],[31.87798,51.38388],[31.89055,51.37016],[31.9645,51.36335],[31.97181,51.34816],[31.98492,51.35761],[31.98435,51.36776],[32.00645,51.37114],[32.02309,51.3611],[32.03276,51.36927],[32.03143,51.37984],[32.07488,51.38177],[32.07913,51.38901],[32.1226,51.40087],[32.15911,51.39559],[32.19403,51.37712],[32.22572,51.37235],[32.22975,51.39155],[32.29027,51.40473],[32.28312,51.40899],[32.29426,51.41379],[32.29293,51.41868],[32.31227,51.41042],[32.34716,51.41071],[32.35384,51.40422],[32.35791,51.41845],[32.35973,51.41292],[32.36884,51.41373],[32.38164,51.4258],[32.395,51.42791],[32.38741,51.40874],[32.41363,51.39231],[32.45403,51.38815],[32.47939,51.39193],[32.48396,51.40184],[32.49633,51.40164],[32.4983,51.39575],[32.51095,51.40457],[32.51282,51.39929],[32.51937,51.40099],[32.51294,51.40687],[32.52777,51.41275],[32.56346,51.41059],[32.58449,51.42197],[32.61176,51.42587],[32.61319,51.4377],[32.60317,51.44602],[32.56318,51.44777],[32.55551,51.45698],[32.57162,51.45183],[32.56722,51.46066],[32.57642,51.45629],[32.58396,51.46099],[32.60424,51.45068],[32.62222,51.46246],[32.63414,51.4625],[32.64504,51.45267],[32.71922,51.44078],[32.72232,51.45547],[32.73837,51.466],[32.73042,51.46911],[32.73316,51.47366],[32.69817,51.47826],[32.68646,51.48649],[32.67417,51.47941],[32.67736,51.46998],[32.6651,51.47853],[32.67012,51.4846],[32.66112,51.48727],[32.62515,51.48368],[32.62203,51.49231],[32.62932,51.49738],[32.61244,51.50031],[32.61733,51.50513],[32.60798,51.5182],[32.61311,51.52392],[32.63327,51.52317],[32.62817,51.53788],[32.64299,51.54516],[32.65355,51.54309],[32.65524,51.55698],[32.6785,51.55079],[32.6768,51.54205],[32.68985,51.55493],[32.73561,51.55125],[32.75802,51.55552],[32.75241,51.55984],[32.76986,51.56981],[32.78001,51.56827],[32.78739,51.57684],[32.84724,51.57052],[32.83143,51.57992],[32.82898,51.59444],[32.83555,51.60791],[32.81934,51.60741],[32.81817,51.614],[32.83186,51.61742],[32.82692,51.62345],[32.81001,51.61283],[32.80189,51.62237],[32.7867,51.61958],[32.77218,51.62804],[32.74651,51.62768],[32.76414,51.63994],[32.71945,51.63476],[32.71705,51.66654],[32.68699,51.67888],[32.69149,51.68996],[32.68194,51.69902],[32.69851,51.72497],[32.73361,51.722],[32.7667,51.73465],[32.74943,51.77004],[32.71388,51.77436],[32.70381,51.80434],[32.68406,51.81514],[32.68924,51.8201],[32.70054,51.81422],[32.72992,51.82238],[32.71264,51.83043],[32.71159,51.8416],[32.75477,51.83612],[32.79993,51.85216],[32.86596,51.84935],[32.8624,51.86303],[32.84715,51.87122],[32.81492,51.86633]]]}},{"type":"Feature","properties":{"name":"Житомирський район","oblast":"Житомирська область","centroid":[28.6865,50.2769]},"geometry":{"type":"Polygon","coordinates":[[[29.57984,50.74003],[29.57616,50.73285],[29.58418,50.72045],[29.55808,50.69447],[29.53596,50.69542],[29.51297,50.71143],[29.48755,50.71699],[29.50384,50.72903],[29.50381,50.73858],[29.49046,50.73159],[29.48828,50.73778],[29.46859,50.74335],[29.48486,50.71878],[29.46173,50.72049],[29.46176,50.73461],[29.45116,50.73625],[29.4348,50.72314],[29.41131,50.72561],[29.41149,50.70853],[29.37703,50.70372],[29.37191,50.69055],[29.33302,50.67826],[29.31611,50.68906],[29.31191,50.68429],[29.29261,50.69207],[29.28838,50.68634],[29.30589,50.67998],[29.28052,50.65686],[29.25802,50.65616],[29.25284,50.64347],[29.24541,50.64247],[29.23672,50.65549],[29.20609,50.66039],[29.20756,50.66908],[29.19638,50.67111],[29.19857,50.6767],[29.17168,50.6833],[29.15557,50.68343],[29.14623,50.66897],[29.11279,50.66044],[29.0442,50.65738],[29.03701,50.66056],[29.04401,50.66781],[29.07811,50.66874],[29.07758,50.6731],[29.04803,50.67436],[29.03505,50.68216],[29.03716,50.68919],[29.02007,50.69354],[29.01764,50.7062],[29.00039,50.71436],[28.96079,50.71053],[28.95582,50.71679],[28.93505,50.70858],[28.91097,50.72638],[28.85602,50.70968],[28.85621,50.69854],[28.84245,50.69011],[28.85273,50.67231],[28.84308,50.66662],[28.78186,50.68133],[28.76175,50.69366],[28.73746,50.67901],[28.73883,50.65496],[28.71855,50.64915],[28.71696,50.66954],[28.68844,50.66875],[28.68746,50.68173],[28.71252,50.68918],[28.71908,50.71197],[28.73698,50.71958],[28.68415,50.71637],[28.67922,50.72721],[28.66843,50.72306],[28.69076,50.74354],[28.69045,50.7507],[28.70214,50.75443],[28.64656,50.75532],[28.65412,50.7469],[28.6123,50.73527],[28.59433,50.74761],[28.5441,50.74091],[28.54064,50.75134],[28.52739,50.75555],[28.52688,50.76104],[28.51393,50.75976],[28.51524,50.76675],[28.49579,50.76949],[28.48382,50.74389],[28.44983,50.74445],[28.43972,50.75466],[28.41158,50.74703],[28.40992,50.75887],[28.39202,50.75343],[28.29778,50.7569],[28.29056,50.75335],[28.29169,50.73128],[28.28311,50.72548],[28.28956,50.71847],[28.26232,50.72377],[28.26081,50.71165],[28.24143,50.70947],[28.28161,50.67842],[28.23994,50.633],[28.20747,50.62648],[28.17901,50.61029],[28.12676,50.60123],[28.10061,50.58623],[28.08313,50.58414],[28.04302,50.59429],[28.05505,50.56287],[28.04243,50.54987],[28.01738,50.54497],[28.01251,50.53199],[27.99548,50.53867],[27.98802,50.52891],[27.99637,50.52043],[27.93781,50.5116],[27.94668,50.50899],[27.92719,50.47872],[27.93929,50.47559],[27.93572,50.45633],[27.9457,50.43604],[27.92941,50.42901],[27.94417,50.42372],[27.95533,50.40539],[27.92296,50.40404],[28.04587,50.38552],[28.0484,50.37892],[28.03409,50.35822],[28.06659,50.34078],[28.06144,50.33622],[28.04345,50.3298],[28.02554,50.33434],[28.01568,50.32138],[27.98327,50.33006],[27.97439,50.29412],[27.96739,50.29256],[27.97154,50.28255],[27.90554,50.28977],[27.90035,50.27765],[27.88743,50.27842],[27.88355,50.26972],[27.86697,50.26819],[27.86157,50.22689],[27.85623,50.22825],[27.86155,50.24113],[27.80208,50.24843],[27.80299,50.25481],[27.74769,50.24899],[27.75018,50.24083],[27.77388,50.24305],[27.77834,50.22626],[27.75347,50.22437],[27.75343,50.23206],[27.71795,50.22858],[27.71312,50.21334],[27.69006,50.216],[27.68626,50.22255],[27.69979,50.2309],[27.69534,50.23765],[27.6658,50.23224],[27.68281,50.21338],[27.66293,50.22256],[27.66601,50.21885],[27.65173,50.20733],[27.66114,50.20104],[27.65148,50.19899],[27.665,50.19338],[27.66167,50.17167],[27.67768,50.15785],[27.63143,50.14625],[27.62589,50.12245],[27.63911,50.11505],[27.62442,50.11246],[27.62356,50.10409],[27.63056,50.10343],[27.61544,50.08619],[27.66865,50.0775],[27.67846,50.06356],[27.67418,50.056],[27.68218,50.04735],[27.67764,50.0421],[27.68138,50.03457],[27.67033,50.02527],[27.65803,50.02575],[27.65814,50.03288],[27.64202,50.03675],[27.61169,50.00571],[27.57128,50.01966],[27.54648,50.01158],[27.54877,49.99633],[27.56161,49.98371],[27.56641,49.95884],[27.57563,49.9486],[27.55677,49.94522],[27.55719,49.93556],[27.54772,49.93482],[27.54677,49.90345],[27.56372,49.90178],[27.56258,49.9094],[27.56979,49.90975],[27.59579,49.89017],[27.62537,49.8924],[27.61,49.87565],[27.6226,49.86034],[27.61781,49.85652],[27.62762,49.85045],[27.62266,49.8384],[27.6361,49.82816],[27.63314,49.82448],[27.63927,49.82459],[27.64479,49.80743],[27.66226,49.79445],[27.66806,49.80782],[27.6919,49.80203],[27.69722,49.80902],[27.7165,49.80617],[27.72705,49.79955],[27.70366,49.769],[27.75205,49.75569],[27.78081,49.72852],[27.80622,49.72735],[27.81787,49.7342],[27.8174,49.74292],[27.83576,49.7449],[27.8358,49.75585],[27.88849,49.75677],[27.89951,49.76726],[27.92449,49.77153],[27.92672,49.77528],[27.88431,49.78571],[27.88799,49.79117],[27.87963,49.80175],[27.88893,49.81666],[27.88421,49.81939],[27.88776,49.82661],[27.87384,49.83375],[27.89662,49.86835],[27.92751,49.87971],[27.93148,49.89372],[27.96893,49.90265],[27.96504,49.92006],[27.99592,49.91775],[28.01965,49.90302],[28.06826,49.90265],[28.06848,49.8919],[28.0822,49.88647],[28.07177,49.88133],[28.0824,49.87434],[28.08653,49.85049],[28.13194,49.85653],[28.12495,49.84306],[28.13173,49.84303],[28.14219,49.84754],[28.14266,49.85603],[28.13421,49.85775],[28.14466,49.8626],[28.14559,49.87017],[28.18288,49.8863],[28.21791,49.88794],[28.22531,49.90156],[28.24579,49.90235],[28.27466,49.92389],[28.28159,49.9225],[28.27839,49.91534],[28.28322,49.91361],[28.28597,49.92017],[28.3429,49.90537],[28.38579,49.94602],[28.39044,49.96676],[28.38969,49.98156],[28.38414,49.98536],[28.4112,50.00557],[28.40912,50.0107],[28.41927,50.01225],[28.42692,50.02873],[28.46449,50.03133],[28.46061,50.04107],[28.46484,50.0488],[28.49745,50.04571],[28.51958,50.05082],[28.5941,50.03585],[28.59985,50.04424],[28.61303,50.04226],[28.61521,50.04803],[28.64125,50.04409],[28.63966,50.03792],[28.67937,50.06237],[28.70904,50.05693],[28.71515,50.06084],[28.74181,50.04488],[28.76982,50.03835],[28.77951,50.07041],[28.80849,50.07692],[28.81848,50.08974],[28.83587,50.08227],[28.87191,50.09028],[28.87248,50.09795],[28.85616,50.10479],[28.89802,50.13373],[28.9421,50.15344],[28.96201,50.14851],[28.94925,50.12404],[28.93824,50.11789],[28.94216,50.11346],[28.93799,50.10962],[28.9488,50.09903],[28.92998,50.09279],[28.93747,50.08395],[28.92881,50.07746],[28.93068,50.06119],[28.92368,50.05498],[28.95696,50.05],[28.98222,50.06452],[28.99381,50.06279],[29.01451,50.08014],[29.06344,50.06301],[29.07788,50.07528],[29.09688,50.06148],[29.1087,50.0703],[29.12192,50.06375],[29.14028,50.08743],[29.16433,50.09033],[29.16261,50.1428],[29.19915,50.1477],[29.19141,50.13538],[29.219,50.13663],[29.22375,50.12544],[29.23494,50.12379],[29.22213,50.11043],[29.27072,50.09904],[29.27307,50.07177],[29.25706,50.06582],[29.25058,50.05422],[29.27716,50.05011],[29.30074,50.02439],[29.2692,50.01227],[29.2782,50.00316],[29.27954,49.99592],[29.27256,49.99414],[29.28262,49.98679],[29.27897,49.9642],[29.21281,49.96651],[29.22067,49.9625],[29.21075,49.94314],[29.23482,49.93135],[29.24834,49.89227],[29.23474,49.88694],[29.23552,49.88183],[29.25085,49.88168],[29.2494,49.86216],[29.2962,49.85934],[29.30855,49.83333],[29.32242,49.83221],[29.33116,49.84267],[29.31945,49.84877],[29.33135,49.85272],[29.32755,49.85906],[29.36472,49.85849],[29.36575,49.85244],[29.38218,49.84961],[29.39697,49.83069],[29.38484,49.82381],[29.40975,49.8091],[29.42961,49.81774],[29.44872,49.80251],[29.47001,49.81442],[29.48025,49.8032],[29.48765,49.80638],[29.49755,49.816],[29.49066,49.82535],[29.50908,49.83504],[29.54189,49.819],[29.55018,49.82807],[29.5469,49.83547],[29.59294,49.84145],[29.6038,49.85577],[29.6208,49.85228],[29.64048,49.86965],[29.65514,49.86666],[29.66556,49.87325],[29.6325,49.87713],[29.62719,49.88638],[29.63361,49.88572],[29.64313,49.89849],[29.66587,49.91128],[29.72805,49.9328],[29.7254,49.94176],[29.73522,49.94436],[29.72116,49.95944],[29.73096,49.96571],[29.71462,49.96681],[29.71154,49.97229],[29.71713,49.97933],[29.69063,49.99796],[29.69795,50.00587],[29.68148,50.01402],[29.67151,50.03221],[29.69522,50.04388],[29.69705,50.06852],[29.64692,50.10655],[29.66995,50.11375],[29.65575,50.11807],[29.65914,50.12765],[29.68807,50.14388],[29.69212,50.15225],[29.64315,50.17981],[29.6759,50.20681],[29.68563,50.22625],[29.70356,50.23004],[29.66556,50.26497],[29.67368,50.26742],[29.66622,50.27458],[29.68868,50.27724],[29.68944,50.28423],[29.67799,50.28477],[29.67554,50.2976],[29.68205,50.31163],[29.69088,50.30964],[29.6924,50.32324],[29.67342,50.32032],[29.62599,50.33008],[29.61163,50.34147],[29.62844,50.34616],[29.64182,50.35827],[29.63763,50.37257],[29.61749,50.3649],[29.60914,50.37285],[29.58898,50.37475],[29.59038,50.40034],[29.56024,50.4225],[29.48029,50.41314],[29.48181,50.40402],[29.45476,50.40145],[29.44258,50.41542],[29.44906,50.42038],[29.4693,50.41546],[29.47147,50.4203],[29.48153,50.419],[29.4985,50.44024],[29.49754,50.45061],[29.44678,50.45276],[29.45714,50.47111],[29.48353,50.45931],[29.51084,50.47075],[29.50254,50.48389],[29.50905,50.48794],[29.50339,50.49509],[29.50707,50.49988],[29.46022,50.51725],[29.46701,50.52751],[29.45814,50.53947],[29.48577,50.53662],[29.5024,50.54734],[29.49845,50.56058],[29.50504,50.5728],[29.4978,50.57884],[29.49834,50.58982],[29.47545,50.6082],[29.44474,50.62106],[29.45848,50.62965],[29.47229,50.62822],[29.46358,50.63325],[29.48511,50.6468],[29.4768,50.65324],[29.48601,50.66265],[29.52173,50.66154],[29.53032,50.67002],[29.52799,50.67775],[29.54104,50.68118],[29.54219,50.68969],[29.57672,50.69937],[29.59763,50.72911],[29.59031,50.72874],[29.58694,50.73859],[29.57984,50.74003]]]}},{"type":"Feature","properties":{"name":"Ізмаїльський район","oblast":"Одеська область","centroid":[29.0208,45.481]},"geometry":{"type":"MultiPolygon","coordinates":[[[[29.64294,45.51656],[29.62464,45.5029],[29.62719,45.48599],[29.6513,45.472],[29.66973,45.47462],[29.67743,45.46981],[29.67018,45.46372],[29.67921,45.45796],[29.68885,45.46725],[29.70594,45.46283],[29.71076,45.4673],[29.70618,45.4696],[29.74538,45.48989],[29.74384,45.46279],[29.76613,45.47107],[29.78582,45.46311],[29.78468,45.43918],[29.76333,45.36818],[29.78391,45.31805],[29.75533,45.27039],[29.75848,45.22301],[29.72767,45.21878],[29.72231,45.20894],[29.71659,45.21374],[29.69487,45.21135],[29.68961,45.20026],[29.66219,45.23894],[29.66351,45.25966],[29.67855,45.26824],[29.66955,45.30751],[29.65093,45.33962],[29.59281,45.38779],[29.55075,45.40887],[29.47399,45.42318],[29.42973,45.44258],[29.36354,45.4362],[29.32668,45.44837],[29.29074,45.42746],[29.23815,45.4327],[29.18727,45.41177],[29.16742,45.39433],[29.10455,45.37435],[29.08275,45.37333],[28.98873,45.33335],[28.96588,45.33098],[28.94909,45.31122],[28.95213,45.28628],[28.94188,45.2805],[28.91469,45.2874],[28.8742,45.31607],[28.84592,45.31728],[28.81647,45.33625],[28.79618,45.33473],[28.78054,45.32305],[28.80526,45.31149],[28.80326,45.3031],[28.79339,45.29313],[28.75944,45.29027],[28.75203,45.28408],[28.76362,45.26422],[28.79157,45.25396],[28.79259,45.24348],[28.71094,45.22367],[28.64248,45.24298],[28.56123,45.25009],[28.34903,45.3204],[28.28535,45.39962],[28.28672,45.43335],[28.28067,45.44407],[28.26048,45.45633],[28.21394,45.46719],[28.25548,45.51554],[28.3048,45.54691],[28.42078,45.51266],[28.42058,45.48535],[28.51519,45.49988],[28.4913,45.57113],[28.54421,45.58003],[28.55296,45.55401],[28.60096,45.53468],[28.66052,45.52174],[28.64391,45.47288],[28.65113,45.46519],[28.70381,45.47477],[28.70301,45.48423],[28.76945,45.49585],[28.73774,45.58917],[28.88179,45.6069],[28.87852,45.61673],[28.94776,45.6284],[28.93764,45.64819],[28.98566,45.65623],[28.97205,45.69785],[29.02259,45.7021],[29.01331,45.73006],[29.01858,45.7368],[29.04296,45.73478],[29.05714,45.75281],[29.07564,45.75142],[29.06643,45.77956],[29.10469,45.78565],[29.0998,45.80053],[29.16887,45.81334],[29.18532,45.79127],[29.18053,45.78961],[29.19219,45.73605],[29.20081,45.73742],[29.20219,45.71987],[29.21667,45.71716],[29.20811,45.70576],[29.31546,45.73168],[29.3268,45.68963],[29.41806,45.6994],[29.42402,45.6707],[29.46144,45.67529],[29.4688,45.63854],[29.49031,45.64101],[29.49365,45.62473],[29.48715,45.62062],[29.49154,45.61435],[29.55535,45.62406],[29.55235,45.64452],[29.60431,45.64815],[29.60924,45.62003],[29.59692,45.56128],[29.61138,45.54714],[29.6504,45.5292],[29.64294,45.51656]],[[28.70461,45.46921],[28.71043,45.45838],[28.71638,45.46205],[28.70461,45.46921]]],[[[30.20527,45.25662],[30.20017,45.25681],[30.20192,45.2526],[30.20527,45.25662]]]]}},{"type":"Feature","properties":{"name":"Новгород-Сіверський район","oblast":"Чернігівська область","centroid":[32.9102,51.9532]},"geometry":{"type":"Polygon","coordinates":[[[33.37329,52.3702],[33.407,52.36687],[33.4027,52.35999],[33.41622,52.36079],[33.41287,52.35124],[33.42874,52.34568],[33.42271,52.33125],[33.40503,52.32166],[33.40187,52.31319],[33.38665,52.31569],[33.40213,52.30275],[33.38638,52.29695],[33.39405,52.29086],[33.38559,52.28889],[33.38293,52.27943],[33.38756,52.27881],[33.37718,52.27545],[33.38467,52.27441],[33.37981,52.2717],[33.38617,52.26749],[33.36491,52.25219],[33.35886,52.25808],[33.36105,52.24606],[33.36838,52.24391],[33.36243,52.23716],[33.36707,52.2327],[33.3519,52.22005],[33.33096,52.21453],[33.32379,52.22164],[33.31455,52.21452],[33.32785,52.21147],[33.33146,52.20178],[33.31024,52.1848],[33.33786,52.15733],[33.32879,52.1544],[33.32369,52.13616],[33.34198,52.13523],[33.32894,52.13994],[33.32857,52.14574],[33.3394,52.14693],[33.41729,52.12299],[33.41012,52.11575],[33.43342,52.10943],[33.44495,52.09742],[33.4384,52.08786],[33.49066,52.0829],[33.49974,52.08923],[33.50004,52.03832],[33.46472,52.03858],[33.42872,52.02573],[33.41057,52.03361],[33.40206,52.05143],[33.36541,52.03985],[33.35503,52.03061],[33.31722,52.0319],[33.31319,52.02567],[33.318,52.01747],[33.3045,52.01277],[33.34892,51.99882],[33.35016,51.98383],[33.37061,51.97922],[33.37205,51.97069],[33.38407,51.9718],[33.39626,51.9599],[33.39424,51.95453],[33.37138,51.95295],[33.37169,51.9463],[33.3598,51.94507],[33.3552,51.93099],[33.29651,51.93454],[33.2916,51.92388],[33.26472,51.9192],[33.25214,51.92627],[33.24559,51.92063],[33.24982,51.91728],[33.23886,51.91599],[33.23492,51.9093],[33.2202,51.91324],[33.22087,51.90497],[33.21343,51.9129],[33.18768,51.91248],[33.18405,51.90332],[33.17165,51.90172],[33.17992,51.88594],[33.14432,51.87771],[33.14375,51.87265],[33.13385,51.87143],[33.13432,51.86249],[33.12348,51.86352],[33.1319,51.85613],[33.1248,51.85471],[33.1229,51.84505],[33.12923,51.84596],[33.12886,51.83489],[33.14459,51.82836],[33.14682,51.81617],[33.12218,51.81053],[33.10075,51.78901],[33.10238,51.78206],[33.09047,51.78526],[33.07936,51.77325],[33.08493,51.76905],[33.09199,51.77456],[33.10312,51.74642],[33.14034,51.72547],[33.1346,51.72216],[33.15528,51.70333],[33.17048,51.69967],[33.16495,51.69165],[33.1439,51.69108],[33.14727,51.6835],[33.16602,51.68063],[33.14107,51.67832],[33.14708,51.66935],[33.12758,51.6546],[33.12612,51.64485],[33.15438,51.64195],[33.15456,51.60732],[33.192,51.58354],[33.22204,51.58017],[33.20735,51.57019],[33.15854,51.56937],[33.15723,51.55589],[33.17032,51.55354],[33.16691,51.54378],[33.18583,51.53718],[33.1932,51.51371],[33.19185,51.50638],[33.17785,51.50729],[33.1601,51.49498],[33.13631,51.4942],[33.13083,51.47876],[33.13593,51.46689],[33.12446,51.46059],[33.11299,51.42836],[33.13466,51.41668],[33.11862,51.40402],[33.13537,51.39961],[33.13296,51.38224],[33.0924,51.39001],[33.11039,51.38048],[33.10778,51.36599],[33.08589,51.37246],[33.06216,51.37053],[33.05904,51.38373],[33.03862,51.39099],[33.05655,51.4043],[33.04576,51.41043],[33.04504,51.40389],[33.01695,51.39605],[33.0405,51.36837],[33.03536,51.35808],[33.04198,51.34329],[33.06253,51.3473],[33.08096,51.33917],[33.06624,51.3327],[33.06509,51.32546],[33.02567,51.33254],[33.02674,51.32716],[33.01517,51.32923],[33.0215,51.32417],[33.01369,51.32017],[32.98631,51.33733],[32.97705,51.33037],[32.96499,51.33272],[32.9615,51.33601],[32.96834,51.34838],[32.99713,51.36206],[32.95561,51.37586],[32.948,51.38786],[32.92822,51.3943],[32.94691,51.40302],[32.92413,51.40157],[32.90876,51.4099],[32.90558,51.39871],[32.89957,51.40656],[32.90827,51.41396],[32.89624,51.41644],[32.89865,51.41966],[32.8681,51.40756],[32.86778,51.41336],[32.84803,51.41706],[32.85657,51.41572],[32.85789,51.42196],[32.84334,51.42044],[32.81999,51.43521],[32.74595,51.43289],[32.72868,51.44395],[32.73074,51.44793],[32.72234,51.44678],[32.72232,51.45547],[32.73837,51.466],[32.73042,51.46911],[32.73275,51.47393],[32.69817,51.47826],[32.68646,51.48649],[32.67417,51.47941],[32.67623,51.47015],[32.6651,51.47853],[32.67012,51.4846],[32.62515,51.48368],[32.62203,51.49231],[32.62932,51.49738],[32.61244,51.50031],[32.61733,51.50513],[32.609,51.51042],[32.60944,51.52178],[32.63327,51.52317],[32.62817,51.53788],[32.64299,51.54516],[32.65355,51.54309],[32.65524,51.55698],[32.6785,51.55079],[32.6768,51.54205],[32.68985,51.55493],[32.73561,51.55125],[32.75802,51.55552],[32.75241,51.55984],[32.76986,51.56981],[32.78001,51.56827],[32.78739,51.57684],[32.84724,51.57052],[32.83143,51.57992],[32.82898,51.59444],[32.83555,51.60791],[32.81934,51.60741],[32.81817,51.614],[32.83186,51.61742],[32.82692,51.62345],[32.81001,51.61283],[32.80189,51.62237],[32.7867,51.61958],[32.77218,51.62804],[32.74651,51.62768],[32.76414,51.63994],[32.71945,51.63476],[32.71705,51.66654],[32.68699,51.67888],[32.69149,51.68996],[32.68194,51.69902],[32.68348,51.70616],[32.69851,51.72497],[32.73361,51.722],[32.7667,51.73465],[32.74943,51.77004],[32.71388,51.77436],[32.70381,51.80434],[32.68374,51.81468],[32.68924,51.8201],[32.70054,51.81422],[32.72992,51.82238],[32.71264,51.83043],[32.71159,51.8416],[32.75477,51.83612],[32.79993,51.85216],[32.8652,51.84897],[32.8624,51.86303],[32.84715,51.87122],[32.82884,51.86766],[32.82807,51.87171],[32.80227,51.85687],[32.81306,51.88781],[32.75861,51.90365],[32.77,51.9175],[32.74982,51.92098],[32.75277,51.9331],[32.73469,51.93432],[32.73498,51.92353],[32.71836,51.9189],[32.67741,51.91458],[32.66688,51.90958],[32.66417,51.90066],[32.65999,51.91304],[32.63017,51.9171],[32.62665,51.96987],[32.60467,51.97388],[32.57412,51.96479],[32.51575,51.96511],[32.51318,51.98488],[32.50631,51.98869],[32.48434,51.98604],[32.46592,51.97147],[32.44395,51.97883],[32.4409,51.9978],[32.41686,51.98186],[32.41486,51.98757],[32.43542,52.00228],[32.4324,52.00941],[32.41961,52.00195],[32.40693,52.01795],[32.41179,52.02089],[32.36863,52.03927],[32.36325,52.05014],[32.38338,52.05151],[32.38404,52.05844],[32.35135,52.05801],[32.33823,52.0518],[32.29077,52.05531],[32.27735,52.05905],[32.27323,52.07362],[32.2489,52.08165],[32.22196,52.08123],[32.22442,52.08717],[32.25253,52.0889],[32.29052,52.10312],[32.29829,52.1113],[32.2942,52.12059],[32.31767,52.12217],[32.32036,52.13662],[32.32954,52.13298],[32.33469,52.14062],[32.36015,52.14047],[32.3679,52.1465],[32.36536,52.15601],[32.33065,52.15652],[32.32383,52.15158],[32.32622,52.16308],[32.33909,52.17393],[32.33472,52.17629],[32.34718,52.18336],[32.34471,52.19542],[32.33058,52.20313],[32.3244,52.22373],[32.34675,52.24466],[32.3616,52.2388],[32.40167,52.24779],[32.38968,52.25413],[32.38308,52.26997],[32.39336,52.27837],[32.36949,52.27696],[32.36294,52.30228],[32.35167,52.31652],[32.3562,52.32827],[32.3766,52.33757],[32.40567,52.33708],[32.43403,52.32173],[32.46032,52.32688],[32.48939,52.31454],[32.50171,52.32729],[32.5502,52.32686],[32.57723,52.30025],[32.60786,52.30475],[32.68512,52.26631],[32.6901,52.25587],[32.7002,52.25487],[32.70068,52.24795],[32.717,52.25915],[32.75481,52.26724],[32.76294,52.25658],[32.79691,52.2654],[32.81705,52.25894],[32.83351,52.27926],[32.88453,52.27403],[32.87982,52.25916],[32.88734,52.24536],[32.90197,52.24529],[32.96153,52.27363],[32.99598,52.27246],[32.9965,52.28801],[33.04476,52.30788],[33.04319,52.31434],[33.05847,52.31924],[33.05436,52.32566],[33.05957,52.33077],[33.07299,52.32522],[33.0735,52.31612],[33.05968,52.31099],[33.06742,52.30296],[33.1181,52.32899],[33.13396,52.34501],[33.16956,52.34085],[33.17466,52.36608],[33.16991,52.37309],[33.18886,52.37353],[33.18866,52.37953],[33.30638,52.35014],[33.31364,52.35492],[33.35121,52.35309],[33.36075,52.36362],[33.36996,52.36153],[33.37329,52.3702]]]}},{"type":"Feature","properties":{"name":"Ніжинський район","oblast":"Чернігівська область","centroid":[32.0652,51.0256]},"geometry":{"type":"Polygon","coordinates":[[[32.0854,50.9516],[32.10687,50.95408],[32.09191,50.98069],[32.12573,50.99369],[32.14858,50.98954],[32.1477,50.99633],[32.16496,50.99813],[32.18621,51.01694],[32.17941,51.02531],[32.19034,51.03422],[32.22781,51.02202],[32.26013,51.03111],[32.25973,51.02446],[32.23281,51.01825],[32.26337,51.01939],[32.27273,51.00119],[32.28432,51.00227],[32.2836,51.00871],[32.29777,51.01544],[32.31656,51.01287],[32.32296,51.02511],[32.33323,51.02982],[32.36336,51.00787],[32.36436,50.99816],[32.37248,51.00242],[32.36369,51.0087],[32.37308,51.01711],[32.40908,51.01508],[32.39702,51.04017],[32.43809,51.06936],[32.435,51.07741],[32.49354,51.08378],[32.52629,51.06529],[32.52663,51.03476],[32.53385,51.02524],[32.59256,51.01281],[32.60427,51.02608],[32.61359,51.02609],[32.68672,51.00531],[32.69886,50.99079],[32.69159,50.94953],[32.70044,50.94754],[32.70013,50.94255],[32.75793,50.93196],[32.77591,50.88939],[32.79262,50.89019],[32.82205,50.8717],[32.8253,50.86072],[32.83596,50.85913],[32.90302,50.88506],[32.93489,50.8906],[32.97556,50.91711],[32.96603,50.92678],[32.96991,50.92988],[33.01908,50.93512],[33.01509,50.94115],[33.01912,50.94551],[33.01172,50.95045],[32.98428,50.93979],[32.97923,50.9675],[33.01804,50.99465],[33.04154,50.99723],[33.06073,51.01733],[33.05891,51.02252],[33.08508,51.03747],[33.06014,51.0492],[33.07128,51.06221],[33.06932,51.0692],[33.03786,51.07178],[33.04089,51.08183],[32.96251,51.08848],[32.9553,51.08431],[32.9426,51.08969],[32.99282,51.14344],[32.96046,51.16268],[32.98634,51.18395],[32.97707,51.18826],[32.98853,51.19687],[33.04183,51.20569],[33.03901,51.2202],[33.0297,51.22733],[33.06882,51.25503],[33.06065,51.25694],[33.05825,51.26652],[33.07288,51.27546],[33.07383,51.28344],[33.06543,51.28367],[33.07624,51.29003],[33.06325,51.28627],[33.06494,51.29156],[33.04152,51.29176],[33.06223,51.2969],[33.04776,51.30172],[33.07684,51.31271],[33.07297,51.31579],[33.07899,51.32221],[33.06792,51.33336],[33.06407,51.32524],[33.02567,51.33254],[33.02674,51.32716],[33.01517,51.32923],[33.0215,51.32417],[33.01369,51.32017],[32.98631,51.33733],[32.97705,51.33037],[32.96499,51.33272],[32.9615,51.33601],[32.96834,51.34838],[32.99713,51.36206],[32.95561,51.37586],[32.948,51.38786],[32.92822,51.3943],[32.94691,51.40302],[32.92413,51.40157],[32.90876,51.4099],[32.90558,51.39871],[32.89957,51.40656],[32.90827,51.41396],[32.89624,51.41644],[32.89865,51.41966],[32.8681,51.40756],[32.86778,51.41336],[32.84803,51.41706],[32.85657,51.41572],[32.85789,51.42196],[32.84334,51.42044],[32.81999,51.43521],[32.74595,51.43289],[32.72868,51.44395],[32.73074,51.44793],[32.71731,51.44447],[32.71922,51.44078],[32.68925,51.44211],[32.68201,51.4483],[32.64504,51.45267],[32.63414,51.4625],[32.62222,51.46246],[32.60424,51.45068],[32.57161,51.46093],[32.56523,51.45989],[32.57094,51.45162],[32.56366,51.45838],[32.55541,51.45655],[32.5636,51.44763],[32.60317,51.44602],[32.61319,51.4377],[32.61176,51.42587],[32.58449,51.42197],[32.56346,51.41059],[32.52777,51.41275],[32.51294,51.40687],[32.52152,51.40183],[32.51282,51.39929],[32.51095,51.40457],[32.4983,51.39575],[32.49633,51.40164],[32.48396,51.40184],[32.47357,51.39072],[32.41363,51.39231],[32.3859,51.40994],[32.39654,51.42357],[32.39391,51.42788],[32.38164,51.4258],[32.36884,51.41373],[32.35973,51.41292],[32.35791,51.41845],[32.35384,51.40422],[32.34716,51.41071],[32.31227,51.41042],[32.29293,51.41868],[32.29426,51.41379],[32.28312,51.40899],[32.29027,51.40473],[32.22975,51.39155],[32.22572,51.37235],[32.19403,51.37712],[32.13547,51.40145],[32.07995,51.38929],[32.07488,51.38177],[32.03143,51.37984],[32.03276,51.36927],[32.02309,51.3611],[31.99811,51.37086],[31.99646,51.35707],[31.98747,51.35353],[32.00408,51.34859],[32.02854,51.32598],[31.98497,51.31204],[31.99152,51.30016],[31.98179,51.29235],[31.9612,51.2986],[31.95005,51.29747],[31.94998,51.28986],[31.92638,51.29251],[31.90998,51.26233],[31.89953,51.26451],[31.88214,51.24379],[31.88383,51.23711],[31.87615,51.23523],[31.87021,51.24347],[31.85048,51.24449],[31.83873,51.2381],[31.84808,51.23238],[31.81663,51.23047],[31.7411,51.24956],[31.73272,51.23823],[31.71534,51.24581],[31.71102,51.2399],[31.69859,51.24265],[31.69112,51.23286],[31.65949,51.22501],[31.64138,51.23886],[31.62248,51.24248],[31.54379,51.23334],[31.527,51.21974],[31.49703,51.2152],[31.49022,51.20346],[31.52373,51.19962],[31.52511,51.19059],[31.47604,51.18776],[31.44059,51.17766],[31.43139,51.16333],[31.43017,51.14336],[31.41441,51.13342],[31.42345,51.12529],[31.38901,51.12141],[31.38953,51.10457],[31.38294,51.09975],[31.33767,51.09241],[31.34223,51.10158],[31.31612,51.10315],[31.31393,51.08896],[31.29325,51.086],[31.29351,51.07207],[31.27921,51.07151],[31.31355,51.053],[31.31746,51.04506],[31.2685,51.02726],[31.29528,51.01687],[31.30019,51.00889],[31.3217,51.00614],[31.33779,50.99223],[31.36739,50.99175],[31.37278,50.98336],[31.35916,50.98242],[31.33875,50.957],[31.31636,50.95192],[31.34251,50.94596],[31.35552,50.93122],[31.3195,50.92752],[31.30269,50.90828],[31.31582,50.90271],[31.30042,50.89972],[31.29947,50.86894],[31.31843,50.86585],[31.29054,50.85688],[31.24926,50.81291],[31.21727,50.81],[31.18645,50.79201],[31.24048,50.75158],[31.21557,50.74345],[31.21056,50.7488],[31.20228,50.73413],[31.19376,50.73803],[31.16725,50.73248],[31.16472,50.72518],[31.19076,50.72456],[31.19074,50.7028],[31.20597,50.70606],[31.20656,50.69655],[31.21826,50.69702],[31.22366,50.66743],[31.20355,50.65617],[31.19894,50.6448],[31.22711,50.62718],[31.21758,50.62056],[31.22775,50.61327],[31.22258,50.60678],[31.16594,50.60746],[31.16582,50.58949],[31.18745,50.58893],[31.18798,50.57455],[31.2465,50.56704],[31.25049,50.55616],[31.25958,50.55646],[31.25449,50.54361],[31.26206,50.53914],[31.31923,50.52813],[31.33043,50.50104],[31.36425,50.53086],[31.41435,50.51706],[31.41973,50.50403],[31.44509,50.50037],[31.45535,50.51084],[31.4929,50.52304],[31.52179,50.52209],[31.5226,50.53646],[31.55295,50.51969],[31.56297,50.51907],[31.57114,50.52808],[31.63035,50.52085],[31.64574,50.53145],[31.64667,50.55267],[31.66929,50.5522],[31.68348,50.56305],[31.78186,50.55945],[31.77715,50.57761],[31.78808,50.57892],[31.78229,50.60565],[31.81213,50.60591],[31.81082,50.6237],[31.88532,50.63994],[31.88886,50.64678],[31.87906,50.65512],[31.904,50.66817],[31.8951,50.67586],[31.92174,50.70963],[31.95322,50.70184],[31.95773,50.71248],[31.96841,50.71464],[31.99783,50.71004],[31.99652,50.70399],[32.01876,50.6989],[32.0253,50.7021],[32.01834,50.70842],[32.05771,50.72475],[32.04822,50.73207],[32.06818,50.7667],[32.11497,50.76155],[32.10965,50.77398],[32.10107,50.77243],[32.10249,50.78277],[32.10842,50.78436],[32.10083,50.78968],[32.10328,50.79894],[32.11374,50.80189],[32.08524,50.82197],[32.08028,50.83913],[32.06707,50.84148],[32.07347,50.86391],[32.0421,50.87485],[32.06094,50.88297],[32.05488,50.89329],[32.06905,50.89881],[32.05488,50.90855],[32.05658,50.93408],[32.0762,50.93495],[32.0854,50.9516]]]}},{"type":"Feature","properties":{"name":"Прилуцький район","oblast":"Чернігівська область","centroid":[32.5493,50.6916]},"geometry":{"type":"Polygon","coordinates":[[[33.1574,50.71472],[33.13602,50.71057],[33.15121,50.69364],[33.14677,50.65482],[33.11735,50.64778],[33.12157,50.63928],[33.10303,50.60243],[33.12305,50.59569],[33.101,50.59146],[33.09233,50.58433],[33.09713,50.57994],[33.07383,50.55666],[33.049,50.54084],[33.06496,50.51982],[33.04236,50.50203],[33.02316,50.50234],[33.02724,50.49299],[33.01313,50.48053],[33.01601,50.47083],[32.99013,50.47769],[32.97043,50.47435],[32.97867,50.46277],[32.96827,50.4589],[32.96897,50.4488],[32.9594,50.44229],[32.94964,50.44587],[32.93272,50.43672],[32.93742,50.43066],[32.91298,50.42433],[32.91747,50.40913],[32.90015,50.40676],[32.83775,50.37514],[32.79044,50.37114],[32.78734,50.36163],[32.80126,50.35627],[32.79328,50.34667],[32.75887,50.3505],[32.75,50.35964],[32.74339,50.35197],[32.74066,50.35757],[32.67092,50.35839],[32.67209,50.3704],[32.63312,50.366],[32.63438,50.35719],[32.5626,50.35885],[32.52639,50.34572],[32.51059,50.36004],[32.48653,50.36865],[32.4926,50.37768],[32.48706,50.39347],[32.49346,50.39919],[32.44692,50.39813],[32.40163,50.41225],[32.3977,50.40655],[32.36773,50.41617],[32.36507,50.42575],[32.339,50.42762],[32.31982,50.42252],[32.31582,50.41695],[32.32604,50.40303],[32.29516,50.39775],[32.29044,50.37935],[32.25161,50.37381],[32.26408,50.36208],[32.25671,50.358],[32.25459,50.34696],[32.2391,50.34866],[32.23667,50.35437],[32.22582,50.34987],[32.2179,50.35823],[32.1434,50.34843],[32.14114,50.35413],[32.16103,50.36855],[32.15475,50.37609],[32.12007,50.37969],[32.09587,50.37214],[32.07468,50.37486],[32.08415,50.38083],[32.07688,50.39259],[32.10187,50.41261],[32.09678,50.41605],[32.05656,50.39734],[32.04629,50.40188],[32.02223,50.45836],[31.97329,50.46656],[31.97001,50.47412],[31.9791,50.48185],[31.96348,50.48553],[31.97535,50.48949],[31.98259,50.48362],[31.98672,50.49665],[32.00205,50.4961],[32.00696,50.48689],[32.04708,50.49619],[32.06374,50.51176],[32.04938,50.52604],[32.06192,50.52932],[32.06337,50.54081],[31.952,50.54421],[31.9412,50.56604],[31.92026,50.57753],[31.9128,50.59628],[31.897,50.60101],[31.89118,50.60947],[31.88361,50.60717],[31.85877,50.63205],[31.88532,50.63994],[31.88886,50.64678],[31.87906,50.65512],[31.904,50.66817],[31.8951,50.67586],[31.92174,50.70963],[31.95322,50.70184],[31.95773,50.71248],[31.96841,50.71464],[31.99783,50.71004],[31.99652,50.70399],[32.01876,50.6989],[32.0253,50.7021],[32.01834,50.70842],[32.05771,50.72475],[32.04822,50.73207],[32.06818,50.7667],[32.11497,50.76155],[32.10965,50.77398],[32.10107,50.77243],[32.10249,50.78277],[32.10842,50.78436],[32.10083,50.78968],[32.10328,50.79894],[32.11374,50.80189],[32.08524,50.82197],[32.08028,50.83913],[32.06707,50.84148],[32.07347,50.86391],[32.0421,50.87485],[32.06094,50.88297],[32.05488,50.89329],[32.06905,50.89881],[32.05488,50.90855],[32.05658,50.93408],[32.0762,50.93495],[32.0854,50.9516],[32.10687,50.95408],[32.09191,50.98069],[32.12573,50.99369],[32.14858,50.98954],[32.1477,50.99633],[32.16496,50.99813],[32.18621,51.01694],[32.17941,51.02531],[32.1907,51.03432],[32.22781,51.02202],[32.26013,51.03111],[32.25973,51.02446],[32.23281,51.01825],[32.26337,51.01939],[32.27273,51.00119],[32.28432,51.00227],[32.2836,51.00871],[32.29777,51.01544],[32.31656,51.01287],[32.32296,51.02511],[32.33323,51.02982],[32.36336,51.00787],[32.36436,50.99816],[32.37248,51.00242],[32.36369,51.0087],[32.37308,51.01711],[32.40908,51.01508],[32.39702,51.04017],[32.43809,51.06936],[32.435,51.07741],[32.49354,51.08378],[32.52629,51.06529],[32.52663,51.03476],[32.53385,51.02524],[32.59256,51.01281],[32.60427,51.02608],[32.61359,51.02609],[32.68672,51.00531],[32.69886,50.99079],[32.69159,50.94953],[32.70044,50.94754],[32.70013,50.94255],[32.75793,50.93196],[32.77591,50.88939],[32.79262,50.89019],[32.83402,50.85915],[32.90302,50.88506],[32.93489,50.8906],[32.97556,50.91711],[32.96603,50.92678],[32.97147,50.9306],[33.01908,50.93512],[33.01509,50.94115],[33.01912,50.94551],[33.01172,50.95045],[32.98428,50.93979],[32.97866,50.96647],[33.00842,50.9837],[33.01003,50.99015],[33.03355,50.9995],[33.04968,50.9883],[33.07932,50.98082],[33.07809,50.99179],[33.11791,51.00671],[33.12624,51.001],[33.12154,50.99773],[33.13953,50.96761],[33.137,50.96149],[33.20031,50.96162],[33.1971,50.92023],[33.21093,50.90144],[33.19859,50.89094],[33.1809,50.89456],[33.17034,50.88802],[33.18357,50.86776],[33.17441,50.86607],[33.16954,50.85087],[33.18517,50.84869],[33.15537,50.8283],[33.16921,50.7995],[33.16438,50.7918],[33.15633,50.79226],[33.18989,50.74655],[33.20766,50.74763],[33.21221,50.73701],[33.24024,50.73235],[33.21409,50.72734],[33.21389,50.72167],[33.1574,50.71472]]]}},{"type":"Feature","properties":{"name":"Полтавський район","oblast":"Полтавська область","centroid":[34.5422,49.5689]},"geometry":{"type":"Polygon","coordinates":[[[34.04432,50.11582],[34.0808,50.12264],[34.08758,50.14736],[34.14038,50.15622],[34.13223,50.1728],[34.14358,50.21536],[34.17467,50.2507],[34.18375,50.27],[34.17522,50.27178],[34.19541,50.28389],[34.20736,50.30741],[34.2326,50.31247],[34.22534,50.32454],[34.23735,50.3295],[34.22695,50.33648],[34.23869,50.34434],[34.25131,50.34192],[34.24786,50.3361],[34.26332,50.33558],[34.26302,50.34414],[34.27241,50.34409],[34.27321,50.35229],[34.3033,50.35127],[34.31339,50.34294],[34.33621,50.34452],[34.3354,50.3502],[34.36168,50.3518],[34.36736,50.36141],[34.40971,50.33748],[34.3996,50.3185],[34.45555,50.287],[34.51989,50.28075],[34.51179,50.2744],[34.52361,50.25621],[34.51266,50.25413],[34.51431,50.24833],[34.52689,50.24029],[34.53455,50.24427],[34.52817,50.24914],[34.54341,50.24728],[34.55961,50.23719],[34.55513,50.23132],[34.55955,50.228],[34.56264,50.23629],[34.57092,50.227],[34.56021,50.20621],[34.52339,50.17735],[34.53442,50.17144],[34.52667,50.15426],[34.53756,50.15432],[34.54616,50.13248],[34.57293,50.12141],[34.58015,50.1285],[34.59311,50.12738],[34.632,50.11218],[34.66442,50.11091],[34.67682,50.1339],[34.68085,50.13088],[34.67536,50.12561],[34.6768,50.11107],[34.69827,50.11118],[34.70024,50.12079],[34.69422,50.12475],[34.70485,50.13416],[34.69986,50.14969],[34.72016,50.15086],[34.7345,50.16034],[34.74951,50.15775],[34.73987,50.14494],[34.74665,50.14465],[34.8007,50.15473],[34.79813,50.15957],[34.83295,50.15584],[34.8473,50.16565],[34.94036,50.15218],[34.93279,50.13471],[34.93737,50.09571],[34.95589,50.09329],[34.96489,50.07461],[34.93808,50.06182],[34.85631,49.98702],[34.87026,49.95733],[34.85947,49.94963],[34.8931,49.93212],[34.91246,49.93527],[34.93942,49.90348],[34.97051,49.88525],[34.98035,49.88978],[35.01429,49.87598],[35.03376,49.88734],[35.06376,49.88536],[35.05409,49.88057],[35.05604,49.87368],[35.04654,49.87232],[35.06797,49.85863],[35.09454,49.85917],[35.11914,49.85136],[35.14006,49.8597],[35.21937,49.82965],[35.21552,49.81757],[35.22219,49.80704],[35.19959,49.80045],[35.21145,49.78909],[35.20601,49.78192],[35.21227,49.77159],[35.2054,49.75648],[35.20771,49.74674],[35.22298,49.73664],[35.25936,49.73343],[35.26442,49.71659],[35.24273,49.71289],[35.25638,49.70885],[35.24366,49.69352],[35.26416,49.68516],[35.33015,49.68203],[35.34451,49.66517],[35.43337,49.67345],[35.43427,49.66596],[35.42387,49.66368],[35.42564,49.65604],[35.45233,49.63053],[35.48568,49.57201],[35.47529,49.56584],[35.40998,49.56154],[35.40494,49.55537],[35.42681,49.54962],[35.42499,49.54133],[35.43345,49.54007],[35.42866,49.52666],[35.48459,49.51651],[35.4908,49.50786],[35.48455,49.4909],[35.4813,49.48407],[35.4617,49.48368],[35.33168,49.50491],[35.31578,49.45546],[35.36389,49.44697],[35.348,49.40482],[35.37532,49.39822],[35.27914,49.31819],[35.28816,49.2965],[35.27166,49.27712],[35.25857,49.28225],[35.26293,49.28894],[35.24175,49.29703],[35.09124,49.30061],[35.07638,49.31808],[35.03669,49.33183],[35.02411,49.3256],[35.019,49.31836],[35.02391,49.31709],[35.0112,49.30043],[35.00637,49.30203],[34.98037,49.25019],[35.0158,49.14989],[34.97715,49.181],[34.94851,49.19394],[34.9359,49.18079],[34.93073,49.1857],[34.92533,49.18098],[34.91958,49.15571],[34.90841,49.15659],[34.89935,49.14905],[34.86718,49.1648],[34.87796,49.1717],[34.89644,49.16927],[34.90192,49.17801],[34.88374,49.17773],[34.8466,49.19126],[34.82013,49.18687],[34.82707,49.17504],[34.81174,49.16667],[34.80577,49.16833],[34.80926,49.17511],[34.80316,49.17351],[34.80386,49.17912],[34.78358,49.1795],[34.75865,49.16848],[34.76536,49.15119],[34.74907,49.14063],[34.73996,49.14459],[34.70469,49.12973],[34.69332,49.13556],[34.67965,49.1301],[34.68268,49.12175],[34.66456,49.11917],[34.65188,49.12309],[34.64825,49.1316],[34.60023,49.10902],[34.59089,49.11196],[34.59488,49.09415],[34.57228,49.09522],[34.56393,49.07292],[34.57391,49.06326],[34.5582,49.05541],[34.54387,49.05416],[34.5155,49.07199],[34.49956,49.06147],[34.47513,49.07363],[34.46557,49.06444],[34.40197,49.09361],[34.41579,49.05482],[34.39034,49.05039],[34.39553,49.04329],[34.36038,49.0333],[34.36391,49.02838],[34.3522,49.02133],[34.35354,49.01666],[34.33187,49.00863],[34.32565,48.99873],[34.3459,48.99263],[34.34353,48.98852],[34.35312,48.9838],[34.31202,48.94059],[34.30015,48.89584],[34.31169,48.88944],[34.30613,48.88478],[34.33751,48.87147],[34.33618,48.85612],[34.35004,48.85633],[34.35061,48.84997],[34.33847,48.84056],[34.32535,48.8443],[34.32309,48.82883],[34.34296,48.8284],[34.33854,48.82042],[34.29716,48.82073],[34.29808,48.78454],[34.31399,48.78493],[34.32325,48.7924],[34.34231,48.78321],[34.30892,48.76529],[34.31651,48.75618],[34.30795,48.74541],[34.31417,48.73897],[34.30265,48.73424],[34.30655,48.7276],[34.29334,48.7238],[34.29668,48.73796],[34.28645,48.74389],[34.24899,48.7445],[34.23111,48.75696],[34.20223,48.75998],[34.17671,48.77746],[34.14986,48.77512],[34.132,48.7816],[34.12172,48.79231],[34.12687,48.81227],[34.1199,48.82245],[34.0724,48.82489],[34.03465,48.84391],[34.03102,48.8579],[34.01975,48.86541],[33.98186,48.86574],[33.9309,48.87975],[34.01299,48.934],[33.97762,48.95802],[33.92664,48.97853],[33.92664,48.9881],[33.88269,48.98833],[33.88304,49.01367],[33.92818,49.01299],[33.96406,49.02397],[33.98664,49.02003],[33.99187,49.03314],[33.98243,49.03477],[33.98812,49.04853],[33.97419,49.05075],[33.98576,49.08319],[34.04612,49.07528],[34.05337,49.07937],[34.0567,49.11198],[34.08847,49.11302],[34.10066,49.1617],[34.08918,49.16348],[34.09512,49.17737],[34.04357,49.18409],[34.03755,49.2048],[34.04358,49.20879],[34.02981,49.23789],[34.00584,49.2528],[34.00665,49.26036],[34.02808,49.27706],[34.02812,49.28525],[34.01482,49.2935],[34.00429,49.31239],[33.99046,49.31164],[33.97956,49.36861],[33.92725,49.3714],[33.9148,49.36439],[33.87374,49.38725],[33.88821,49.38968],[33.88928,49.39596],[33.87162,49.39625],[33.87388,49.40525],[33.86428,49.40981],[33.86847,49.41379],[33.82856,49.40658],[33.80304,49.40992],[33.80022,49.41665],[33.80577,49.41991],[33.7904,49.42712],[33.79896,49.43722],[33.79102,49.44579],[33.80791,49.45292],[33.81343,49.46858],[33.80403,49.47671],[33.77563,49.47302],[33.76281,49.48835],[33.73815,49.50009],[33.70237,49.50528],[33.69706,49.53317],[33.66752,49.57311],[33.67925,49.57179],[33.68389,49.58917],[33.6967,49.5913],[33.7238,49.58715],[33.74545,49.59347],[33.75652,49.58612],[33.76717,49.59269],[33.7641,49.58038],[33.79242,49.58238],[33.80971,49.60331],[33.84036,49.60424],[33.83967,49.61317],[33.86859,49.61569],[33.86911,49.64597],[33.90916,49.64732],[33.93121,49.66231],[33.94951,49.65968],[33.94763,49.66746],[33.95375,49.66945],[33.95148,49.67582],[33.94432,49.6749],[33.93931,49.68864],[33.91208,49.68355],[33.90825,49.69107],[33.94118,49.7027],[33.93917,49.7105],[33.95308,49.7122],[33.96149,49.70333],[34.00206,49.69826],[34.03283,49.69962],[34.0391,49.70492],[34.03827,49.71455],[34.0549,49.7139],[34.06904,49.73051],[34.05767,49.74125],[34.06364,49.74742],[34.04757,49.74164],[34.04594,49.75518],[34.0676,49.75824],[34.07048,49.7535],[34.09097,49.76061],[34.09403,49.76726],[34.12405,49.76581],[34.13247,49.77645],[34.14158,49.77665],[34.14083,49.79355],[34.18096,49.7888],[34.18067,49.79685],[34.22634,49.80212],[34.22166,49.81167],[34.23282,49.8214],[34.23331,49.85872],[34.2538,49.8687],[34.23456,49.88443],[34.23459,49.89265],[34.29214,49.90351],[34.28557,49.91829],[34.26971,49.93164],[34.26244,49.93094],[34.25666,49.94245],[34.29014,49.94703],[34.28722,49.96492],[34.24315,49.96234],[34.23849,49.99825],[34.22868,50.01441],[34.21095,50.02041],[34.21263,50.03998],[34.19279,50.04061],[34.16509,50.05456],[34.1567,50.04794],[34.13744,50.0661],[34.12028,50.0583],[34.10733,50.05892],[34.09608,50.06756],[34.08979,50.06269],[34.06174,50.07643],[34.07173,50.08235],[34.05937,50.09052],[34.05228,50.07997],[34.03019,50.08231],[34.04668,50.09264],[34.03773,50.09915],[34.04237,50.10767],[34.03646,50.10901],[34.04432,50.11582]]]}},{"type":"Feature","properties":{"name":"Кременчуцький район","oblast":"Полтавська область","centroid":[33.3369,49.3323]},"geometry":{"type":"Polygon","coordinates":[[[33.68591,48.95432],[33.7185,48.94015],[33.76202,48.94607],[33.81917,48.93699],[33.9309,48.87975],[34.01299,48.934],[33.97762,48.95802],[33.92664,48.97853],[33.92664,48.9881],[33.88269,48.98833],[33.88304,49.01367],[33.92818,49.01299],[33.96406,49.02397],[33.98664,49.02003],[33.99187,49.03314],[33.98243,49.03477],[33.98812,49.04853],[33.97419,49.05075],[33.98576,49.08319],[34.04612,49.07528],[34.05337,49.07937],[34.0567,49.11198],[34.08847,49.11302],[34.10066,49.1617],[34.08918,49.16348],[34.09512,49.17737],[34.04357,49.18409],[34.03755,49.2048],[34.04358,49.20879],[34.02981,49.23789],[34.00584,49.2528],[34.00665,49.26036],[34.02808,49.27706],[34.02812,49.28525],[34.01482,49.2935],[34.00429,49.31239],[33.99046,49.31164],[33.97956,49.36861],[33.92725,49.3714],[33.9148,49.36439],[33.87374,49.38725],[33.88821,49.38968],[33.88928,49.39596],[33.87162,49.39625],[33.87388,49.40525],[33.86428,49.40981],[33.86847,49.41379],[33.82856,49.40658],[33.80304,49.40992],[33.80022,49.41665],[33.80577,49.41991],[33.7903,49.42751],[33.79896,49.43722],[33.79285,49.4495],[33.80791,49.45292],[33.81286,49.46073],[33.81343,49.46858],[33.80403,49.47671],[33.77563,49.47302],[33.76281,49.48835],[33.73815,49.50009],[33.711,49.5018],[33.68876,49.51673],[33.64201,49.52213],[33.61734,49.57639],[33.48892,49.60814],[33.49518,49.61222],[33.44122,49.62128],[33.44676,49.63618],[33.40917,49.64245],[33.38117,49.65729],[33.36599,49.64884],[33.36246,49.65414],[33.34905,49.64824],[33.32047,49.64879],[33.3151,49.64001],[33.29783,49.6457],[33.28369,49.63896],[33.26313,49.6484],[33.26036,49.66024],[33.18874,49.66298],[33.18848,49.64569],[33.17391,49.64794],[33.14098,49.66015],[33.15385,49.67304],[33.13893,49.68008],[33.15088,49.69231],[33.12955,49.70174],[33.11798,49.69562],[33.05909,49.71457],[33.04479,49.72756],[33.05264,49.73213],[33.01774,49.75481],[33.00733,49.74724],[32.98687,49.75285],[32.97485,49.74812],[32.9682,49.75171],[32.97397,49.76084],[32.92117,49.77313],[32.91007,49.79039],[32.8806,49.79632],[32.87988,49.78458],[32.87366,49.78854],[32.87505,49.80133],[32.86967,49.80114],[32.87306,49.8079],[32.85754,49.80687],[32.85955,49.80316],[32.85067,49.80286],[32.85955,49.79832],[32.85,49.79728],[32.8557,49.79197],[32.84901,49.78511],[32.81737,49.78485],[32.81637,49.77607],[32.80971,49.77329],[32.82316,49.76691],[32.8196,49.75549],[32.78164,49.75022],[32.76418,49.73791],[32.75655,49.74202],[32.7483,49.73679],[32.74318,49.74224],[32.72331,49.73814],[32.72331,49.72603],[32.73017,49.72382],[32.72413,49.72057],[32.72727,49.71239],[32.71373,49.69779],[32.71635,49.69219],[32.70518,49.69125],[32.70214,49.68467],[32.70711,49.68054],[32.69911,49.67859],[32.69641,49.67153],[32.70128,49.67021],[32.68966,49.6599],[32.7086,49.65685],[32.70498,49.65111],[32.70957,49.64919],[32.70132,49.6479],[32.70384,49.63528],[32.71465,49.63051],[32.71052,49.62402],[32.71612,49.61902],[32.70712,49.61621],[32.7147,49.61457],[32.71534,49.59989],[32.73514,49.59617],[32.73337,49.58991],[32.74095,49.59206],[32.74033,49.58594],[32.74667,49.58732],[32.74465,49.5834],[32.7534,49.57891],[32.74729,49.57567],[32.75589,49.54908],[32.7463,49.54862],[32.75554,49.53962],[32.74888,49.53851],[32.75052,49.52382],[32.71664,49.50202],[32.67761,49.49867],[32.66647,49.46667],[32.67304,49.44797],[32.65116,49.43615],[32.67917,49.42536],[32.6776,49.40085],[32.69019,49.38513],[32.71243,49.38474],[32.73714,49.37206],[32.7378,49.35344],[32.67402,49.35264],[32.59502,49.37767],[32.56184,49.38493],[32.54651,49.38148],[32.51001,49.40801],[32.49263,49.39378],[32.4773,49.35588],[32.46179,49.3473],[32.46306,49.34255],[32.47928,49.34168],[32.46799,49.32793],[32.47763,49.32173],[32.56683,49.28283],[32.5966,49.27591],[32.61031,49.25349],[32.63423,49.26],[32.65826,49.24745],[32.67917,49.25577],[32.71395,49.25735],[32.75643,49.24295],[32.76395,49.23286],[32.79878,49.23943],[32.8155,49.24883],[32.84744,49.24931],[32.89102,49.23201],[32.92902,49.22963],[32.98345,49.2401],[32.98835,49.23041],[32.98313,49.21146],[33.00025,49.19885],[33.01183,49.20289],[33.03311,49.18575],[33.102,49.18521],[33.12087,49.17484],[33.12019,49.16526],[33.15808,49.12963],[33.15085,49.122],[33.15732,49.11259],[33.15589,49.09879],[33.18697,49.09641],[33.19715,49.08857],[33.19008,49.08187],[33.19987,49.0736],[33.22325,49.07736],[33.22673,49.08488],[33.24491,49.07901],[33.24867,49.08593],[33.24799,49.14617],[33.24035,49.16674],[33.26184,49.15292],[33.26816,49.13411],[33.3043,49.11834],[33.28842,49.09716],[33.26204,49.0919],[33.28715,49.08392],[33.31051,49.0627],[33.31996,49.06155],[33.31669,49.04244],[33.32774,49.03429],[33.32787,49.0248],[33.29755,49.01052],[33.32502,48.96138],[33.31359,48.95828],[33.31962,48.94901],[33.35181,48.95294],[33.4012,48.92784],[33.40362,48.95979],[33.42356,48.9561],[33.42239,48.95089],[33.41558,48.95175],[33.42128,48.94876],[33.43157,48.95679],[33.47612,48.95203],[33.4743,48.91474],[33.497,48.9264],[33.53733,48.93136],[33.54766,48.91266],[33.57516,48.91103],[33.56767,48.91883],[33.58932,48.91685],[33.6091,48.93845],[33.60064,48.94185],[33.61723,48.9581],[33.63404,48.96166],[33.63834,48.97451],[33.66564,48.97831],[33.68591,48.95432]]]}},{"type":"Feature","properties":{"name":"Дубенський район","oblast":"Рівненська область","centroid":[25.5711,50.3902]},"geometry":{"type":"Polygon","coordinates":[[[25.11693,50.28322],[25.11141,50.29423],[25.1015,50.29508],[25.10042,50.30037],[25.11036,50.30521],[25.10899,50.31218],[25.13194,50.31054],[25.12959,50.31846],[25.16611,50.33099],[25.14591,50.3442],[25.15194,50.35197],[25.14111,50.36947],[25.16899,50.37972],[25.17916,50.36234],[25.19874,50.36314],[25.20997,50.38109],[25.19824,50.39316],[25.16978,50.39576],[25.16825,50.41713],[25.15806,50.42291],[25.15861,50.42889],[25.13952,50.42794],[25.13755,50.43747],[25.15359,50.44321],[25.14916,50.45218],[25.13793,50.45287],[25.13827,50.46093],[25.08413,50.47538],[25.15146,50.46642],[25.1602,50.50527],[25.14408,50.5212],[25.12267,50.52825],[25.12226,50.55377],[25.13689,50.54783],[25.19162,50.55126],[25.19189,50.54267],[25.23008,50.54107],[25.25632,50.53262],[25.29618,50.53942],[25.31093,50.54631],[25.32149,50.56863],[25.31879,50.58355],[25.30036,50.57966],[25.30493,50.59799],[25.29841,50.59831],[25.29885,50.6096],[25.29247,50.6108],[25.29198,50.63062],[25.31219,50.62876],[25.32751,50.61204],[25.35017,50.61474],[25.34953,50.61019],[25.39114,50.60548],[25.40614,50.61167],[25.3879,50.61918],[25.38287,50.62467],[25.38639,50.62965],[25.36559,50.63676],[25.36311,50.64337],[25.35166,50.6415],[25.35299,50.64917],[25.35724,50.64519],[25.38737,50.65797],[25.38738,50.6759],[25.3758,50.68201],[25.37919,50.6858],[25.37198,50.68536],[25.37933,50.69065],[25.38656,50.68976],[25.40459,50.66897],[25.45987,50.66215],[25.45986,50.67518],[25.4697,50.68005],[25.47536,50.67242],[25.57891,50.70011],[25.60168,50.69629],[25.59738,50.71666],[25.6274,50.71415],[25.69426,50.72483],[25.69464,50.70386],[25.72214,50.68353],[25.70759,50.67917],[25.70883,50.6714],[25.74255,50.6697],[25.77275,50.67622],[25.79272,50.66655],[25.82929,50.61974],[25.8098,50.60572],[25.81724,50.5982],[25.8208,50.60538],[25.85077,50.60949],[25.88623,50.60035],[25.8906,50.59435],[25.9055,50.59508],[25.91219,50.59075],[25.91358,50.56699],[25.91874,50.56505],[25.90786,50.56006],[25.94197,50.5356],[25.95523,50.54506],[25.9918,50.53544],[25.97336,50.51968],[25.97809,50.51281],[26.01592,50.51173],[26.02328,50.50496],[26.06782,50.52321],[26.0862,50.54069],[26.09317,50.5385],[26.10424,50.49854],[26.09815,50.47449],[26.08007,50.48063],[26.07147,50.45761],[26.0564,50.44268],[26.07717,50.43152],[26.06813,50.41807],[26.06978,50.4091],[26.0589,50.40984],[26.06439,50.38414],[26.02803,50.38014],[25.97395,50.39298],[25.92063,50.39106],[25.93962,50.38278],[25.92711,50.36813],[25.95104,50.35174],[25.97196,50.35203],[25.99515,50.31083],[26.02969,50.28586],[26.06119,50.26901],[26.13011,50.27224],[26.11255,50.24242],[26.065,50.25748],[26.02015,50.22962],[26.00867,50.22887],[25.99716,50.24179],[25.97042,50.24567],[25.96304,50.25632],[25.92372,50.25451],[25.9232,50.24836],[25.87735,50.21902],[25.85737,50.19147],[25.82172,50.18059],[25.79691,50.18504],[25.75973,50.17874],[25.72881,50.18681],[25.72419,50.17295],[25.68424,50.17687],[25.62549,50.15219],[25.57572,50.17646],[25.5542,50.15037],[25.49929,50.15649],[25.50093,50.16448],[25.47605,50.16614],[25.44924,50.15042],[25.44844,50.12441],[25.45575,50.11683],[25.48382,50.11415],[25.48903,50.10182],[25.45404,50.0943],[25.45721,50.08203],[25.43863,50.07196],[25.43139,50.05298],[25.36357,50.04592],[25.35902,50.01677],[25.34923,50.0178],[25.3466,50.00404],[25.31949,50.01568],[25.19725,50.13103],[25.20817,50.16172],[25.20103,50.16666],[25.21507,50.17958],[25.16542,50.20917],[25.16946,50.22301],[25.18459,50.22595],[25.18151,50.23227],[25.19013,50.24882],[25.20677,50.2473],[25.20494,50.2793],[25.16258,50.29038],[25.11693,50.28322]]]}},{"type":"Feature","properties":{"name":"Вараський район","oblast":"Рівненська область","centroid":[25.992,51.5952]},"geometry":{"type":"Polygon","coordinates":[[[25.87354,51.31586],[25.87597,51.30611],[25.88803,51.30529],[25.88854,51.29528],[25.89872,51.30047],[25.89306,51.29131],[25.91555,51.28882],[25.922,51.28016],[25.93831,51.27766],[25.93057,51.26979],[25.93737,51.26382],[25.93104,51.26382],[25.93444,51.25578],[25.94706,51.25065],[25.94626,51.23245],[25.99585,51.2277],[26.05896,51.18448],[26.07144,51.19879],[26.10562,51.20249],[26.15559,51.23253],[26.25769,51.23514],[26.26915,51.2544],[26.25711,51.25563],[26.24876,51.26771],[26.20988,51.26962],[26.2136,51.28382],[26.18272,51.29863],[26.18944,51.30787],[26.20417,51.31154],[26.21043,51.33353],[26.22877,51.32339],[26.23304,51.33404],[26.24084,51.33316],[26.23538,51.31867],[26.21833,51.31316],[26.24197,51.30649],[26.23026,51.29732],[26.31287,51.31307],[26.32736,51.30477],[26.32212,51.30863],[26.32584,51.31484],[26.36413,51.32286],[26.3392,51.33027],[26.33144,51.33929],[26.33354,51.35272],[26.35876,51.35424],[26.38243,51.37801],[26.42776,51.38652],[26.42622,51.39123],[26.43987,51.39798],[26.4395,51.39273],[26.45081,51.40413],[26.4428,51.41018],[26.44835,51.41809],[26.4271,51.42878],[26.37775,51.42004],[26.35654,51.45035],[26.35936,51.46431],[26.30088,51.45619],[26.28549,51.47119],[26.3185,51.47945],[26.32055,51.49209],[26.22696,51.54834],[26.24151,51.5547],[26.29681,51.55586],[26.313,51.58063],[26.28973,51.58489],[26.27555,51.60789],[26.29851,51.64068],[26.2592,51.66235],[26.22041,51.6749],[26.2076,51.66775],[26.19798,51.68675],[26.17723,51.68088],[26.1694,51.69735],[26.18026,51.69267],[26.18199,51.69785],[26.19441,51.69819],[26.24095,51.7333],[26.2779,51.72697],[26.28803,51.71616],[26.30851,51.71097],[26.35041,51.7093],[26.33958,51.73343],[26.32183,51.73711],[26.32709,51.74955],[26.3497,51.75704],[26.34659,51.76697],[26.40048,51.76366],[26.41951,51.77081],[26.43965,51.76156],[26.46708,51.78815],[26.47016,51.81288],[26.43885,51.81858],[26.42736,51.83307],[26.39571,51.83115],[26.39478,51.87683],[26.372,51.86221],[26.30385,51.85976],[26.27304,51.87093],[26.15511,51.86422],[26.1551,51.88023],[26.14163,51.87432],[26.12316,51.893],[26.10353,51.89931],[26.09439,51.91203],[26.04781,51.91362],[26.04322,51.92547],[25.99906,51.93304],[25.92404,51.91549],[25.86415,51.92544],[25.82548,51.92464],[25.8186,51.92868],[25.82387,51.94305],[25.76546,51.95007],[25.77506,51.9324],[25.76748,51.93015],[25.77221,51.92161],[25.70933,51.91617],[25.59284,51.92453],[25.59454,51.91506],[25.62822,51.90349],[25.70865,51.89468],[25.66736,51.87393],[25.64013,51.84923],[25.63895,51.83687],[25.64902,51.82905],[25.65016,51.81885],[25.63663,51.81421],[25.63165,51.8041],[25.65937,51.78363],[25.64971,51.76675],[25.66071,51.7651],[25.66953,51.7732],[25.68292,51.75587],[25.66161,51.73035],[25.66569,51.71994],[25.64824,51.70816],[25.6493,51.69402],[25.63634,51.68869],[25.64109,51.68175],[25.62571,51.6719],[25.62692,51.66552],[25.60868,51.64111],[25.58873,51.64448],[25.57762,51.62465],[25.56679,51.62638],[25.56777,51.63272],[25.52992,51.63111],[25.53193,51.61398],[25.55534,51.62437],[25.56404,51.60294],[25.57899,51.60889],[25.5858,51.59209],[25.59866,51.58097],[25.59105,51.57009],[25.59598,51.56232],[25.57422,51.55508],[25.56523,51.5398],[25.5953,51.52466],[25.54998,51.51941],[25.55541,51.50072],[25.61023,51.50708],[25.6021,51.49319],[25.62393,51.49516],[25.61805,51.47725],[25.6415,51.47883],[25.64243,51.44486],[25.63617,51.43918],[25.6465,51.41685],[25.67162,51.41673],[25.68742,51.40545],[25.68994,51.39309],[25.69941,51.39465],[25.70384,51.38398],[25.69141,51.3834],[25.69496,51.37567],[25.72475,51.38058],[25.71722,51.38901],[25.72489,51.4001],[25.75967,51.40035],[25.75527,51.38112],[25.78122,51.37424],[25.78895,51.37866],[25.80723,51.37461],[25.83107,51.38709],[25.84427,51.37566],[25.8243,51.36599],[25.83549,51.36233],[25.82119,51.34548],[25.84742,51.32013],[25.87354,51.31586]]]}},{"type":"Feature","properties":{"name":"Рівненський район","oblast":"Рівненська область","centroid":[26.5271,50.7353]},"geometry":{"type":"Polygon","coordinates":[[[26.30257,50.20587],[26.30494,50.19822],[26.2871,50.1845],[26.22942,50.17225],[26.17902,50.19735],[26.19177,50.21855],[26.18539,50.21692],[26.18549,50.22914],[26.21185,50.2302],[26.20988,50.24848],[26.21778,50.24822],[26.22116,50.26683],[26.19127,50.26278],[26.17035,50.24459],[26.16574,50.23086],[26.11255,50.24242],[26.13011,50.27224],[26.06119,50.26901],[25.99515,50.31083],[25.97196,50.35203],[25.95104,50.35174],[25.92711,50.36813],[25.93962,50.38278],[25.92063,50.39106],[25.93105,50.39307],[26.00912,50.38869],[26.02803,50.38014],[26.06439,50.38414],[26.0589,50.40984],[26.06978,50.4091],[26.06813,50.41807],[26.07717,50.43152],[26.0564,50.44268],[26.07147,50.45761],[26.08007,50.48063],[26.09815,50.47449],[26.10424,50.49854],[26.09317,50.5385],[26.0862,50.54069],[26.06782,50.52321],[26.02328,50.50496],[26.01592,50.51173],[25.97809,50.51281],[25.97336,50.51968],[25.9918,50.53544],[25.95523,50.54506],[25.94197,50.5356],[25.90786,50.56006],[25.91874,50.56505],[25.91358,50.56699],[25.91219,50.59075],[25.9055,50.59508],[25.8906,50.59435],[25.88623,50.60035],[25.85077,50.60949],[25.8208,50.60538],[25.8176,50.59819],[25.80991,50.60544],[25.84445,50.63096],[25.82349,50.64662],[25.86932,50.68734],[25.87857,50.70856],[25.87179,50.73844],[25.88696,50.76443],[25.8905,50.79918],[25.90043,50.81372],[25.9026,50.83191],[26.02196,50.82091],[26.02956,50.84032],[26.03958,50.84177],[26.03796,50.85084],[26.01234,50.86633],[26.00131,50.86204],[25.99161,50.86581],[26.00071,50.93522],[25.96682,50.95694],[26.08475,50.97331],[26.07885,50.98994],[26.08563,51.00274],[26.10726,51.00521],[26.08763,51.05247],[26.01694,51.08338],[25.98211,51.07758],[25.94098,51.0845],[25.9467,51.08676],[25.94999,51.10305],[25.93823,51.11253],[25.94191,51.11908],[25.95946,51.12573],[26.00571,51.12486],[26.05877,51.14258],[26.07084,51.15556],[26.05872,51.17024],[26.06778,51.17692],[26.05881,51.18459],[26.07144,51.19879],[26.10871,51.20592],[26.11548,51.19398],[26.10637,51.19225],[26.10348,51.18509],[26.08155,51.18136],[26.08151,51.16925],[26.15865,51.17236],[26.16569,51.15024],[26.19659,51.15943],[26.20004,51.14093],[26.21195,51.13596],[26.21876,51.11106],[26.23087,51.1177],[26.24489,51.11316],[26.2623,51.11814],[26.28396,51.10087],[26.3004,51.11191],[26.30162,51.10361],[26.30604,51.10571],[26.31577,51.09408],[26.34589,51.09288],[26.36334,51.07846],[26.34815,51.06951],[26.35599,51.06119],[26.35225,51.05327],[26.43595,51.05101],[26.47131,51.02718],[26.48377,51.03359],[26.47396,51.05983],[26.47848,51.0667],[26.50704,51.05865],[26.51191,51.04486],[26.50227,51.04364],[26.50743,51.03838],[26.51974,51.05085],[26.50971,51.05475],[26.48878,51.08127],[26.47077,51.07869],[26.44922,51.09445],[26.49562,51.08281],[26.51165,51.08991],[26.53367,51.08812],[26.50861,51.0996],[26.47532,51.13004],[26.49554,51.14635],[26.56015,51.17639],[26.62995,51.18395],[26.63555,51.18183],[26.63337,51.16318],[26.66436,51.14577],[26.66266,51.12567],[26.67367,51.11034],[26.65625,51.10461],[26.68748,51.09495],[26.71722,51.10454],[26.72208,51.11594],[26.74356,51.12902],[26.74621,51.1204],[26.74911,51.1279],[26.76356,51.12278],[26.77393,51.12693],[26.78444,51.13369],[26.79037,51.14837],[26.80695,51.13497],[26.86949,51.13982],[26.87019,51.13047],[26.97266,51.13353],[27.06718,51.08836],[27.08897,51.05997],[27.1336,51.05598],[27.14141,51.04971],[27.13457,51.03795],[27.13674,51.02791],[27.14576,51.02688],[27.17501,50.99636],[27.20341,50.99103],[27.21927,50.97319],[27.22571,50.96226],[27.22308,50.95217],[27.23828,50.94541],[27.23395,50.9381],[27.23872,50.93685],[27.2204,50.93085],[27.21676,50.91994],[27.25685,50.89597],[27.24373,50.86977],[27.24907,50.85764],[27.23204,50.8392],[27.24174,50.82562],[27.2337,50.79546],[27.24364,50.79284],[27.24243,50.77006],[27.27154,50.76129],[27.26257,50.74561],[27.2738,50.73428],[27.2701,50.72903],[27.27537,50.72122],[27.27241,50.71199],[27.25878,50.70352],[27.26134,50.69855],[27.2502,50.69266],[27.25431,50.68927],[27.24461,50.67307],[27.20373,50.66612],[27.20355,50.65975],[27.21359,50.65737],[27.2075,50.64364],[27.2138,50.6397],[27.20048,50.63268],[27.20522,50.6285],[27.18643,50.62549],[27.22457,50.60536],[27.21519,50.58832],[27.2304,50.56669],[27.1307,50.56085],[27.12218,50.57608],[27.12714,50.57536],[27.13068,50.58792],[27.11793,50.59473],[27.10369,50.58381],[27.07947,50.58366],[27.06482,50.56207],[27.0766,50.55441],[27.07282,50.55097],[27.01753,50.55899],[27.00754,50.5396],[26.98832,50.53339],[26.9828,50.52273],[26.93573,50.53155],[26.89967,50.54634],[26.87931,50.53415],[26.85655,50.509],[26.82724,50.52305],[26.81753,50.50251],[26.77839,50.5021],[26.78178,50.49566],[26.76505,50.48907],[26.76867,50.47748],[26.76009,50.47667],[26.76162,50.47041],[26.78918,50.47523],[26.7866,50.46773],[26.7428,50.46152],[26.74518,50.47959],[26.73441,50.47726],[26.73492,50.46141],[26.72844,50.45728],[26.73873,50.45223],[26.73681,50.44482],[26.71737,50.44571],[26.71259,50.41695],[26.69238,50.41996],[26.68243,50.38911],[26.65931,50.39212],[26.64813,50.36478],[26.62118,50.37106],[26.60177,50.36817],[26.58672,50.33959],[26.55273,50.33023],[26.56328,50.32125],[26.56057,50.31701],[26.54261,50.31851],[26.54699,50.30978],[26.53259,50.30638],[26.52656,50.31079],[26.5208,50.3047],[26.5269,50.30034],[26.49589,50.27569],[26.49539,50.26722],[26.50235,50.26208],[26.48316,50.2657],[26.4521,50.2604],[26.46236,50.26491],[26.45866,50.26919],[26.43881,50.26032],[26.39616,50.26521],[26.38302,50.26076],[26.38154,50.25305],[26.36203,50.25166],[26.34928,50.23854],[26.32399,50.23114],[26.32479,50.22529],[26.30257,50.20587]]]}},{"type":"Feature","properties":{"name":"Сарненський район","oblast":"Рівненська область","centroid":[26.8757,51.4264]},"geometry":{"type":"Polygon","coordinates":[[[26.37775,51.42004],[26.35654,51.45035],[26.35936,51.46431],[26.30088,51.45619],[26.28549,51.47119],[26.3185,51.47945],[26.32055,51.49209],[26.22696,51.54834],[26.24151,51.5547],[26.29681,51.55586],[26.313,51.58063],[26.28973,51.58489],[26.27555,51.60789],[26.29851,51.64068],[26.2592,51.66235],[26.22041,51.6749],[26.2076,51.66775],[26.19798,51.68675],[26.17723,51.68088],[26.1694,51.69735],[26.18026,51.69267],[26.18199,51.69785],[26.19441,51.69819],[26.24095,51.7333],[26.2779,51.72697],[26.28803,51.71616],[26.30851,51.71097],[26.35041,51.7093],[26.33958,51.73343],[26.32183,51.73711],[26.32709,51.74955],[26.3497,51.75704],[26.34659,51.76697],[26.40048,51.76366],[26.41951,51.77081],[26.43965,51.76156],[26.46708,51.78815],[26.47196,51.80036],[26.5467,51.79602],[26.55597,51.80406],[26.5522,51.81214],[26.59017,51.82052],[26.59262,51.83033],[26.61159,51.82427],[26.6936,51.8233],[26.70846,51.81134],[26.72916,51.81573],[26.75732,51.80185],[26.75083,51.7974],[26.76034,51.78508],[26.75564,51.78615],[26.75873,51.78058],[26.7529,51.77274],[26.76135,51.77534],[26.78722,51.7666],[26.79096,51.75709],[26.80685,51.75534],[26.817,51.76274],[26.84619,51.76618],[26.87681,51.74755],[26.90971,51.75004],[26.94825,51.73608],[26.99444,51.76882],[27.20235,51.77327],[27.20819,51.66793],[27.25026,51.66729],[27.27301,51.65442],[27.27339,51.64658],[27.24474,51.62116],[27.24923,51.61171],[27.24036,51.60181],[27.34411,51.60626],[27.35925,51.61597],[27.39276,51.60493],[27.42731,51.60587],[27.42695,51.6139],[27.45472,51.61995],[27.45531,51.61133],[27.46848,51.60666],[27.48272,51.61487],[27.48757,51.61016],[27.47973,51.60105],[27.48157,51.59392],[27.50315,51.58666],[27.52655,51.60724],[27.51254,51.60678],[27.50735,51.62984],[27.51721,51.63765],[27.54268,51.62266],[27.55017,51.63727],[27.61885,51.60541],[27.6531,51.61757],[27.7276,51.60461],[27.73464,51.59371],[27.72324,51.56285],[27.67641,51.53951],[27.67823,51.51961],[27.66309,51.51726],[27.6688,51.49692],[27.64848,51.50185],[27.62406,51.48312],[27.57884,51.47853],[27.58269,51.42983],[27.59903,51.43017],[27.61379,51.4031],[27.58436,51.40174],[27.58374,51.40738],[27.53757,51.42841],[27.52666,51.4431],[27.53453,51.45298],[27.50363,51.45198],[27.50516,51.43611],[27.49211,51.40804],[27.49456,51.37465],[27.52595,51.3664],[27.52753,51.35331],[27.52233,51.34184],[27.48974,51.31546],[27.44077,51.31059],[27.44825,51.28204],[27.46131,51.26422],[27.4471,51.25477],[27.45267,51.24831],[27.46925,51.24772],[27.47387,51.23724],[27.46367,51.23624],[27.45768,51.22379],[27.44298,51.22277],[27.4159,51.20182],[27.40069,51.20079],[27.40611,51.18783],[27.39437,51.17209],[27.39813,51.17022],[27.37396,51.15478],[27.38029,51.14773],[27.36399,51.14295],[27.36673,51.09767],[27.35385,51.0954],[27.3545,51.08715],[27.33601,51.08831],[27.32363,51.08043],[27.31744,51.05251],[27.32584,51.04225],[27.22,51.03012],[27.22868,51.0219],[27.22629,51.00795],[27.1999,51.00013],[27.20326,50.99106],[27.17501,50.99636],[27.14576,51.02688],[27.13674,51.02791],[27.13457,51.03795],[27.14141,51.04971],[27.1336,51.05598],[27.08897,51.05997],[27.06718,51.08836],[26.97266,51.13353],[26.87019,51.13047],[26.86949,51.13982],[26.80695,51.13497],[26.79037,51.14837],[26.78444,51.13369],[26.77393,51.12693],[26.76356,51.12278],[26.74911,51.1279],[26.74621,51.1204],[26.74356,51.12902],[26.72208,51.11594],[26.71722,51.10454],[26.68748,51.09495],[26.65625,51.10461],[26.67367,51.11034],[26.66266,51.12567],[26.66436,51.14577],[26.63337,51.16318],[26.63555,51.18183],[26.60452,51.18508],[26.56015,51.17639],[26.49554,51.14635],[26.47488,51.12911],[26.4961,51.11643],[26.49373,51.11227],[26.50861,51.0996],[26.53367,51.08812],[26.51165,51.08991],[26.49562,51.08281],[26.44922,51.09445],[26.47077,51.07869],[26.48878,51.08127],[26.50971,51.05475],[26.51974,51.05085],[26.50743,51.03838],[26.50227,51.04364],[26.51191,51.04486],[26.50704,51.05865],[26.47848,51.0667],[26.47396,51.05983],[26.48377,51.03359],[26.4689,51.0271],[26.46754,51.0334],[26.43595,51.05101],[26.35225,51.05327],[26.35599,51.06119],[26.34815,51.06951],[26.36334,51.07846],[26.34589,51.09288],[26.31577,51.09408],[26.30604,51.10571],[26.30162,51.10361],[26.3004,51.11191],[26.28396,51.10087],[26.2623,51.11814],[26.24489,51.11316],[26.23087,51.1177],[26.21876,51.11106],[26.21195,51.13596],[26.20004,51.14093],[26.19659,51.15943],[26.16569,51.15024],[26.15865,51.17236],[26.08151,51.16925],[26.08155,51.18136],[26.10348,51.18509],[26.10637,51.19225],[26.11548,51.19398],[26.10871,51.20592],[26.12792,51.21166],[26.15559,51.23253],[26.25769,51.23514],[26.26915,51.2544],[26.25711,51.25563],[26.24876,51.26771],[26.20988,51.26962],[26.2136,51.28382],[26.18272,51.29863],[26.18944,51.30787],[26.20417,51.31154],[26.21043,51.33353],[26.22877,51.32339],[26.23304,51.33404],[26.24084,51.33316],[26.23538,51.31867],[26.21833,51.31316],[26.24197,51.30649],[26.23026,51.29732],[26.31287,51.31307],[26.32736,51.30477],[26.32212,51.30863],[26.32584,51.31484],[26.36413,51.32286],[26.3392,51.33027],[26.33144,51.33929],[26.33354,51.35272],[26.35876,51.35424],[26.36597,51.35956],[26.36278,51.36299],[26.37029,51.36289],[26.37268,51.37303],[26.42776,51.38652],[26.42622,51.39123],[26.43987,51.39798],[26.4395,51.39273],[26.45096,51.40468],[26.44377,51.40695],[26.44508,51.4223],[26.4271,51.42878],[26.37775,51.42004]]]}},{"type":"Feature","properties":{"name":"Лубенський район","oblast":"Полтавська область","centroid":[32.8409,50.0376]},"geometry":{"type":"Polygon","coordinates":[[[33.31956,49.97387],[33.30385,49.98817],[33.28093,49.9922],[33.29546,49.99219],[33.29486,50.01096],[33.32368,50.0111],[33.32528,50.02096],[33.36796,50.02439],[33.38753,50.0586],[33.3843,50.06767],[33.40454,50.08765],[33.38903,50.08852],[33.3774,50.11142],[33.38744,50.11302],[33.39414,50.14461],[33.36959,50.14037],[33.37913,50.14844],[33.34211,50.16843],[33.35094,50.19867],[33.33765,50.20573],[33.33535,50.19948],[33.28608,50.18492],[33.2642,50.15474],[33.24566,50.14721],[33.2206,50.15023],[33.22197,50.16057],[33.2121,50.17146],[33.19502,50.17036],[33.18644,50.1802],[33.15152,50.18987],[33.16023,50.20595],[33.15088,50.2091],[33.15101,50.23395],[33.14425,50.24532],[33.12411,50.24861],[33.12618,50.26108],[33.13629,50.26478],[33.13144,50.28716],[33.12621,50.29093],[33.1082,50.28447],[33.0909,50.32482],[33.06794,50.32672],[33.06944,50.33656],[33.04386,50.33703],[33.05005,50.35949],[33.06247,50.36563],[33.05157,50.38559],[33.00065,50.38269],[33.01684,50.40855],[32.99985,50.41396],[33.00193,50.42435],[32.96188,50.4183],[32.94498,50.4306],[32.9201,50.42913],[32.92108,50.42478],[32.91298,50.42433],[32.91747,50.40913],[32.90015,50.40676],[32.83775,50.37514],[32.79044,50.37114],[32.78734,50.36163],[32.80126,50.35627],[32.79328,50.34667],[32.75887,50.3505],[32.75,50.35964],[32.74339,50.35197],[32.74066,50.35757],[32.67092,50.35839],[32.67209,50.3704],[32.63312,50.366],[32.63438,50.35719],[32.5626,50.35885],[32.52778,50.34556],[32.51059,50.36004],[32.48653,50.36865],[32.4926,50.37768],[32.48706,50.39347],[32.49346,50.39919],[32.44692,50.39813],[32.40163,50.41225],[32.3977,50.40655],[32.37309,50.41384],[32.36507,50.42575],[32.33095,50.42666],[32.31596,50.41796],[32.32604,50.40303],[32.29516,50.39775],[32.29044,50.37935],[32.27797,50.38037],[32.27859,50.37381],[32.25161,50.37381],[32.26408,50.36208],[32.25671,50.358],[32.25459,50.34696],[32.2391,50.34866],[32.23667,50.35437],[32.22582,50.34987],[32.2179,50.35823],[32.1434,50.34843],[32.15252,50.33747],[32.14291,50.32169],[32.12902,50.31601],[32.13993,50.30466],[32.08386,50.28321],[32.10091,50.27661],[32.08945,50.24698],[32.12544,50.2248],[32.11162,50.2126],[32.16241,50.18735],[32.17706,50.1649],[32.29883,50.14167],[32.30392,50.11994],[32.25029,50.11474],[32.27672,50.09692],[32.26168,50.0825],[32.31393,50.03869],[32.32162,50.03983],[32.33374,50.05838],[32.34999,50.04771],[32.3446,50.0361],[32.36464,50.03372],[32.3688,50.002],[32.37721,50.00058],[32.37888,49.98099],[32.42829,49.96038],[32.41798,49.93438],[32.43023,49.93148],[32.41935,49.92831],[32.41424,49.90346],[32.43475,49.88824],[32.40313,49.87536],[32.39304,49.8849],[32.37399,49.87445],[32.43725,49.8218],[32.44958,49.79632],[32.50394,49.80463],[32.51435,49.7743],[32.55583,49.77364],[32.57249,49.75333],[32.56832,49.7461],[32.57419,49.70254],[32.66399,49.6806],[32.66028,49.677],[32.67427,49.67561],[32.67253,49.67157],[32.68966,49.6599],[32.70128,49.67021],[32.69641,49.67153],[32.69911,49.67859],[32.70711,49.68054],[32.70214,49.68467],[32.70518,49.69125],[32.71635,49.69219],[32.71373,49.69779],[32.72727,49.71239],[32.72413,49.72057],[32.73017,49.72382],[32.72331,49.72603],[32.72331,49.73814],[32.74318,49.74224],[32.7483,49.73679],[32.75655,49.74202],[32.76418,49.73791],[32.78164,49.75022],[32.8196,49.75549],[32.82316,49.76691],[32.80971,49.77329],[32.81637,49.77607],[32.81737,49.78485],[32.84901,49.78511],[32.8557,49.79197],[32.85,49.79728],[32.85955,49.79832],[32.85067,49.80286],[32.87172,49.8084],[32.87366,49.78854],[32.87988,49.78458],[32.8806,49.79632],[32.91007,49.79039],[32.92117,49.77313],[32.97397,49.76084],[32.9682,49.75171],[32.97485,49.74812],[32.98687,49.75285],[33.00733,49.74724],[33.01774,49.75481],[33.05264,49.73213],[33.04479,49.72756],[33.05909,49.71457],[33.11798,49.69562],[33.12955,49.70174],[33.15088,49.69231],[33.13893,49.68008],[33.15385,49.67304],[33.14098,49.66015],[33.17391,49.64794],[33.18848,49.64569],[33.18874,49.66298],[33.26036,49.66024],[33.26313,49.6484],[33.28369,49.63896],[33.29783,49.6457],[33.3151,49.64001],[33.32047,49.64879],[33.34905,49.64824],[33.36246,49.65414],[33.36599,49.64884],[33.38117,49.65729],[33.40917,49.64245],[33.44676,49.63618],[33.44122,49.62128],[33.49068,49.61316],[33.51074,49.63335],[33.50529,49.63991],[33.51426,49.64837],[33.501,49.65576],[33.5003,49.69257],[33.54683,49.73734],[33.54037,49.76815],[33.58117,49.78384],[33.57989,49.82009],[33.56395,49.81999],[33.56631,49.83298],[33.49686,49.85494],[33.46428,49.85706],[33.45947,49.84927],[33.43855,49.85105],[33.43428,49.86422],[33.39748,49.88695],[33.36641,49.89132],[33.36473,49.90096],[33.37801,49.9075],[33.36808,49.9181],[33.37954,49.92437],[33.37252,49.92958],[33.38319,49.94329],[33.31956,49.97387]],[[33.21221,49.86277],[33.2358,49.86128],[33.25042,49.89284],[33.26172,49.90214],[33.2406,49.91826],[33.26492,49.93569],[33.26801,49.93032],[33.29321,49.93152],[33.29681,49.94525],[33.32542,49.95389],[33.31397,49.96883],[33.288,49.954],[33.27953,49.96338],[33.26069,49.96024],[33.25364,49.94594],[33.20839,49.92298],[33.2049,49.9134],[33.21856,49.9054],[33.20087,49.88244],[33.21221,49.86277]]]}},{"type":"Feature","properties":{"name":"Миргородський район","oblast":"Полтавська область","centroid":[33.7201,50.1284]},"geometry":{"type":"MultiPolygon","coordinates":[[[[33.31956,49.97387],[33.30385,49.98817],[33.28093,49.9922],[33.29546,49.99219],[33.29486,50.01096],[33.32368,50.0111],[33.32528,50.02096],[33.36796,50.02439],[33.38753,50.0586],[33.3843,50.06767],[33.40454,50.08765],[33.38903,50.08852],[33.3774,50.11142],[33.38744,50.11302],[33.39414,50.14461],[33.36959,50.14037],[33.37913,50.14844],[33.34211,50.16843],[33.35094,50.19867],[33.33765,50.20573],[33.33535,50.19948],[33.28608,50.18492],[33.2642,50.15474],[33.24566,50.14721],[33.2206,50.15023],[33.22197,50.16057],[33.2121,50.17146],[33.19502,50.17036],[33.18644,50.1802],[33.15152,50.18987],[33.16023,50.20595],[33.15088,50.2091],[33.15101,50.23395],[33.14425,50.24532],[33.12411,50.24861],[33.12618,50.26108],[33.13629,50.26478],[33.13144,50.28716],[33.12621,50.29093],[33.1082,50.28447],[33.0909,50.32482],[33.06794,50.32672],[33.06944,50.33656],[33.04227,50.33906],[33.05005,50.35949],[33.06247,50.36563],[33.05157,50.38559],[33.00065,50.38269],[33.01684,50.40855],[32.99985,50.41396],[33.00193,50.42435],[32.96188,50.4183],[32.93264,50.43496],[32.94964,50.44587],[32.9657,50.44482],[32.96827,50.4589],[32.97867,50.46277],[32.97274,50.47598],[33.01601,50.47083],[33.01313,50.48053],[33.02724,50.49299],[33.02316,50.50234],[33.04236,50.50203],[33.06486,50.51976],[33.10162,50.51741],[33.11871,50.50522],[33.12999,50.5122],[33.14633,50.51145],[33.15278,50.52136],[33.17263,50.52264],[33.19343,50.50785],[33.22123,50.50345],[33.23797,50.50999],[33.23427,50.51492],[33.2426,50.53894],[33.27636,50.55351],[33.3004,50.53514],[33.31766,50.533],[33.31883,50.52049],[33.37389,50.52119],[33.37497,50.4975],[33.41351,50.499],[33.41924,50.48275],[33.43379,50.47551],[33.43375,50.48446],[33.46416,50.49257],[33.47746,50.49014],[33.47812,50.48273],[33.48572,50.47988],[33.49497,50.49222],[33.50572,50.49272],[33.51362,50.48334],[33.53164,50.48026],[33.53867,50.48952],[33.5723,50.49473],[33.71744,50.46776],[33.73388,50.4585],[33.78655,50.46082],[33.78751,50.4777],[33.82997,50.48237],[33.82536,50.48824],[33.84444,50.49108],[33.85059,50.49922],[33.81632,50.50753],[33.812,50.51559],[33.89256,50.53356],[33.89699,50.52417],[33.91427,50.51416],[33.95505,50.54756],[34.00886,50.52113],[34.029,50.5062],[34.02813,50.49864],[34.04906,50.50936],[34.05804,50.50424],[34.06193,50.50816],[34.05373,50.51279],[34.06558,50.51614],[34.10292,50.5044],[34.09444,50.49029],[34.08214,50.48838],[34.09785,50.48104],[34.11024,50.48213],[34.12009,50.51003],[34.1747,50.52519],[34.20459,50.52422],[34.21956,50.53345],[34.24903,50.51861],[34.25503,50.49016],[34.249,50.46021],[34.25203,50.44088],[34.27171,50.43231],[34.28782,50.4127],[34.39099,50.36701],[34.37679,50.35874],[34.36736,50.36141],[34.36168,50.3518],[34.3354,50.3502],[34.33621,50.34452],[34.31339,50.34294],[34.3033,50.35127],[34.27321,50.35229],[34.27241,50.34409],[34.26302,50.34414],[34.26332,50.33558],[34.24786,50.3361],[34.25131,50.34192],[34.23869,50.34434],[34.22695,50.33648],[34.23735,50.3295],[34.22534,50.32454],[34.2326,50.31247],[34.20736,50.30741],[34.19541,50.28389],[34.17522,50.27178],[34.18375,50.27],[34.17467,50.2507],[34.14358,50.21536],[34.13223,50.1728],[34.14038,50.15622],[34.08758,50.14736],[34.0808,50.12264],[34.04432,50.11582],[34.03646,50.10901],[34.04237,50.10767],[34.03773,50.09915],[34.04668,50.09264],[34.03019,50.08231],[34.05228,50.07997],[34.05937,50.09052],[34.07173,50.08235],[34.06174,50.07643],[34.08979,50.06269],[34.09608,50.06756],[34.10733,50.05892],[34.12028,50.0583],[34.13744,50.0661],[34.1567,50.04794],[34.16509,50.05456],[34.19279,50.04061],[34.21263,50.03998],[34.21095,50.02041],[34.22868,50.01441],[34.23849,49.99825],[34.24315,49.96234],[34.28722,49.96492],[34.29014,49.94703],[34.25666,49.94245],[34.26244,49.93094],[34.26971,49.93164],[34.28557,49.91829],[34.29214,49.90351],[34.23459,49.89265],[34.23456,49.88443],[34.2538,49.8687],[34.23331,49.85872],[34.23282,49.8214],[34.22166,49.81167],[34.22634,49.80212],[34.18067,49.79685],[34.18096,49.7888],[34.14083,49.79355],[34.14158,49.77665],[34.13247,49.77645],[34.12405,49.76581],[34.09403,49.76726],[34.09097,49.76061],[34.07048,49.7535],[34.0676,49.75824],[34.04594,49.75518],[34.04757,49.74164],[34.06364,49.74742],[34.05767,49.74125],[34.06904,49.73051],[34.0549,49.7139],[34.03827,49.71455],[34.0391,49.70492],[34.03283,49.69962],[34.00206,49.69826],[33.96149,49.70333],[33.95308,49.7122],[33.93917,49.7105],[33.94118,49.7027],[33.90825,49.69107],[33.91208,49.68355],[33.93931,49.68864],[33.94432,49.6749],[33.95148,49.67582],[33.95375,49.66945],[33.94763,49.66746],[33.94951,49.65968],[33.93121,49.66231],[33.90916,49.64732],[33.86911,49.64597],[33.86859,49.61569],[33.83967,49.61317],[33.84036,49.60424],[33.80971,49.60331],[33.79242,49.58238],[33.7641,49.58038],[33.76717,49.59269],[33.75652,49.58612],[33.74545,49.59347],[33.7238,49.58715],[33.68389,49.58917],[33.67925,49.57179],[33.66752,49.57311],[33.69706,49.53317],[33.70128,49.51108],[33.63948,49.52386],[33.64177,49.53076],[33.61734,49.57639],[33.48892,49.60814],[33.51074,49.63335],[33.50529,49.63991],[33.51426,49.64837],[33.501,49.65576],[33.5003,49.69257],[33.54683,49.73734],[33.54037,49.76815],[33.58117,49.78384],[33.57989,49.82009],[33.56395,49.81999],[33.56631,49.83298],[33.49686,49.85494],[33.46428,49.85706],[33.45947,49.84927],[33.43855,49.85105],[33.43428,49.86422],[33.39748,49.88695],[33.36641,49.89132],[33.36473,49.90096],[33.37801,49.9075],[33.36808,49.9181],[33.37954,49.92437],[33.37252,49.92958],[33.38319,49.94329],[33.31956,49.97387]]],[[[33.31397,49.96883],[33.288,49.954],[33.27953,49.96338],[33.26069,49.96024],[33.25364,49.94594],[33.20839,49.92298],[33.2049,49.9134],[33.21856,49.9054],[33.20087,49.88244],[33.21221,49.86277],[33.2358,49.86128],[33.25042,49.89284],[33.26172,49.90214],[33.2406,49.91826],[33.26492,49.93569],[33.26801,49.93032],[33.29321,49.93152],[33.29681,49.94525],[33.32542,49.95389],[33.31397,49.96883]]]]}},{"type":"Feature","properties":{"name":"Олександрійський район","oblast":"Кіровоградська область","centroid":[33.2262,48.7068]},"geometry":{"type":"Polygon","coordinates":[[[32.77929,48.50585],[32.78355,48.50098],[32.77517,48.49383],[32.77791,48.48298],[32.7887,48.47369],[32.79228,48.45805],[32.78411,48.45337],[32.84363,48.43197],[32.84952,48.44056],[32.88379,48.44738],[32.91831,48.4643],[32.91168,48.47387],[33.01714,48.48206],[33.0127,48.50454],[33.04643,48.50758],[33.05137,48.46214],[33.0912,48.46421],[33.09456,48.44678],[33.10349,48.44755],[33.10583,48.43566],[33.07812,48.43317],[33.08281,48.40389],[33.07385,48.4033],[33.07826,48.38121],[33.06952,48.38043],[33.07142,48.37056],[33.04188,48.37077],[33.0531,48.31803],[33.10564,48.32292],[33.11063,48.2922],[33.11757,48.29283],[33.12061,48.27554],[33.13698,48.27826],[33.14236,48.25151],[33.14991,48.25226],[33.15419,48.23154],[33.14657,48.2308],[33.15608,48.18529],[33.13895,48.18258],[33.14555,48.15174],[33.1629,48.15355],[33.16558,48.14298],[33.18793,48.14537],[33.18541,48.15844],[33.21446,48.16137],[33.21272,48.16988],[33.24285,48.17252],[33.24724,48.15162],[33.27175,48.15368],[33.27699,48.1033],[33.29339,48.10197],[33.30183,48.11879],[33.31603,48.11795],[33.31653,48.12445],[33.30709,48.12784],[33.29136,48.14952],[33.31654,48.15225],[33.31555,48.15781],[33.43061,48.16994],[33.43015,48.18873],[33.47881,48.19448],[33.47745,48.1999],[33.49617,48.20215],[33.49748,48.21114],[33.49133,48.20804],[33.48475,48.2143],[33.49827,48.2169],[33.50066,48.2319],[33.51289,48.2305],[33.51117,48.21888],[33.54599,48.23488],[33.52969,48.27574],[33.51286,48.27811],[33.5179,48.28402],[33.50974,48.29179],[33.51754,48.32903],[33.47356,48.329],[33.47819,48.34929],[33.46177,48.34949],[33.45975,48.3576],[33.47321,48.36759],[33.46791,48.37035],[33.46847,48.38819],[33.49711,48.39367],[33.49494,48.40494],[33.48643,48.40451],[33.48904,48.44034],[33.46946,48.5337],[33.47974,48.53585],[33.47249,48.54492],[33.48415,48.54761],[33.48191,48.5579],[33.5116,48.55888],[33.50948,48.56814],[33.58445,48.57641],[33.59026,48.55965],[33.62321,48.56652],[33.60925,48.59947],[33.65006,48.59976],[33.66137,48.58621],[33.71433,48.61136],[33.74356,48.61504],[33.76249,48.62461],[33.76325,48.64343],[33.75662,48.65744],[33.80187,48.66278],[33.80536,48.68758],[33.75034,48.68117],[33.74627,48.69334],[33.73036,48.69213],[33.68191,48.7231],[33.65085,48.72105],[33.64982,48.7255],[33.61878,48.72756],[33.60756,48.75135],[33.59301,48.74818],[33.5851,48.75477],[33.57798,48.78016],[33.58742,48.78001],[33.58313,48.79696],[33.60243,48.79883],[33.60421,48.79193],[33.61631,48.79337],[33.61799,48.78798],[33.63812,48.79028],[33.65904,48.79311],[33.6742,48.81482],[33.68942,48.80812],[33.71526,48.81373],[33.72525,48.78921],[33.77008,48.79913],[33.77234,48.79201],[33.79312,48.79426],[33.79217,48.80059],[33.81137,48.80282],[33.81907,48.77609],[33.83012,48.76898],[33.85095,48.77081],[33.84774,48.80259],[33.86262,48.8374],[33.87367,48.84039],[33.89431,48.90195],[33.81494,48.93797],[33.76202,48.94607],[33.7185,48.94015],[33.6992,48.94533],[33.68002,48.95766],[33.66511,48.97848],[33.63719,48.97383],[33.63404,48.96166],[33.61723,48.9581],[33.60064,48.94185],[33.6091,48.93845],[33.58932,48.91685],[33.56767,48.91883],[33.57516,48.91103],[33.54766,48.91266],[33.53733,48.93136],[33.497,48.9264],[33.4743,48.91474],[33.47612,48.95203],[33.43157,48.95679],[33.42128,48.94876],[33.41558,48.95175],[33.42239,48.95089],[33.42356,48.9561],[33.40362,48.95979],[33.4012,48.92784],[33.35181,48.95294],[33.31962,48.94901],[33.31359,48.95828],[33.32502,48.96138],[33.29755,49.01052],[33.32787,49.0248],[33.32774,49.03429],[33.31669,49.04244],[33.31996,49.06155],[33.31051,49.0627],[33.28715,49.08392],[33.26204,49.0919],[33.28842,49.09716],[33.3043,49.11834],[33.26816,49.13411],[33.26184,49.15292],[33.24035,49.16674],[33.24799,49.14617],[33.24867,49.08593],[33.24491,49.07901],[33.22673,49.08488],[33.22325,49.07736],[33.19987,49.0736],[33.19008,49.08187],[33.19715,49.08857],[33.18697,49.09641],[33.15589,49.09879],[33.15732,49.11259],[33.15085,49.122],[33.15808,49.12963],[33.12019,49.16526],[33.12087,49.17484],[33.102,49.18521],[33.03311,49.18575],[33.01183,49.20289],[33.00025,49.19885],[32.98313,49.21146],[32.98835,49.23041],[32.98345,49.2401],[32.92902,49.22963],[32.89102,49.23201],[32.85912,49.24471],[32.84063,49.227],[32.80683,49.21204],[32.77495,49.18616],[32.76836,49.17109],[32.75727,49.16685],[32.76196,49.15091],[32.77719,49.14207],[32.89041,49.12656],[32.89618,49.09485],[32.84381,49.08794],[32.81447,49.07532],[32.82935,49.07477],[32.83717,49.028],[32.8427,49.02816],[32.83814,49.01603],[32.82652,49.01584],[32.82801,49.01073],[32.84536,49.01242],[32.84889,49.0027],[32.87221,49.00006],[32.87396,48.99239],[32.84355,48.99031],[32.84546,48.98069],[32.79491,48.9759],[32.79746,48.9711],[32.73333,48.96482],[32.73883,48.94369],[32.75332,48.93615],[32.74048,48.93591],[32.74167,48.93105],[32.76381,48.93241],[32.77373,48.92363],[32.77812,48.89092],[32.8084,48.89375],[32.81459,48.88626],[32.82986,48.89802],[32.85858,48.88116],[32.87204,48.88235],[32.88587,48.8155],[32.78384,48.8007],[32.8005,48.7253],[32.77765,48.71983],[32.78091,48.70546],[32.80496,48.70443],[32.80813,48.68942],[32.76404,48.68665],[32.768,48.66361],[32.75456,48.66042],[32.7771,48.64424],[32.79253,48.64377],[32.80086,48.62137],[32.83971,48.62473],[32.85814,48.63735],[32.85295,48.63157],[32.85677,48.61614],[32.80323,48.61361],[32.80099,48.60002],[32.77729,48.60586],[32.77353,48.59906],[32.78115,48.59567],[32.77413,48.57809],[32.76356,48.5774],[32.76507,48.55957],[32.75555,48.5579],[32.75916,48.54418],[32.77631,48.54416],[32.78288,48.5138],[32.77019,48.51356],[32.77929,48.50585]]]}},{"type":"Feature","properties":{"name":"Тячівський район","oblast":"Закарпатська область","centroid":[23.831,48.234]},"geometry":{"type":"Polygon","coordinates":[[[23.65968,47.98756],[23.64563,47.99181],[23.64013,48.00164],[23.61795,48.00323],[23.61531,48.00865],[23.56799,48.00277],[23.54042,48.01049],[23.525,48.02472],[23.47283,48.0364],[23.44109,48.05648],[23.43875,48.0699],[23.46299,48.0899],[23.47036,48.11418],[23.49224,48.11761],[23.4978,48.12407],[23.52989,48.11768],[23.54855,48.12941],[23.55397,48.13998],[23.5279,48.14567],[23.52788,48.15451],[23.51446,48.16343],[23.51856,48.17224],[23.51039,48.17594],[23.52722,48.20786],[23.54611,48.20579],[23.55543,48.22392],[23.5746,48.22275],[23.58735,48.25457],[23.59907,48.25469],[23.62548,48.27967],[23.63066,48.30132],[23.65685,48.31396],[23.67809,48.31192],[23.68409,48.31679],[23.66625,48.33868],[23.69509,48.34807],[23.7032,48.37227],[23.72825,48.37242],[23.72793,48.36605],[23.73672,48.36529],[23.73518,48.373],[23.75009,48.37467],[23.75575,48.3881],[23.76678,48.38477],[23.79171,48.40019],[23.81921,48.43154],[23.81135,48.43813],[23.81556,48.4451],[23.80729,48.44763],[23.83906,48.48881],[23.83896,48.50519],[23.85846,48.52239],[23.85449,48.53128],[23.86478,48.54098],[23.86014,48.55304],[23.89175,48.55445],[23.90679,48.56297],[23.913,48.55523],[23.92892,48.5523],[23.91424,48.53335],[23.92479,48.513],[23.91682,48.5071],[23.91928,48.49373],[23.90891,48.48511],[23.91009,48.47591],[23.92505,48.46527],[23.96309,48.45786],[23.9804,48.46545],[23.97325,48.47695],[24.00181,48.50599],[24.03188,48.50071],[24.06654,48.51759],[24.07708,48.51257],[24.08814,48.51981],[24.0886,48.52716],[24.10157,48.52509],[24.11185,48.53407],[24.13167,48.53004],[24.11462,48.49793],[24.14005,48.48091],[24.12611,48.46918],[24.12663,48.4521],[24.13448,48.43681],[24.14545,48.43452],[24.14116,48.40926],[24.15223,48.40173],[24.15191,48.38928],[24.1817,48.37489],[24.16595,48.35318],[24.16579,48.34054],[24.15715,48.33694],[24.16099,48.33178],[24.14486,48.31985],[24.14435,48.31338],[24.16442,48.30952],[24.16547,48.30469],[24.15515,48.29566],[24.1475,48.27547],[24.12559,48.27004],[24.12293,48.25951],[24.11608,48.26725],[24.11172,48.25446],[24.09983,48.25883],[24.10098,48.26433],[24.09338,48.26109],[24.09455,48.27032],[24.08805,48.27262],[24.07859,48.27296],[24.0751,48.25371],[24.07008,48.25607],[24.06644,48.25016],[24.06081,48.2628],[24.03478,48.26212],[24.03725,48.23425],[24.02185,48.22043],[24.02263,48.20619],[24.01217,48.19693],[23.99509,48.19157],[23.97668,48.20403],[23.96503,48.20052],[23.99602,48.18332],[23.96272,48.16099],[23.9567,48.14711],[23.93302,48.12996],[23.91926,48.1083],[23.93541,48.08768],[23.93211,48.08194],[23.94108,48.0774],[23.93516,48.06804],[23.94086,48.05268],[23.93466,48.04705],[23.90908,48.05065],[23.89215,48.04466],[23.92372,48.01359],[23.93336,47.98594],[23.96353,47.9889],[23.96453,47.97659],[23.9517,47.96751],[23.9596,47.96623],[23.94945,47.96255],[23.93946,47.9475],[23.88311,47.94381],[23.86471,47.93168],[23.84506,47.94227],[23.84095,47.95907],[23.81911,47.98322],[23.77034,47.99512],[23.75723,47.99188],[23.75119,47.99835],[23.66633,47.98348],[23.65968,47.98756]]]}},{"type":"Feature","properties":{"name":"Рахівський район","oblast":"Закарпатська область","centroid":[24.2604,48.1195]},"geometry":{"type":"Polygon","coordinates":[[[24.26726,47.9069],[24.22127,47.89689],[24.19533,47.91687],[24.16518,47.92012],[24.1423,47.91221],[24.1126,47.91475],[24.09846,47.93664],[24.06404,47.95316],[24.03231,47.94908],[24.00746,47.96757],[23.98002,47.96004],[23.97662,47.96811],[23.95004,47.96279],[23.9596,47.96623],[23.9517,47.96751],[23.96453,47.97659],[23.96353,47.9889],[23.93336,47.98594],[23.92372,48.01359],[23.89215,48.04466],[23.90908,48.05065],[23.93466,48.04705],[23.94086,48.05268],[23.93516,48.06804],[23.94108,48.0774],[23.93211,48.08194],[23.93541,48.08768],[23.91926,48.1083],[23.93302,48.12996],[23.9567,48.14711],[23.96272,48.16099],[23.99602,48.18332],[23.9668,48.1986],[23.96848,48.20439],[23.99459,48.19161],[24.0167,48.20003],[24.02263,48.20619],[24.02185,48.22043],[24.03725,48.23425],[24.03506,48.26226],[24.06081,48.2628],[24.06644,48.25016],[24.07008,48.25607],[24.0751,48.25371],[24.07859,48.27296],[24.08805,48.27262],[24.09455,48.27032],[24.09338,48.26109],[24.10098,48.26433],[24.09983,48.25883],[24.10936,48.25402],[24.11608,48.26725],[24.12293,48.25951],[24.12559,48.27004],[24.1475,48.27547],[24.15515,48.29566],[24.16547,48.30469],[24.16442,48.30952],[24.14435,48.31338],[24.14501,48.32039],[24.16099,48.33178],[24.15715,48.33694],[24.1649,48.33928],[24.16595,48.35318],[24.17839,48.3667],[24.20936,48.36514],[24.22626,48.35601],[24.24683,48.35734],[24.25823,48.34968],[24.28902,48.38066],[24.28117,48.39171],[24.29769,48.398],[24.35027,48.38131],[24.35832,48.37327],[24.35103,48.36131],[24.35755,48.35159],[24.38423,48.34558],[24.39339,48.3347],[24.41686,48.33202],[24.41611,48.326],[24.42876,48.31481],[24.44081,48.3142],[24.44538,48.30259],[24.48819,48.27984],[24.48485,48.2436],[24.52144,48.23622],[24.54557,48.21603],[24.52953,48.21145],[24.52085,48.20072],[24.52541,48.19545],[24.51067,48.18657],[24.51863,48.17454],[24.49994,48.16015],[24.50355,48.15268],[24.52346,48.14423],[24.53146,48.13528],[24.5305,48.12345],[24.5544,48.11795],[24.55904,48.10525],[24.59818,48.08867],[24.62747,48.04714],[24.5956,48.0343],[24.5761,48.0162],[24.56466,47.97141],[24.55255,47.95855],[24.52644,47.96118],[24.50429,47.95206],[24.43614,47.97038],[24.39228,47.95282],[24.38168,47.92651],[24.34523,47.9145],[24.32494,47.92601],[24.29796,47.91136],[24.26726,47.9069]]]}},{"type":"Feature","properties":{"name":"Ужгородський район","oblast":"Закарпатська область","centroid":[22.5432,48.7288]},"geometry":{"type":"Polygon","coordinates":[[[22.89416,48.96541],[22.91908,48.97037],[22.91875,48.98166],[22.89802,49.00505],[22.84709,49.00239],[22.83375,49.02608],[22.81319,49.02514],[22.80951,49.03464],[22.77305,49.05181],[22.76427,49.05329],[22.75202,49.04279],[22.71786,49.05278],[22.6818,49.03898],[22.65157,49.05082],[22.62791,49.07866],[22.60503,49.08451],[22.59981,49.0935],[22.58248,49.09732],[22.55324,49.07948],[22.55108,49.03016],[22.53799,49.02132],[22.54549,49.00677],[22.52082,48.99675],[22.5005,48.99952],[22.47731,48.99118],[22.47561,48.97628],[22.42492,48.92933],[22.43155,48.91925],[22.42074,48.90348],[22.42112,48.8846],[22.39455,48.8772],[22.38354,48.86504],[22.37591,48.83403],[22.3837,48.8245],[22.38765,48.80004],[22.37337,48.78245],[22.3457,48.76615],[22.34267,48.75068],[22.36223,48.74],[22.3618,48.7302],[22.35069,48.72032],[22.33961,48.68389],[22.30255,48.67638],[22.25029,48.6474],[22.2405,48.62771],[22.18903,48.60986],[22.17138,48.58754],[22.16097,48.56726],[22.15828,48.52704],[22.13769,48.43267],[22.14233,48.40525],[22.15526,48.40339],[22.15822,48.41062],[22.20739,48.42571],[22.23441,48.41072],[22.26443,48.41026],[22.25682,48.39363],[22.24017,48.38605],[22.26728,48.36122],[22.29793,48.35477],[22.31782,48.35454],[22.31884,48.36859],[22.34546,48.3772],[22.34209,48.40602],[22.36108,48.40258],[22.35598,48.38868],[22.36186,48.38843],[22.35947,48.38189],[22.36514,48.37879],[22.38159,48.37904],[22.38392,48.38761],[22.39389,48.39236],[22.40485,48.38038],[22.41798,48.39059],[22.44854,48.37565],[22.48191,48.37377],[22.47377,48.3801],[22.47545,48.38594],[22.49242,48.38631],[22.50259,48.40399],[22.46649,48.41013],[22.46584,48.42098],[22.44872,48.43217],[22.43136,48.43099],[22.43595,48.44067],[22.4044,48.45064],[22.36187,48.47514],[22.40211,48.49033],[22.43424,48.48267],[22.43644,48.47691],[22.47224,48.48054],[22.48973,48.49386],[22.50985,48.49594],[22.55795,48.48157],[22.55773,48.49497],[22.58311,48.49926],[22.58325,48.51134],[22.55471,48.531],[22.55502,48.5514],[22.54931,48.55962],[22.55988,48.55488],[22.58222,48.569],[22.62802,48.57727],[22.63786,48.59363],[22.65362,48.60081],[22.65367,48.61838],[22.66752,48.62883],[22.67704,48.65016],[22.71001,48.6451],[22.70982,48.63939],[22.728,48.63143],[22.78826,48.63368],[22.81593,48.61247],[22.85214,48.61626],[22.85985,48.63595],[22.84783,48.63878],[22.85656,48.66705],[22.8487,48.68275],[22.86763,48.71368],[22.86202,48.72784],[22.87304,48.73962],[22.87022,48.74885],[22.88549,48.75218],[22.89612,48.76396],[22.87981,48.78609],[22.88769,48.79284],[22.87345,48.81672],[22.882,48.82796],[22.84746,48.86709],[22.83332,48.86957],[22.83344,48.87781],[22.86028,48.89897],[22.85962,48.91772],[22.88614,48.92471],[22.87312,48.94112],[22.87248,48.95489],[22.89416,48.96541]]]}},{"type":"Feature","properties":{"name":"Берегівський район","oblast":"Закарпатська область","centroid":[22.8104,48.1951]},"geometry":{"type":"Polygon","coordinates":[[[23.0279,48.29488],[22.99166,48.31689],[22.98715,48.32471],[22.9928,48.33324],[22.97572,48.32955],[22.97199,48.34032],[22.94878,48.34395],[22.94373,48.35108],[22.92251,48.343],[22.91717,48.32932],[22.8952,48.32787],[22.89582,48.32061],[22.90721,48.32405],[22.89244,48.3147],[22.89985,48.30212],[22.89027,48.29832],[22.89837,48.28143],[22.88896,48.28123],[22.87235,48.28892],[22.87631,48.30054],[22.85573,48.3049],[22.85312,48.32617],[22.87776,48.32641],[22.87435,48.33174],[22.87949,48.33455],[22.86221,48.35515],[22.85658,48.35034],[22.86024,48.33596],[22.84089,48.3375],[22.8457,48.34227],[22.83056,48.34575],[22.82832,48.3394],[22.83853,48.33558],[22.82503,48.32964],[22.81499,48.31442],[22.79158,48.30971],[22.79237,48.29108],[22.76647,48.29429],[22.75466,48.28781],[22.70749,48.29311],[22.66786,48.30723],[22.64071,48.33962],[22.62943,48.33258],[22.63547,48.32309],[22.6106,48.31328],[22.60168,48.31645],[22.61356,48.32446],[22.60512,48.3226],[22.59294,48.32754],[22.59715,48.33219],[22.58524,48.33029],[22.57123,48.33911],[22.56357,48.33019],[22.54473,48.32554],[22.55639,48.32044],[22.56999,48.32476],[22.5793,48.31885],[22.56922,48.31536],[22.56684,48.30678],[22.55171,48.29954],[22.51279,48.29868],[22.50166,48.30811],[22.53582,48.33105],[22.52426,48.33382],[22.54311,48.34898],[22.50878,48.37306],[22.49499,48.373],[22.49729,48.3843],[22.47667,48.38658],[22.47377,48.3801],[22.48191,48.37377],[22.45997,48.37456],[22.41798,48.39059],[22.40485,48.38038],[22.39389,48.39236],[22.38392,48.38761],[22.38159,48.37904],[22.36514,48.37879],[22.35947,48.38189],[22.36186,48.38843],[22.35598,48.38868],[22.36108,48.40258],[22.34209,48.40602],[22.34797,48.38442],[22.34278,48.38193],[22.34739,48.37985],[22.31884,48.36859],[22.32022,48.33876],[22.31264,48.32681],[22.32086,48.31455],[22.33703,48.30751],[22.33868,48.27903],[22.36031,48.2654],[22.36911,48.2451],[22.38475,48.23396],[22.40064,48.2492],[22.43295,48.24662],[22.43284,48.25252],[22.45639,48.24231],[22.48987,48.25344],[22.50145,48.24921],[22.49722,48.23955],[22.51615,48.23797],[22.51361,48.22586],[22.53111,48.20943],[22.57114,48.19614],[22.56825,48.18436],[22.56139,48.18152],[22.57502,48.15926],[22.5829,48.15955],[22.59824,48.14476],[22.58814,48.13958],[22.59552,48.13502],[22.59262,48.12316],[22.60011,48.11679],[22.59028,48.10734],[22.67295,48.0918],[22.73472,48.11958],[22.75649,48.12032],[22.77037,48.10891],[22.77781,48.11203],[22.77163,48.12169],[22.79023,48.11663],[22.80279,48.12193],[22.80508,48.10617],[22.81506,48.11798],[22.82417,48.11754],[22.83151,48.10945],[22.82792,48.09639],[22.83927,48.08522],[22.83645,48.08038],[22.8484,48.08322],[22.86119,48.07429],[22.86108,48.05755],[22.86963,48.05138],[22.87374,48.05611],[22.88199,48.05328],[22.88064,48.0363],[22.86546,48.0219],[22.86557,48.01203],[22.8363,47.99031],[22.84407,47.98472],[22.84055,47.98106],[22.87282,47.97491],[22.87133,47.9686],[22.8795,47.9635],[22.893,47.96679],[22.88964,47.96155],[22.89626,47.95413],[22.9477,47.96736],[22.93757,47.99567],[22.9201,48.00692],[22.92712,48.01916],[22.96102,48.00764],[22.9776,48.00998],[23.01342,47.99056],[23.02411,47.99179],[23.0301,48.00028],[23.06579,48.00781],[23.09063,48.00585],[23.09696,48.01571],[23.08952,48.01926],[23.1091,48.03534],[23.09803,48.0444],[23.11225,48.0544],[23.10545,48.06599],[23.12337,48.07737],[23.11388,48.08714],[23.13914,48.09455],[23.15122,48.11268],[23.16668,48.11997],[23.18107,48.11762],[23.18955,48.0977],[23.24625,48.09166],[23.25186,48.10087],[23.26764,48.10008],[23.26116,48.10807],[23.27154,48.12152],[23.2638,48.15229],[23.23944,48.15745],[23.22808,48.15321],[23.21709,48.15886],[23.2155,48.16882],[23.17533,48.18064],[23.15589,48.19286],[23.15216,48.21136],[23.10292,48.2426],[23.09282,48.2206],[23.06283,48.22201],[23.06696,48.2323],[23.05819,48.24079],[23.05918,48.25446],[23.03819,48.26091],[23.04198,48.26807],[23.03583,48.27351],[22.94967,48.24985],[22.94051,48.25536],[22.95758,48.27577],[22.98268,48.28714],[23.03304,48.27922],[23.0253,48.28583],[23.0279,48.29488]],[[22.90257,48.25066],[22.91787,48.24298],[22.90024,48.23831],[22.89625,48.24262],[22.90257,48.25066]]]}},{"type":"Feature","properties":{"name":"Кропивницький район","oblast":"Кіровоградська область","centroid":[32.4198,48.3634]},"geometry":{"type":"Polygon","coordinates":[[[32.80771,48.68942],[32.76404,48.68665],[32.768,48.66361],[32.75456,48.66042],[32.7771,48.64424],[32.79253,48.64377],[32.80086,48.62137],[32.83971,48.62473],[32.85074,48.62829],[32.85586,48.63852],[32.85677,48.61614],[32.80323,48.61361],[32.80099,48.60002],[32.77729,48.60586],[32.77353,48.59906],[32.78115,48.59567],[32.77413,48.57809],[32.76356,48.5774],[32.76507,48.55957],[32.75555,48.5579],[32.75916,48.54418],[32.77631,48.54416],[32.78288,48.5138],[32.77019,48.51356],[32.78355,48.50098],[32.77517,48.49383],[32.79204,48.45935],[32.78411,48.45337],[32.84363,48.43197],[32.84952,48.44056],[32.88379,48.44738],[32.91831,48.4643],[32.91168,48.47387],[33.01714,48.48206],[33.0127,48.50454],[33.04643,48.50758],[33.05137,48.46214],[33.0912,48.46421],[33.09456,48.44678],[33.10349,48.44755],[33.10583,48.43566],[33.07812,48.43317],[33.08281,48.40389],[33.07385,48.4033],[33.07826,48.38121],[33.06952,48.38043],[33.07142,48.37056],[33.04188,48.37077],[33.0531,48.31803],[33.10564,48.32292],[33.11063,48.2922],[33.11757,48.29283],[33.12061,48.27554],[33.13698,48.27826],[33.14236,48.25151],[33.14991,48.25226],[33.15419,48.23154],[33.14657,48.2308],[33.15627,48.18611],[33.13895,48.18258],[33.14555,48.15174],[33.1629,48.15355],[33.16558,48.14298],[33.18793,48.14537],[33.18541,48.15844],[33.21446,48.16137],[33.21715,48.14839],[33.22716,48.14935],[33.23215,48.12716],[33.18168,48.1181],[33.1871,48.10422],[33.22163,48.10772],[33.22032,48.11496],[33.23554,48.1134],[33.23691,48.10737],[33.22207,48.10589],[33.22506,48.0922],[33.15376,48.08361],[33.15436,48.07803],[33.14165,48.07652],[33.15375,48.04219],[33.14816,48.04168],[33.14319,48.06393],[33.1158,48.06096],[33.10907,48.06561],[33.103,48.05551],[33.10918,48.04246],[33.03695,48.03378],[33.03172,48.0309],[33.03567,48.01721],[33.02194,48.01331],[33.02648,48.00324],[33.01935,47.98491],[33.00448,47.98907],[32.98922,48.04847],[32.9525,48.03529],[32.94509,48.04239],[32.91349,48.03759],[32.91504,48.03159],[32.88211,48.02778],[32.88034,48.03306],[32.87028,48.03194],[32.87207,48.02443],[32.8876,48.01775],[32.89411,47.98571],[32.83462,47.9827],[32.80173,47.97471],[32.79562,47.99395],[32.68906,47.98259],[32.69717,47.94669],[32.7371,47.95177],[32.74557,47.93272],[32.65178,47.92149],[32.65586,47.9048],[32.67663,47.90722],[32.68559,47.873],[32.66444,47.87097],[32.66924,47.85299],[32.67512,47.85778],[32.67943,47.85176],[32.66398,47.8396],[32.65758,47.8196],[32.42964,47.78956],[32.42293,47.80139],[32.40187,47.79468],[32.39648,47.79818],[32.40457,47.79975],[32.39646,47.80054],[32.36484,47.78887],[32.33171,47.80488],[32.32036,47.81919],[32.30376,47.82395],[32.24804,47.81647],[32.23653,47.81482],[32.2399,47.79386],[32.22252,47.7916],[32.23168,47.76042],[32.16061,47.75112],[32.15469,47.76111],[32.14026,47.74889],[32.13587,47.75791],[32.11695,47.75593],[32.10928,47.78446],[32.08966,47.78225],[32.07657,47.80655],[32.05965,47.80449],[32.05488,47.81732],[31.95988,47.80968],[31.96308,47.79892],[31.83767,47.78305],[31.82743,47.81657],[31.86912,47.82348],[31.85327,47.84841],[31.85941,47.84965],[31.85725,47.86467],[31.8907,47.86694],[31.87667,47.91949],[31.85502,47.91615],[31.84394,47.96369],[31.78472,47.95485],[31.78092,47.96011],[31.76618,47.94476],[31.75278,47.94378],[31.72907,48.03558],[31.78307,48.04233],[31.76599,48.10744],[31.81818,48.11527],[31.85474,48.10807],[31.88643,48.11163],[31.88279,48.12561],[31.91598,48.12985],[31.91498,48.1378],[31.97467,48.13869],[31.97979,48.12491],[32.0306,48.13392],[32.01117,48.13351],[32.00757,48.14969],[31.99374,48.14792],[31.99141,48.15617],[31.97233,48.15364],[31.97049,48.16432],[31.95174,48.16324],[31.94441,48.18819],[31.95743,48.19077],[31.94471,48.21992],[31.93739,48.2205],[31.92317,48.24296],[31.912,48.27413],[31.9334,48.27889],[31.9304,48.31438],[31.93928,48.31586],[31.93459,48.33409],[31.94438,48.33596],[31.93222,48.36742],[31.9258,48.36801],[31.91911,48.44098],[31.88588,48.43879],[31.87718,48.47301],[31.84677,48.47649],[31.84915,48.49609],[31.87084,48.49567],[31.8715,48.52936],[31.90479,48.5423],[31.95416,48.53367],[31.94363,48.54288],[31.94297,48.56215],[31.91541,48.57938],[31.9504,48.59484],[31.96585,48.59736],[31.97004,48.58894],[31.97892,48.59098],[31.976,48.5978],[31.98622,48.59971],[31.98176,48.60862],[31.97136,48.60649],[31.95447,48.64582],[31.94084,48.65397],[31.95762,48.66657],[31.94313,48.69472],[31.95189,48.69675],[31.9571,48.68892],[31.97431,48.68531],[32.01827,48.69205],[32.01502,48.69885],[32.07397,48.71267],[32.05511,48.72453],[32.04817,48.73796],[32.05779,48.74148],[32.04508,48.74453],[32.01628,48.79894],[31.89958,48.81392],[31.93015,48.8422],[31.90603,48.87627],[31.91233,48.8867],[31.92127,48.88012],[31.95438,48.91039],[31.96149,48.90611],[31.99796,48.91618],[32.00665,48.91315],[32.02654,48.93084],[32.04899,48.91636],[32.09331,48.9189],[32.09505,48.91263],[32.08634,48.90487],[32.09684,48.90845],[32.10542,48.90251],[32.10639,48.91127],[32.14602,48.91228],[32.15167,48.91659],[32.15359,48.94468],[32.1311,48.95131],[32.13467,48.9662],[32.17775,48.97271],[32.17897,48.98989],[32.18757,48.99578],[32.2181,48.98683],[32.23371,49.05947],[32.26219,49.05892],[32.25998,49.0782],[32.28316,49.07901],[32.28261,49.08455],[32.29724,49.0796],[32.29826,49.07339],[32.31302,49.07469],[32.31488,49.0812],[32.34858,49.0793],[32.35345,49.06953],[32.36544,49.07193],[32.37575,49.05009],[32.36942,49.04675],[32.37173,49.03754],[32.39705,49.02622],[32.41729,49.02792],[32.44283,49.0526],[32.45243,49.03863],[32.47572,49.03353],[32.46549,49.03172],[32.47119,49.00968],[32.47594,49.00557],[32.49784,49.01239],[32.50188,48.98804],[32.51567,48.97522],[32.50953,48.96021],[32.52165,48.94945],[32.52155,48.93889],[32.55175,48.94185],[32.5406,48.95215],[32.54721,48.95855],[32.53905,48.96702],[32.57812,48.95899],[32.57683,48.95195],[32.58211,48.95081],[32.60781,48.9646],[32.61162,48.95361],[32.64004,48.95787],[32.65341,48.95332],[32.67984,48.95734],[32.67146,48.98299],[32.69595,48.98297],[32.69805,48.97431],[32.73109,48.97451],[32.73883,48.94369],[32.75332,48.93615],[32.74048,48.93591],[32.74167,48.93105],[32.76381,48.93241],[32.77373,48.92363],[32.77812,48.89092],[32.8084,48.89375],[32.81459,48.88626],[32.82986,48.89802],[32.85858,48.88116],[32.87076,48.8836],[32.88587,48.8155],[32.78384,48.8007],[32.8005,48.7253],[32.77765,48.71983],[32.78091,48.70546],[32.80496,48.70443],[32.80771,48.68942]]]}},{"type":"Feature","properties":{"name":"Новоукраїнський район","oblast":"Кіровоградська область","centroid":[31.5195,48.4793]},"geometry":{"type":"Polygon","coordinates":[[[31.18722,48.68837],[31.14612,48.67301],[31.20041,48.60096],[31.13832,48.59127],[31.13479,48.59664],[31.10745,48.59167],[31.10017,48.61223],[31.06427,48.60447],[30.98308,48.60329],[30.98414,48.55437],[30.92171,48.55318],[30.93167,48.52198],[30.88347,48.5218],[30.88225,48.49391],[30.84735,48.46419],[30.8274,48.46524],[30.80791,48.45292],[30.82109,48.44164],[30.8423,48.43803],[30.84193,48.43122],[30.82487,48.41684],[30.84631,48.39265],[30.84115,48.38387],[30.85125,48.37638],[30.87016,48.37878],[30.90338,48.38348],[30.90115,48.38956],[30.9341,48.39616],[30.93879,48.3828],[30.96798,48.38728],[30.97346,48.37627],[30.99897,48.38019],[31.00681,48.34725],[31.02047,48.34865],[31.02982,48.31842],[31.01554,48.3132],[31.02079,48.29443],[31.12512,48.30227],[31.13243,48.2837],[31.122,48.28259],[31.11771,48.26999],[31.09083,48.26713],[31.09373,48.25643],[31.10552,48.25235],[31.10061,48.25122],[31.10389,48.23942],[31.08703,48.23715],[31.09096,48.22398],[31.13809,48.22928],[31.14013,48.22076],[31.16414,48.22249],[31.19219,48.19402],[31.18068,48.18614],[31.18176,48.17898],[31.20125,48.16836],[31.22076,48.17081],[31.23647,48.11696],[31.32519,48.13831],[31.33013,48.11402],[31.36786,48.11936],[31.37979,48.13246],[31.38915,48.12929],[31.39514,48.10833],[31.42028,48.1117],[31.41796,48.1209],[31.48685,48.12959],[31.49853,48.08739],[31.47642,48.08319],[31.47013,48.06342],[31.48809,48.06539],[31.49254,48.05029],[31.50749,48.05555],[31.50949,48.06889],[31.55099,48.06994],[31.54053,48.10779],[31.55917,48.11026],[31.57136,48.09704],[31.56993,48.10308],[31.58421,48.10555],[31.58247,48.12872],[31.63401,48.13484],[31.64202,48.11497],[31.68429,48.12027],[31.69453,48.09335],[31.76735,48.10214],[31.76599,48.10744],[31.81818,48.11527],[31.85474,48.10807],[31.88643,48.11163],[31.88279,48.12561],[31.91598,48.12985],[31.91498,48.1378],[31.97467,48.13869],[31.97979,48.12491],[32.0306,48.13392],[32.01117,48.13351],[32.00757,48.14969],[31.99374,48.14792],[31.99141,48.15617],[31.97233,48.15364],[31.97049,48.16432],[31.95174,48.16324],[31.94441,48.18819],[31.95743,48.19077],[31.94471,48.21992],[31.93739,48.2205],[31.92317,48.24296],[31.912,48.27413],[31.9334,48.27889],[31.9304,48.31438],[31.93928,48.31586],[31.93459,48.33409],[31.94438,48.33596],[31.93222,48.36742],[31.9258,48.36801],[31.91911,48.44098],[31.88588,48.43879],[31.87718,48.47301],[31.84677,48.47649],[31.84915,48.49609],[31.87084,48.49567],[31.8715,48.52936],[31.90479,48.5423],[31.95416,48.53367],[31.94363,48.54288],[31.94297,48.56215],[31.91541,48.57938],[31.9504,48.59484],[31.96585,48.59736],[31.97004,48.58894],[31.97892,48.59098],[31.976,48.5978],[31.98622,48.59971],[31.98176,48.60862],[31.97136,48.60649],[31.95447,48.64582],[31.94084,48.65397],[31.95762,48.66657],[31.94313,48.69472],[31.95189,48.69675],[31.9571,48.68892],[31.97431,48.68531],[32.01827,48.69205],[32.01502,48.69885],[32.07397,48.71267],[32.05511,48.72453],[32.04817,48.73796],[32.05779,48.74148],[32.04508,48.74453],[32.01628,48.79894],[31.89958,48.81392],[31.93015,48.8422],[31.90603,48.87627],[31.91823,48.90626],[31.8393,48.93556],[31.82189,48.93666],[31.80529,48.94964],[31.79588,48.93931],[31.75106,48.92605],[31.72519,48.93388],[31.69846,48.93098],[31.68952,48.89641],[31.68116,48.9017],[31.64027,48.90033],[31.6389,48.90803],[31.60221,48.90253],[31.59887,48.89256],[31.58069,48.88786],[31.59481,48.90618],[31.58172,48.91268],[31.56688,48.89992],[31.57719,48.89669],[31.56862,48.89158],[31.58097,48.88494],[31.57427,48.88082],[31.58201,48.87518],[31.55915,48.86309],[31.56706,48.85717],[31.55443,48.83701],[31.56213,48.83472],[31.55887,48.82869],[31.52706,48.81625],[31.52815,48.80425],[31.46799,48.78861],[31.42276,48.7637],[31.43601,48.75384],[31.42426,48.74295],[31.4189,48.75566],[31.41241,48.75645],[31.41492,48.74847],[31.40466,48.73934],[31.39172,48.73564],[31.397,48.74825],[31.38743,48.74263],[31.38451,48.72824],[31.37111,48.72994],[31.35777,48.74177],[31.35201,48.73998],[31.35372,48.72748],[31.33025,48.72572],[31.31913,48.73096],[31.30997,48.75855],[31.28565,48.75843],[31.25286,48.74104],[31.26662,48.69575],[31.24525,48.6932],[31.23292,48.71444],[31.18175,48.69789],[31.18931,48.69439],[31.18722,48.68837]]]}},{"type":"Feature","properties":{"name":"Голованівський район","oblast":"Кіровоградська область","centroid":[30.5279,48.4115]},"geometry":{"type":"Polygon","coordinates":[[[30.68932,48.18912],[30.64719,48.18521],[30.65646,48.17196],[30.62104,48.16624],[30.61786,48.15604],[30.55574,48.15575],[30.52701,48.17957],[30.50468,48.1582],[30.49564,48.17035],[30.46869,48.16286],[30.43578,48.17286],[30.41365,48.16307],[30.39027,48.1664],[30.38444,48.17485],[30.36748,48.17458],[30.32716,48.16033],[30.32787,48.14754],[30.31657,48.14074],[30.28608,48.14032],[30.26272,48.14803],[30.24198,48.14086],[30.18745,48.15509],[30.16601,48.14556],[30.12792,48.14765],[30.10518,48.1401],[30.04862,48.15069],[30.0321,48.17879],[30.02084,48.18603],[30.0026,48.1839],[29.99998,48.19514],[30.00877,48.20912],[29.9922,48.21987],[29.9902,48.23003],[29.97529,48.21686],[29.93036,48.23329],[29.89146,48.1858],[29.8751,48.18805],[29.86054,48.20462],[29.8434,48.21225],[29.79339,48.20127],[29.78565,48.2045],[29.77088,48.22633],[29.78234,48.24227],[29.77075,48.2568],[29.77574,48.25896],[29.77224,48.27213],[29.74931,48.28946],[29.75049,48.29931],[29.76302,48.29635],[29.77269,48.30452],[29.76796,48.30862],[29.77186,48.31316],[29.78197,48.31488],[29.78423,48.33002],[29.80391,48.33211],[29.80058,48.34877],[29.81114,48.34876],[29.80525,48.35988],[29.78641,48.3695],[29.87293,48.41691],[29.86457,48.42569],[29.95716,48.45086],[29.95318,48.46159],[29.96417,48.46057],[29.96786,48.4718],[30.00245,48.47237],[29.99982,48.47799],[30.04983,48.48275],[30.08373,48.46572],[30.0872,48.45781],[30.11374,48.45215],[30.12073,48.45356],[30.12254,48.46321],[30.12968,48.46286],[30.13052,48.47052],[30.14463,48.4727],[30.15581,48.48594],[30.15164,48.4968],[30.16265,48.50352],[30.22053,48.47982],[30.25611,48.48907],[30.25479,48.50541],[30.30724,48.51214],[30.32541,48.52185],[30.38649,48.52702],[30.38725,48.54247],[30.40291,48.57387],[30.45287,48.5833],[30.47354,48.56541],[30.53233,48.5658],[30.54112,48.57078],[30.56655,48.56723],[30.56786,48.59138],[30.55769,48.59553],[30.57089,48.60571],[30.52946,48.62777],[30.55163,48.65407],[30.59862,48.66309],[30.61103,48.69777],[30.6011,48.69903],[30.57591,48.72071],[30.60911,48.71912],[30.62194,48.73978],[30.63535,48.73904],[30.63699,48.7519],[30.69815,48.7674],[30.75112,48.76085],[30.7531,48.77013],[30.80381,48.7569],[30.81143,48.76948],[30.83222,48.74966],[30.8728,48.74982],[30.88347,48.7439],[30.89748,48.74649],[30.89543,48.75456],[30.90153,48.76156],[30.94562,48.75897],[30.94366,48.77224],[30.96643,48.76116],[31.03811,48.76054],[31.0465,48.75221],[31.0588,48.75438],[31.0697,48.74543],[31.0689,48.73689],[31.08654,48.73164],[31.08891,48.73904],[31.10078,48.73979],[31.11365,48.72768],[31.12224,48.74091],[31.13032,48.73664],[31.14258,48.7468],[31.1523,48.73978],[31.17483,48.7618],[31.2053,48.75569],[31.21488,48.75802],[31.2161,48.76846],[31.25317,48.76422],[31.25668,48.75106],[31.26494,48.74783],[31.25286,48.74104],[31.25821,48.73077],[31.25276,48.72978],[31.26662,48.69575],[31.24525,48.6932],[31.23292,48.71444],[31.22413,48.71293],[31.18175,48.69789],[31.18989,48.69297],[31.18572,48.68611],[31.14612,48.67301],[31.20041,48.60096],[31.13832,48.59127],[31.13479,48.59664],[31.10745,48.59167],[31.10017,48.61223],[31.06427,48.60447],[30.98308,48.60329],[30.98414,48.55437],[30.92171,48.55318],[30.93167,48.52198],[30.88347,48.5218],[30.88225,48.49391],[30.84735,48.46419],[30.8274,48.46524],[30.80791,48.45292],[30.82109,48.44164],[30.8423,48.43803],[30.82513,48.4134],[30.84631,48.39265],[30.84115,48.38387],[30.85125,48.37638],[30.90338,48.38348],[30.90115,48.38956],[30.9341,48.39616],[30.93879,48.3828],[30.96798,48.38728],[30.97346,48.37627],[30.99937,48.37991],[31.00681,48.34725],[31.02047,48.34865],[31.02982,48.31842],[31.01554,48.3132],[31.02079,48.29443],[31.12512,48.30227],[31.13243,48.2837],[31.122,48.28259],[31.11771,48.26999],[31.09083,48.26713],[31.09373,48.25643],[31.10552,48.25235],[31.10061,48.25122],[31.10389,48.23942],[31.08703,48.23715],[31.09096,48.22398],[31.0561,48.22013],[31.05273,48.2322],[30.98122,48.22218],[30.98937,48.18447],[30.93173,48.18397],[30.93044,48.16628],[30.92096,48.16978],[30.89996,48.15932],[30.89417,48.16544],[30.85507,48.16107],[30.84848,48.18437],[30.82782,48.18161],[30.82372,48.18834],[30.81387,48.16971],[30.79251,48.16798],[30.78544,48.19144],[30.71932,48.1865],[30.71674,48.19559],[30.68932,48.18912]]]}},{"type":"Feature","properties":{"name":"Мукачівський район","oblast":"Закарпатська область","centroid":[22.882,48.5716]},"geometry":{"type":"Polygon","coordinates":[[[22.86184,48.84845],[22.84611,48.86824],[22.83332,48.86957],[22.83362,48.87861],[22.86028,48.89897],[22.85962,48.91772],[22.88614,48.92471],[22.89964,48.90359],[22.97015,48.87447],[22.97225,48.84952],[22.98627,48.83613],[23.00002,48.83048],[23.02089,48.84779],[23.04585,48.85126],[23.05761,48.84646],[23.09698,48.86286],[23.13109,48.85353],[23.13628,48.84592],[23.13356,48.83407],[23.1514,48.83184],[23.16801,48.81681],[23.20047,48.76092],[23.268,48.76167],[23.28606,48.77584],[23.31665,48.75651],[23.31379,48.7278],[23.29088,48.71787],[23.29062,48.6883],[23.24683,48.66251],[23.24836,48.65161],[23.2104,48.63614],[23.18861,48.64323],[23.18954,48.63358],[23.16389,48.63608],[23.16458,48.62897],[23.17794,48.62688],[23.16509,48.61369],[23.13846,48.62606],[23.14241,48.62073],[23.13645,48.61798],[23.14915,48.61957],[23.16482,48.61045],[23.19357,48.61966],[23.19889,48.60912],[23.19506,48.58542],[23.164,48.56967],[23.15485,48.55589],[23.16002,48.51789],[23.15343,48.5031],[23.16931,48.49327],[23.16337,48.48306],[23.17079,48.47624],[23.14294,48.44485],[23.1312,48.45343],[23.09047,48.45559],[23.06364,48.47409],[23.01269,48.48281],[22.98394,48.49717],[22.96326,48.48987],[22.95149,48.47179],[22.92042,48.45173],[22.92518,48.44581],[22.91178,48.42296],[22.88307,48.43288],[22.8878,48.43534],[22.88289,48.44147],[22.8963,48.44907],[22.89015,48.44546],[22.8833,48.45087],[22.88233,48.4428],[22.87149,48.44204],[22.8783,48.44137],[22.8773,48.43494],[22.86052,48.44404],[22.85121,48.43864],[22.86058,48.42839],[22.87115,48.42747],[22.86905,48.41961],[22.87921,48.41804],[22.87954,48.40991],[22.91287,48.40592],[22.93126,48.38341],[22.92132,48.38422],[22.91906,48.37799],[22.93808,48.37187],[22.93825,48.3603],[22.94507,48.35733],[22.94299,48.34875],[22.92199,48.34248],[22.91717,48.32932],[22.8952,48.32787],[22.89582,48.32061],[22.90721,48.32405],[22.8919,48.31338],[22.89985,48.30212],[22.89027,48.29832],[22.89837,48.28143],[22.87378,48.28736],[22.87631,48.30054],[22.85573,48.3049],[22.85312,48.32617],[22.87776,48.32641],[22.87435,48.33174],[22.87949,48.33455],[22.86359,48.35512],[22.85664,48.35088],[22.86024,48.33596],[22.84089,48.3375],[22.8457,48.34227],[22.83056,48.34575],[22.82832,48.3394],[22.83853,48.33558],[22.82503,48.32964],[22.81499,48.31442],[22.79158,48.30971],[22.79237,48.29108],[22.76647,48.29429],[22.75466,48.28781],[22.70749,48.29311],[22.66786,48.30723],[22.64071,48.33962],[22.62943,48.33258],[22.63547,48.32309],[22.61808,48.31399],[22.60177,48.31628],[22.61141,48.32586],[22.60512,48.3226],[22.59294,48.32754],[22.59715,48.33219],[22.58524,48.33029],[22.57155,48.33919],[22.56357,48.33019],[22.54473,48.32554],[22.55639,48.32044],[22.56999,48.32476],[22.5793,48.31885],[22.56922,48.31536],[22.56684,48.30678],[22.55171,48.29954],[22.50411,48.30093],[22.50166,48.30811],[22.53582,48.33105],[22.52426,48.33382],[22.54311,48.34898],[22.50878,48.37306],[22.49499,48.373],[22.49819,48.38073],[22.4924,48.38646],[22.50259,48.40399],[22.46649,48.41013],[22.46584,48.42098],[22.44872,48.43217],[22.43136,48.43099],[22.43595,48.44067],[22.4044,48.45064],[22.36187,48.47514],[22.40211,48.49033],[22.43424,48.48267],[22.43644,48.47691],[22.47224,48.48054],[22.48973,48.49386],[22.50985,48.49594],[22.55795,48.48157],[22.55773,48.49497],[22.58311,48.49926],[22.58325,48.51134],[22.55471,48.531],[22.55502,48.5514],[22.54931,48.55962],[22.55988,48.55488],[22.58222,48.569],[22.62802,48.57727],[22.63786,48.59363],[22.65362,48.60081],[22.65367,48.61838],[22.66752,48.62883],[22.67704,48.65016],[22.71001,48.6451],[22.70982,48.63939],[22.728,48.63143],[22.78826,48.63368],[22.81593,48.61247],[22.85214,48.61626],[22.85985,48.63595],[22.84783,48.63878],[22.85656,48.66705],[22.8487,48.68275],[22.86763,48.71368],[22.86202,48.72784],[22.87304,48.73962],[22.87022,48.74885],[22.88549,48.75218],[22.89612,48.76396],[22.87981,48.78609],[22.88769,48.79284],[22.87345,48.81672],[22.88233,48.82729],[22.86184,48.84845]]]}},{"type":"Feature","properties":{"name":"Хустський район","oblast":"Закарпатська область","centroid":[23.399,48.4106]},"geometry":{"type":"MultiPolygon","coordinates":[[[[23.0279,48.29488],[22.99166,48.31689],[22.98715,48.32471],[22.9928,48.33324],[22.97572,48.32955],[22.97199,48.34032],[22.94878,48.34395],[22.94418,48.35891],[22.93825,48.3603],[22.93828,48.37171],[22.91906,48.37799],[22.92132,48.38422],[22.93126,48.38341],[22.91287,48.40592],[22.87954,48.40991],[22.87921,48.41804],[22.86905,48.41961],[22.87115,48.42747],[22.86058,48.42839],[22.85121,48.43864],[22.86052,48.44404],[22.8773,48.43494],[22.8783,48.44137],[22.87149,48.44204],[22.88233,48.4428],[22.8833,48.45087],[22.89015,48.44546],[22.8963,48.44907],[22.88289,48.44147],[22.8878,48.43534],[22.88307,48.43288],[22.91178,48.42296],[22.92518,48.44581],[22.92042,48.45173],[22.95149,48.47179],[22.96326,48.48987],[22.98394,48.49717],[23.01269,48.48281],[23.06364,48.47409],[23.09047,48.45559],[23.1312,48.45343],[23.14294,48.44485],[23.17079,48.47624],[23.16337,48.48306],[23.16931,48.49327],[23.15343,48.5031],[23.16002,48.51789],[23.15485,48.55589],[23.164,48.56967],[23.19506,48.58542],[23.19889,48.60912],[23.19357,48.61966],[23.16482,48.61045],[23.14915,48.61957],[23.13645,48.61798],[23.14241,48.62073],[23.13846,48.62606],[23.16509,48.61369],[23.17794,48.62688],[23.16458,48.62897],[23.16389,48.63608],[23.18954,48.63358],[23.18861,48.64323],[23.2104,48.63614],[23.24836,48.65161],[23.24683,48.66251],[23.29062,48.6883],[23.29025,48.71638],[23.31379,48.7278],[23.31731,48.75346],[23.34021,48.75667],[23.36078,48.77062],[23.37409,48.75943],[23.37771,48.74408],[23.39684,48.73286],[23.41006,48.73569],[23.47189,48.71828],[23.49221,48.72206],[23.51186,48.73472],[23.54059,48.72344],[23.57015,48.72477],[23.592,48.71794],[23.59854,48.70521],[23.62601,48.70652],[23.63824,48.69864],[23.63723,48.68431],[23.67414,48.66526],[23.68716,48.64734],[23.70355,48.63913],[23.73281,48.63802],[23.74496,48.64659],[23.78898,48.64064],[23.79745,48.63265],[23.79405,48.61522],[23.78636,48.61064],[23.79664,48.60052],[23.79251,48.59127],[23.80401,48.58058],[23.83176,48.57675],[23.83282,48.56727],[23.86242,48.55378],[23.86478,48.54098],[23.85449,48.53128],[23.85846,48.52239],[23.83896,48.50519],[23.83906,48.48881],[23.80729,48.44763],[23.81556,48.4451],[23.81135,48.43813],[23.81921,48.43154],[23.79171,48.40019],[23.76678,48.38477],[23.75575,48.3881],[23.75009,48.37467],[23.73518,48.373],[23.73672,48.36529],[23.72793,48.36605],[23.72825,48.37242],[23.7032,48.37227],[23.69509,48.34807],[23.66625,48.33868],[23.68409,48.31679],[23.67809,48.31192],[23.65685,48.31396],[23.63066,48.30132],[23.62548,48.27967],[23.59907,48.25469],[23.58735,48.25457],[23.5746,48.22275],[23.55543,48.22392],[23.54611,48.20579],[23.52722,48.20786],[23.51039,48.17594],[23.51856,48.17224],[23.51446,48.16343],[23.52788,48.15451],[23.5279,48.14567],[23.55397,48.13998],[23.54855,48.12941],[23.52989,48.11768],[23.4978,48.12407],[23.49224,48.11761],[23.47047,48.11424],[23.46299,48.0899],[23.43875,48.0699],[23.44109,48.05648],[23.45653,48.04313],[23.52837,48.02305],[23.52173,47.99669],[23.50113,47.96871],[23.44991,47.97658],[23.43358,47.9905],[23.41742,47.98665],[23.39933,48.00121],[23.3765,48.00339],[23.37547,48.00871],[23.34715,48.02072],[23.33325,48.02107],[23.32878,48.02399],[23.33736,48.03738],[23.28797,48.04679],[23.27654,48.05974],[23.29102,48.07188],[23.26936,48.08582],[23.26116,48.10807],[23.27154,48.12152],[23.2638,48.15229],[23.23944,48.15745],[23.22808,48.15321],[23.21709,48.15886],[23.2155,48.16882],[23.17533,48.18064],[23.15589,48.19286],[23.15216,48.21136],[23.10292,48.2426],[23.09282,48.2206],[23.06283,48.22201],[23.06696,48.2323],[23.05819,48.24079],[23.05918,48.25446],[23.03819,48.26091],[23.04198,48.26807],[23.03583,48.27351],[22.94967,48.24985],[22.94051,48.25536],[22.95758,48.27577],[22.98268,48.28714],[23.03304,48.27922],[23.0253,48.28583],[23.0279,48.29488]]],[[[22.90257,48.25066],[22.91787,48.24298],[22.90024,48.23831],[22.89625,48.24262],[22.90257,48.25066]]]]}},{"type":"Feature","properties":{"name":"Запорізький район","oblast":"Запорізька область","centroid":[35.4315,47.8655]},"geometry":{"type":"Polygon","coordinates":[[[34.81711,47.86433],[34.86084,47.88053],[34.8708,47.85063],[34.89723,47.85281],[34.90338,47.82959],[34.87888,47.8184],[34.89362,47.76022],[34.9575,47.76959],[34.96493,47.74021],[34.95448,47.73908],[34.95604,47.71234],[34.92989,47.71159],[34.93824,47.6774],[34.90571,47.67388],[34.91618,47.6338],[34.93308,47.63565],[34.94159,47.60316],[34.93497,47.59078],[34.92608,47.59412],[34.93598,47.5825],[34.92755,47.58031],[34.94588,47.57425],[34.93582,47.56835],[34.95235,47.57157],[34.95934,47.56318],[34.92321,47.55641],[34.96103,47.56074],[34.9653,47.54785],[34.94424,47.52988],[34.97704,47.51053],[35.02429,47.50471],[35.06733,47.50932],[35.14038,47.53685],[35.16438,47.56222],[35.19023,47.61493],[35.21899,47.62184],[35.24693,47.62025],[35.28153,47.60889],[35.27946,47.64362],[35.31553,47.67242],[35.33584,47.67775],[35.34748,47.65877],[35.39901,47.65634],[35.40038,47.63885],[35.42843,47.63904],[35.42996,47.61809],[35.46935,47.61864],[35.4581,47.60592],[35.54939,47.6072],[35.55541,47.58],[35.5668,47.57648],[35.6157,47.58518],[35.71451,47.62161],[35.73561,47.59864],[35.75673,47.59671],[35.79792,47.67151],[35.7799,47.75519],[35.77758,47.78179],[35.78633,47.78554],[35.7835,47.79586],[35.77363,47.79482],[35.772,47.80191],[35.79131,47.8052],[35.78715,47.82897],[35.84567,47.83326],[35.85005,47.8106],[35.84246,47.769],[35.87327,47.77175],[35.91047,47.76265],[35.90916,47.75669],[35.95391,47.75547],[35.95739,47.74759],[35.96712,47.74585],[35.97371,47.72111],[36.01246,47.72504],[36.00693,47.76609],[36.13261,47.77805],[36.18395,47.77544],[36.17435,47.78578],[36.17945,47.79375],[36.19122,47.79719],[36.19129,47.80696],[36.20692,47.80744],[36.19996,47.81258],[36.20544,47.81521],[36.20033,47.82107],[36.20538,47.82566],[36.18868,47.83819],[36.19721,47.85906],[36.17719,47.8572],[36.17877,47.85066],[36.10166,47.84259],[36.09589,47.85008],[36.07365,47.84883],[36.06856,47.86749],[36.05752,47.8683],[36.05406,47.88],[36.08079,47.88322],[36.0872,47.86123],[36.11923,47.86476],[36.11692,47.87094],[36.13019,47.89033],[36.11036,47.92458],[36.11973,47.92786],[36.1087,47.94177],[36.08501,47.93031],[36.07357,47.96521],[36.05162,47.95857],[36.04795,47.96552],[36.07074,47.97152],[36.062,48.00103],[36.04165,48.00392],[36.03443,48.01872],[36.06553,48.0252],[36.05248,48.05907],[35.97529,48.04318],[35.98852,48.05835],[35.98066,48.0634],[35.97202,48.05994],[35.96943,48.07312],[35.98396,48.07816],[35.98546,48.08464],[35.9666,48.09479],[35.81686,48.06612],[35.80591,48.10043],[35.78316,48.09417],[35.74282,48.09575],[35.70341,48.14021],[35.52414,48.0746],[35.51886,48.09486],[35.44437,48.10412],[35.42126,48.10019],[35.41627,48.10969],[35.383,48.12004],[35.3385,48.12343],[35.29502,48.14435],[35.24186,48.13468],[35.21971,48.14273],[35.19455,48.14037],[35.16369,48.12876],[35.10175,48.13161],[35.05794,48.12049],[35.03892,48.09845],[34.99026,48.08919],[34.98559,48.09661],[34.91472,48.09094],[34.91169,48.1137],[34.92006,48.11458],[34.91581,48.1306],[34.88132,48.12712],[34.8783,48.13383],[34.85511,48.13305],[34.87566,48.05446],[34.83921,48.05051],[34.84652,48.01362],[34.85833,48.01518],[34.86954,47.98239],[34.90488,47.98572],[34.91909,47.93346],[34.88103,47.92891],[34.87642,47.94195],[34.8492,47.93777],[34.85168,47.92097],[34.80197,47.91564],[34.81711,47.86433]]]}},{"type":"Feature","properties":{"name":"Пологівський район","oblast":"Запорізька область","centroid":[36.2786,47.4524]},"geometry":{"type":"Polygon","coordinates":[[[37.24473,47.46846],[37.23955,47.45973],[37.24842,47.45682],[37.19457,47.37336],[37.20342,47.35576],[37.16198,47.34144],[37.14604,47.38111],[37.10655,47.37596],[37.12218,47.34037],[37.09227,47.33007],[37.09514,47.32597],[37.0832,47.32179],[37.0837,47.31472],[37.03613,47.29998],[37.02646,47.31478],[36.9466,47.311],[36.94423,47.32064],[36.92602,47.31942],[36.94917,47.22834],[36.9557,47.22903],[36.96258,47.20166],[36.93133,47.20056],[36.93085,47.20698],[36.81392,47.19499],[36.78616,47.19536],[36.79001,47.20224],[36.67761,47.19792],[36.68312,47.19134],[36.66237,47.18979],[36.66881,47.14492],[36.49037,47.11613],[36.48221,47.17897],[36.40224,47.17491],[36.44713,47.22091],[36.43374,47.26254],[36.37014,47.29547],[36.36226,47.29523],[36.3464,47.26322],[36.32875,47.26384],[36.31567,47.26852],[36.31461,47.2747],[36.27152,47.28351],[36.27118,47.2787],[36.26247,47.27821],[36.26093,47.28377],[36.22038,47.27742],[36.18873,47.28225],[36.18017,47.29318],[36.1922,47.29764],[36.17011,47.3276],[36.10499,47.34113],[36.01739,47.33724],[36.00028,47.34164],[35.97545,47.3174],[35.97905,47.31184],[35.96858,47.30168],[35.99553,47.24936],[36.00781,47.24531],[35.99703,47.21512],[35.99764,47.19734],[35.83323,47.19401],[35.83704,47.16458],[35.85138,47.15539],[35.85334,47.14241],[35.8656,47.14337],[35.86786,47.12916],[35.85672,47.12824],[35.86108,47.08433],[35.91709,47.08759],[35.92204,47.04264],[35.914,47.02825],[35.92211,47.02588],[35.92179,47.01051],[35.88321,47.0067],[35.88586,46.99245],[35.86136,46.99019],[35.85797,47.00451],[35.72178,46.99563],[35.72253,46.99023],[35.68938,46.98724],[35.68038,47.04453],[35.67178,47.04257],[35.66892,47.06364],[35.62294,47.10157],[35.60464,47.10484],[35.58563,47.09499],[35.50574,47.10113],[35.50585,47.11072],[35.49972,47.11387],[35.50893,47.12651],[35.50921,47.14416],[35.45035,47.15944],[35.45689,47.16997],[35.49073,47.16084],[35.50619,47.19749],[35.48905,47.20106],[35.51004,47.234],[35.50239,47.2369],[35.51305,47.24998],[35.52399,47.24585],[35.55442,47.27524],[35.57785,47.26627],[35.5876,47.27854],[35.57551,47.28329],[35.60617,47.31194],[35.57871,47.33347],[35.68249,47.43332],[35.588,47.43794],[35.55541,47.58],[35.5668,47.57648],[35.6157,47.58518],[35.71451,47.62161],[35.73561,47.59864],[35.75673,47.59671],[35.79792,47.67151],[35.7799,47.75519],[35.77758,47.78179],[35.78633,47.78554],[35.7835,47.79586],[35.77363,47.79482],[35.772,47.80191],[35.79131,47.8052],[35.78715,47.82897],[35.84567,47.83326],[35.85005,47.8106],[35.84246,47.769],[35.87327,47.77175],[35.91047,47.76265],[35.90916,47.75669],[35.95391,47.75547],[35.95739,47.74759],[35.96712,47.74585],[35.97371,47.72111],[36.01246,47.72504],[36.00693,47.76609],[36.13261,47.77805],[36.18464,47.77568],[36.17435,47.78578],[36.17945,47.79375],[36.19122,47.79719],[36.19129,47.80696],[36.20689,47.80721],[36.19996,47.81258],[36.20544,47.81521],[36.20033,47.82107],[36.20544,47.82553],[36.19757,47.83255],[36.26619,47.8332],[36.27545,47.81536],[36.2986,47.81593],[36.33264,47.82065],[36.32413,47.83947],[36.37442,47.83798],[36.37671,47.82999],[36.47596,47.8242],[36.52286,47.82881],[36.52092,47.83645],[36.6047,47.85084],[36.60834,47.83974],[36.59933,47.81785],[36.58853,47.81651],[36.58784,47.78457],[36.67131,47.79358],[36.68566,47.73089],[36.69996,47.7325],[36.71338,47.67887],[36.79164,47.68492],[36.77472,47.66514],[36.75344,47.66683],[36.75481,47.662],[36.71827,47.65885],[36.72519,47.63109],[36.76585,47.63411],[36.76621,47.62344],[36.74526,47.62174],[36.7481,47.6066],[36.76492,47.60777],[36.76463,47.60079],[36.83032,47.62423],[36.89341,47.54491],[36.94434,47.57613],[36.96676,47.55341],[36.98006,47.56071],[37.0016,47.53886],[37.02103,47.5528],[37.07422,47.4937],[37.08434,47.49611],[37.1577,47.45486],[37.1798,47.48366],[37.19597,47.47893],[37.18995,47.46915],[37.24473,47.46846]]]}},{"type":"Feature","properties":{"name":"Бердянський район","oblast":"Запорізька область","centroid":[36.4355,46.9789]},"geometry":{"type":"Polygon","coordinates":[[[36.38119,47.28967],[36.36226,47.29523],[36.3464,47.26322],[36.32875,47.26384],[36.31567,47.26852],[36.31461,47.2747],[36.27152,47.28351],[36.27118,47.2787],[36.26247,47.27821],[36.26093,47.28377],[36.22038,47.27742],[36.18873,47.28225],[36.18017,47.29318],[36.1922,47.29764],[36.17011,47.3276],[36.10499,47.34113],[36.01739,47.33724],[36.00028,47.34164],[35.97545,47.3174],[35.97905,47.31184],[35.96858,47.30168],[35.99553,47.24936],[36.00781,47.24531],[35.99703,47.21512],[35.99764,47.19734],[35.83323,47.19401],[35.83704,47.16458],[35.85138,47.15539],[35.85334,47.14241],[35.8656,47.14337],[35.86786,47.12916],[35.85672,47.12824],[35.86108,47.08433],[35.91709,47.08759],[35.91922,47.06766],[35.9493,47.06929],[35.95013,47.06024],[35.99969,47.06892],[35.99975,47.05855],[35.98271,47.05269],[35.99189,47.02888],[35.98376,47.02249],[35.9818,46.97571],[36.06805,46.98517],[36.05778,46.91833],[36.04155,46.90543],[35.98787,46.90499],[35.98352,46.86928],[36.05904,46.88674],[36.06073,46.89379],[36.102,46.87806],[36.11014,46.88458],[36.14406,46.87233],[36.08371,46.85042],[36.09194,46.83778],[36.09172,46.82171],[36.02564,46.80894],[36.02226,46.78031],[36.02957,46.77995],[36.02958,46.75531],[35.96168,46.7461],[35.96724,46.72379],[35.90147,46.72095],[35.91964,46.65702],[36.03599,46.66762],[36.10673,46.65601],[36.15209,46.669],[36.18793,46.67003],[36.23467,46.64846],[36.25832,46.61975],[36.25876,46.60277],[36.2349,46.57077],[36.21979,46.5642],[36.18605,46.53031],[36.1639,46.52647],[36.15293,46.54234],[36.14422,46.50713],[36.12698,46.49684],[36.11449,46.50321],[36.09394,46.49405],[36.10419,46.48718],[36.1166,46.48573],[36.15204,46.50392],[36.1717,46.49961],[36.19282,46.515],[36.25401,46.5778],[36.32228,46.66473],[36.37933,46.70899],[36.45865,46.73811],[36.57391,46.76316],[36.62632,46.78204],[36.72547,46.77763],[36.77159,46.75799],[36.77621,46.74611],[36.77835,46.7518],[36.78671,46.74854],[36.81127,46.73012],[36.82778,46.70779],[36.80552,46.70648],[36.80036,46.68876],[36.76304,46.67096],[36.75462,46.6427],[36.74296,46.63066],[36.76771,46.63029],[36.82504,46.67938],[36.88059,46.78759],[36.90161,46.81143],[36.9802,46.86045],[37.0356,46.87094],[37.06246,46.88396],[37.02143,46.92795],[37.09235,46.96837],[37.10269,46.95998],[37.14113,46.98199],[37.08934,47.00746],[37.12492,47.03911],[37.0987,47.05925],[37.08121,47.04748],[36.98545,47.07977],[37.01279,47.08937],[37.01093,47.09848],[37.00202,47.10086],[37.01079,47.11061],[37.00009,47.11397],[37.00175,47.12763],[36.98353,47.1244],[36.94954,47.15868],[36.9404,47.1573],[36.93667,47.16553],[36.92285,47.16047],[36.92397,47.17045],[36.90932,47.16515],[36.8996,47.17386],[36.88848,47.17083],[36.85915,47.18945],[36.85477,47.19916],[36.8018,47.19462],[36.78616,47.19536],[36.79001,47.20224],[36.67761,47.19792],[36.68312,47.19134],[36.66237,47.18979],[36.66881,47.14492],[36.49037,47.11613],[36.48221,47.17897],[36.40224,47.17491],[36.44713,47.22091],[36.43374,47.26254],[36.38119,47.28967]]]}},{"type":"Feature","properties":{"name":"Мелітопольський район","oblast":"Запорізька область","centroid":[35.2964,46.7919]},"geometry":{"type":"Polygon","coordinates":[[[34.5195,47.10475],[34.51678,47.11878],[34.54986,47.12137],[34.54246,47.15854],[34.59457,47.16334],[34.60098,47.13388],[34.81168,47.15977],[34.82913,47.17227],[34.85724,47.15422],[34.85083,47.14242],[34.87264,47.14457],[34.87437,47.13313],[34.95529,47.14095],[34.9631,47.07777],[35.06539,47.08267],[35.06291,47.09173],[35.10416,47.09571],[35.10599,47.08782],[35.13997,47.09018],[35.14728,47.11581],[35.17426,47.119],[35.1724,47.12775],[35.1789,47.12845],[35.17305,47.15162],[35.20533,47.15528],[35.20762,47.1462],[35.21896,47.14741],[35.22235,47.13366],[35.2643,47.1386],[35.28292,47.17587],[35.32015,47.17395],[35.32186,47.20291],[35.38111,47.17916],[35.39154,47.20216],[35.44621,47.185],[35.44128,47.17411],[35.45689,47.16997],[35.45035,47.15944],[35.50892,47.14444],[35.50893,47.12651],[35.4997,47.11361],[35.50585,47.11072],[35.50574,47.10113],[35.58563,47.09499],[35.60464,47.10484],[35.62294,47.10157],[35.66892,47.06364],[35.67178,47.04257],[35.68038,47.04453],[35.68938,46.98724],[35.72253,46.99023],[35.72178,46.99563],[35.85797,47.00451],[35.86136,46.99019],[35.88586,46.99245],[35.88321,47.0067],[35.92179,47.01051],[35.92211,47.02588],[35.914,47.02825],[35.92204,47.04264],[35.91922,47.06766],[35.9493,47.06929],[35.95013,47.06024],[35.99969,47.06892],[35.99975,47.05855],[35.98271,47.05269],[35.99189,47.02888],[35.98376,47.02249],[35.9818,46.97571],[36.06805,46.98517],[36.05778,46.91833],[36.04155,46.90543],[35.98787,46.90499],[35.98352,46.86928],[36.05904,46.88674],[36.06073,46.89379],[36.102,46.87806],[36.11014,46.88458],[36.14406,46.87233],[36.08371,46.85042],[36.09194,46.83778],[36.09172,46.82171],[36.02564,46.80894],[36.02226,46.78031],[36.02957,46.77995],[36.02958,46.75531],[35.96168,46.7461],[35.96724,46.72379],[35.90147,46.72095],[35.91964,46.65702],[35.72809,46.5885],[35.65212,46.52115],[35.58938,46.4828],[35.44489,46.435],[35.28407,46.26315],[35.12822,46.30209],[35.07203,46.29957],[35.05675,46.37521],[35.0695,46.37944],[35.05468,46.48187],[35.0214,46.47895],[34.94845,46.50286],[34.94687,46.51255],[34.8901,46.50696],[34.88487,46.53631],[34.89485,46.53717],[34.89071,46.56315],[34.75687,46.54935],[34.74827,46.58419],[34.7233,46.58147],[34.71276,46.62007],[34.75631,46.62698],[34.74618,46.68322],[34.6851,46.67703],[34.68083,46.69199],[34.63224,46.68762],[34.62523,46.72397],[34.66128,46.72716],[34.65869,46.74033],[34.73501,46.74734],[34.73517,46.75706],[34.75049,46.7579],[34.75014,46.78051],[34.76758,46.78091],[34.75813,46.82271],[34.81655,46.82845],[34.80468,46.88253],[34.75257,46.87954],[34.73644,46.96136],[34.68546,46.95586],[34.68097,46.97914],[34.62384,46.9734],[34.61748,46.99332],[34.59962,46.99177],[34.59166,47.02679],[34.56727,47.02449],[34.5535,47.10597],[34.5195,47.10475]]]}},{"type":"Feature","properties":{"name":"Василівський район","oblast":"Запорізька область","centroid":[34.9782,47.3671]},"geometry":{"type":"Polygon","coordinates":[[[34.96274,47.08591],[34.9631,47.07777],[35.02357,47.0827],[35.02555,47.07858],[35.06539,47.08267],[35.06291,47.09173],[35.10416,47.09571],[35.10599,47.08782],[35.13997,47.09018],[35.14728,47.11581],[35.17426,47.119],[35.1724,47.12775],[35.1789,47.12845],[35.17305,47.15162],[35.20533,47.15528],[35.20762,47.1462],[35.21896,47.14741],[35.22235,47.13366],[35.2643,47.1386],[35.28292,47.17587],[35.32015,47.17395],[35.32186,47.20291],[35.38111,47.17916],[35.39154,47.20216],[35.44621,47.185],[35.44128,47.17411],[35.49073,47.16084],[35.50619,47.19749],[35.48905,47.20106],[35.51004,47.234],[35.50239,47.2369],[35.51305,47.24998],[35.52399,47.24585],[35.55442,47.27524],[35.57785,47.26627],[35.5876,47.27854],[35.57551,47.28329],[35.60617,47.31194],[35.57871,47.33347],[35.68249,47.43332],[35.588,47.43794],[35.54939,47.6072],[35.4581,47.60592],[35.46935,47.61864],[35.42996,47.61809],[35.42843,47.63904],[35.40038,47.63885],[35.39901,47.65634],[35.34748,47.65877],[35.33584,47.67775],[35.31553,47.67242],[35.27946,47.64362],[35.28153,47.60889],[35.24693,47.62025],[35.21899,47.62184],[35.19023,47.61493],[35.16438,47.56222],[35.14038,47.53685],[35.06733,47.50932],[35.02429,47.50471],[34.97704,47.51053],[34.94424,47.52988],[34.86146,47.51514],[34.79632,47.53702],[34.7355,47.53891],[34.64782,47.55942],[34.58835,47.56235],[34.52808,47.55368],[34.46886,47.53212],[34.29998,47.51914],[34.23415,47.4944],[34.13946,47.47725],[34.21845,47.45273],[34.24269,47.43386],[34.25643,47.39538],[34.25156,47.39154],[34.26079,47.35974],[34.27246,47.36114],[34.29352,47.27365],[34.30535,47.26914],[34.33024,47.29043],[34.35778,47.29356],[34.37087,47.2836],[34.4014,47.28708],[34.39876,47.29828],[34.41923,47.30066],[34.41384,47.32346],[34.51218,47.33504],[34.50702,47.32558],[34.51611,47.31844],[34.47943,47.31512],[34.48776,47.27995],[34.5182,47.28355],[34.52959,47.2558],[34.5301,47.25076],[34.49089,47.24684],[34.51678,47.11878],[34.54986,47.12137],[34.54246,47.15854],[34.59457,47.16334],[34.60098,47.13388],[34.81168,47.15977],[34.82913,47.17227],[34.85724,47.15422],[34.85083,47.14242],[34.87264,47.14457],[34.87437,47.13313],[34.95529,47.14095],[34.96274,47.08591]]]}},{"type":"Feature","properties":{"name":"Каховський район","oblast":"Херсонська область","centroid":[33.8509,46.7907]},"geometry":{"type":"Polygon","coordinates":[[[33.74486,46.18633],[33.79689,46.20302],[33.84869,46.19967],[33.89734,46.17062],[33.97171,46.1412],[33.97166,46.37125],[33.96493,46.37052],[33.96205,46.41577],[34.12878,46.43219],[34.10879,46.5252],[34.07618,46.5441],[33.9903,46.53645],[33.98744,46.55437],[34.00326,46.55643],[33.99977,46.57647],[33.98266,46.57442],[33.97212,46.6207],[33.9909,46.62286],[33.98796,46.63992],[34.06439,46.6504],[34.06302,46.6609],[34.04983,46.66629],[34.03257,46.77506],[34.02448,46.79286],[34.03633,46.79432],[34.03365,46.81031],[34.04696,46.81187],[34.10767,46.81823],[34.11128,46.802],[34.19786,46.81143],[34.18173,46.88861],[34.32447,47.01611],[34.31565,47.02134],[34.34725,47.04846],[34.40758,47.07868],[34.40216,47.10123],[34.5195,47.10475],[34.49089,47.24684],[34.5301,47.25076],[34.52959,47.2558],[34.5182,47.28355],[34.48776,47.27995],[34.47943,47.31512],[34.51611,47.31844],[34.50702,47.32558],[34.51218,47.33504],[34.41384,47.32346],[34.41923,47.30066],[34.39876,47.29828],[34.4014,47.28708],[34.37087,47.2836],[34.35778,47.29356],[34.33024,47.29043],[34.30535,47.26914],[34.29272,47.27445],[34.27246,47.36114],[34.26079,47.35974],[34.24937,47.41933],[34.22716,47.44812],[34.13946,47.47725],[34.01731,47.45998],[34.01323,47.34245],[33.99819,47.31157],[33.94853,47.24917],[33.93495,47.22258],[33.83354,47.15324],[33.79733,47.08691],[33.71945,47.04139],[33.69388,47.0192],[33.64972,46.94908],[33.61882,46.91233],[33.60093,46.84648],[33.57855,46.83751],[33.49441,46.83858],[33.41392,46.80658],[33.38108,46.83127],[33.37336,46.82967],[33.37127,46.8369],[33.34195,46.84063],[33.34042,46.84823],[33.31449,46.83945],[33.30842,46.8453],[33.29705,46.84304],[33.31859,46.82348],[33.315,46.79831],[33.30727,46.78907],[33.31704,46.78356],[33.31713,46.77432],[33.32776,46.77683],[33.33135,46.75706],[33.31633,46.75316],[33.28076,46.75443],[33.14883,46.78405],[33.09768,46.76749],[33.12945,46.75517],[33.15674,46.71378],[33.17992,46.7161],[33.1824,46.69773],[33.15314,46.68711],[33.14962,46.69166],[33.12958,46.68682],[33.1354,46.67417],[33.12783,46.66307],[33.10669,46.65538],[33.14255,46.63334],[33.16461,46.63344],[33.16605,46.66679],[33.22,46.6712],[33.22385,46.65608],[33.27695,46.66245],[33.29375,46.59846],[33.41635,46.61112],[33.43578,46.5116],[33.25364,46.48694],[33.26721,46.42409],[33.21411,46.41848],[33.2219,46.38942],[33.23417,46.38266],[33.35551,46.39533],[33.36621,46.34908],[33.44936,46.35807],[33.46661,46.29105],[33.54085,46.29968],[33.53676,46.3186],[33.59821,46.32631],[33.63271,46.2283],[33.64677,46.22958],[33.66614,46.22071],[33.67086,46.21179],[33.74486,46.18633]]]}},{"type":"Feature","properties":{"name":"Херсонський район","oblast":"Херсонська область","centroid":[32.7333,46.6287]},"geometry":{"type":"Polygon","coordinates":[[[32.08683,46.68352],[32.02014,46.6775],[32.02988,46.66891],[31.98741,46.66412],[31.98858,46.65547],[31.93009,46.65288],[31.92747,46.58175],[32.12952,46.53194],[32.19063,46.52533],[32.29551,46.49529],[32.33113,46.50516],[32.46922,46.57005],[32.49062,46.57042],[32.51245,46.55398],[32.55571,46.55949],[32.56925,46.5546],[32.57974,46.57251],[32.61743,46.58783],[32.65708,46.5436],[32.69784,46.53537],[32.70057,46.52294],[32.71191,46.51746],[32.77007,46.52276],[32.78231,46.51823],[32.79081,46.45584],[32.81385,46.45143],[32.83652,46.43071],[32.82819,46.42947],[32.85756,46.28259],[32.89948,46.2862],[32.90335,46.26585],[33.02726,46.27926],[33.01336,46.35758],[33.23417,46.38266],[33.2219,46.38942],[33.21386,46.41823],[33.26721,46.42409],[33.25364,46.48694],[33.43578,46.5116],[33.41508,46.61173],[33.29375,46.59846],[33.27695,46.66245],[33.22385,46.65608],[33.22,46.6712],[33.16605,46.66679],[33.16461,46.63344],[33.14255,46.63334],[33.10669,46.65538],[33.12783,46.66307],[33.1354,46.67417],[33.12958,46.68682],[33.14962,46.69166],[33.15314,46.68711],[33.1824,46.69773],[33.17992,46.7161],[33.15674,46.71378],[33.12945,46.75517],[33.09768,46.76749],[33.04643,46.74227],[33.02199,46.83578],[32.9858,46.83152],[32.97731,46.85993],[33.01546,46.86489],[33.00568,46.90255],[33.06417,46.90759],[33.05237,46.95993],[32.9497,47.00319],[32.93397,46.98628],[32.94966,46.94655],[32.97586,46.94875],[32.97987,46.9337],[32.92171,46.92666],[32.9246,46.91006],[32.84146,46.90004],[32.83603,46.88456],[32.85645,46.87703],[32.91527,46.88328],[32.91989,46.86614],[32.94627,46.86866],[32.94912,46.85795],[32.81363,46.84014],[32.81477,46.8346],[32.7762,46.83114],[32.77944,46.8249],[32.77157,46.82078],[32.76415,46.82729],[32.7014,46.82076],[32.68788,46.86208],[32.58545,46.85584],[32.57178,46.86323],[32.57049,46.87256],[32.54674,46.86944],[32.54428,46.88317],[32.5338,46.88146],[32.54127,46.85017],[32.52509,46.8483],[32.5315,46.82324],[32.46933,46.81657],[32.46328,46.84043],[32.36532,46.82926],[32.37289,46.79908],[32.34159,46.79545],[32.22722,46.84545],[32.25221,46.8196],[32.2097,46.80573],[32.21869,46.77131],[32.16895,46.7635],[32.17154,46.75232],[32.11182,46.74513],[32.10889,46.75246],[32.05715,46.74464],[32.06091,46.72798],[32.07567,46.72998],[32.08683,46.68352]]]}},{"type":"Feature","properties":{"name":"Скадовський район","oblast":"Херсонська область","centroid":[32.5962,46.2961]},"geometry":{"type":"Polygon","coordinates":[[[32.03785,46.17158],[31.84837,46.19685],[31.61936,46.23987],[31.57094,46.26144],[31.53193,46.29225],[31.51447,46.32127],[31.51402,46.35604],[31.52154,46.3673],[31.53442,46.36876],[31.53515,46.30603],[31.56502,46.2673],[31.61118,46.24687],[31.66561,46.24893],[31.7112,46.27408],[31.7641,46.31969],[31.80407,46.3321],[31.81091,46.37157],[31.80448,46.47917],[31.8194,46.49581],[31.84803,46.50045],[31.86198,46.52349],[31.92747,46.58175],[32.12952,46.53194],[32.19063,46.52533],[32.29551,46.49529],[32.33113,46.50516],[32.46922,46.57005],[32.49062,46.57042],[32.51245,46.55398],[32.55571,46.55949],[32.56925,46.5546],[32.57974,46.57251],[32.61743,46.58783],[32.65708,46.5436],[32.69784,46.53537],[32.70057,46.52294],[32.71191,46.51746],[32.77007,46.52276],[32.78231,46.51823],[32.79081,46.45584],[32.81385,46.45143],[32.83652,46.43071],[32.82819,46.42947],[32.85756,46.28259],[32.89948,46.2862],[32.90335,46.26585],[33.0265,46.27906],[33.01336,46.35758],[33.35551,46.39533],[33.36621,46.34908],[33.44936,46.35807],[33.46661,46.29105],[33.54085,46.29968],[33.53676,46.3186],[33.59821,46.32631],[33.62946,46.24259],[33.63271,46.2283],[33.61524,46.22622],[33.61355,46.21392],[33.61859,46.21393],[33.63557,46.14634],[33.64127,46.14244],[33.61471,46.13466],[33.60875,46.14782],[33.58498,46.15903],[33.57276,46.15408],[33.56677,46.1386],[33.54611,46.13585],[33.54222,46.12482],[33.55468,46.1293],[33.53805,46.11822],[33.52166,46.11559],[33.51216,46.1231],[33.50891,46.11678],[33.51577,46.09872],[33.57347,46.0748],[33.50316,46.079],[33.49095,46.06723],[33.49017,46.05627],[33.5091,46.03202],[33.51695,46.03106],[33.49804,46.02742],[33.45756,46.051],[33.44579,46.04028],[33.41449,46.03805],[33.42537,46.03129],[33.42076,46.02979],[33.36475,46.07569],[33.37136,46.08951],[33.3447,46.09597],[33.32919,46.11558],[33.31286,46.10218],[33.30844,46.07468],[33.28267,46.07828],[33.28025,46.09671],[33.302,46.09177],[33.30903,46.09595],[33.3115,46.11103],[33.30647,46.12194],[33.28151,46.13313],[33.25735,46.13862],[33.21669,46.13072],[33.20691,46.11844],[33.21576,46.10629],[33.20102,46.10768],[33.19757,46.11527],[33.20466,46.12193],[33.20809,46.14167],[33.22689,46.1532],[33.20572,46.17416],[33.22603,46.21803],[33.20368,46.19067],[33.18641,46.1931],[33.18656,46.18559],[33.19629,46.17902],[33.18594,46.15471],[33.14944,46.13801],[33.14195,46.12962],[33.14654,46.12911],[33.13473,46.12435],[33.08109,46.13641],[33.06651,46.15391],[33.03128,46.15644],[33.01644,46.15126],[33.03025,46.13888],[33.02604,46.12587],[33.01496,46.12252],[33.01814,46.11472],[33.02227,46.11883],[33.02995,46.11096],[32.91045,46.10487],[32.87449,46.11592],[32.83056,46.10997],[32.8144,46.11635],[32.79326,46.11316],[32.7678,46.12264],[32.74308,46.11689],[32.73509,46.10836],[32.67574,46.09975],[32.6473,46.10689],[32.60036,46.09858],[32.54807,46.08232],[32.53861,46.07051],[32.77925,46.03053],[32.80629,46.03426],[32.83798,46.05085],[32.85891,46.05466],[32.86263,46.0612],[32.91242,46.03625],[32.93184,46.03685],[32.94168,46.04646],[32.97433,46.02982],[33.03305,46.02802],[33.06814,46.01491],[33.08376,46.0162],[33.03577,46.00723],[32.91666,46.01123],[32.7333,46.0338],[32.62834,46.05613],[32.46473,46.07937],[32.03785,46.17158]]]}},{"type":"Feature","properties":{"name":"Бериславський район","oblast":"Херсонська область","centroid":[33.4442,47.1954]},"geometry":{"type":"Polygon","coordinates":[[[33.07218,47.02036],[33.06777,47.02224],[33.02249,46.97278],[33.05237,46.95993],[33.06417,46.90759],[33.00568,46.90255],[33.01546,46.86489],[32.97731,46.85993],[32.9858,46.83152],[33.02199,46.83578],[33.04643,46.74227],[33.14202,46.784],[33.28973,46.7531],[33.33135,46.75706],[33.32776,46.77683],[33.31713,46.77432],[33.31704,46.78356],[33.30727,46.78907],[33.31947,46.81814],[33.29705,46.84304],[33.30842,46.8453],[33.3123,46.83944],[33.34042,46.84823],[33.34195,46.84063],[33.35746,46.84249],[33.35957,46.83553],[33.37127,46.8369],[33.37336,46.82967],[33.38108,46.83127],[33.41392,46.80658],[33.49441,46.83858],[33.59097,46.84042],[33.60633,46.85278],[33.61882,46.91233],[33.64972,46.94908],[33.69388,47.0192],[33.71945,47.04139],[33.79733,47.08691],[33.83354,47.15324],[33.93495,47.22258],[33.94853,47.24917],[33.99819,47.31157],[34.01323,47.34245],[34.01731,47.45998],[33.95297,47.45825],[33.9471,47.5],[33.93902,47.51611],[33.64361,47.48453],[33.63597,47.51407],[33.60372,47.51028],[33.60501,47.50416],[33.58845,47.5023],[33.5804,47.53238],[33.57592,47.52867],[33.59254,47.54442],[33.58865,47.55823],[33.60906,47.56187],[33.60549,47.575],[33.59229,47.57365],[33.58032,47.60019],[33.47372,47.58733],[33.4861,47.54393],[33.32269,47.52356],[33.34882,47.49367],[33.31414,47.48259],[33.30722,47.48615],[33.31495,47.4907],[33.30998,47.5016],[33.27923,47.51677],[33.28848,47.5317],[33.28558,47.54413],[33.27311,47.54591],[33.24181,47.53035],[33.21551,47.53311],[33.22189,47.53955],[33.21835,47.54864],[33.23621,47.56347],[33.23342,47.57737],[33.17186,47.56668],[33.09268,47.57883],[33.08886,47.55217],[33.09497,47.52763],[33.14174,47.54347],[33.14686,47.51465],[33.12324,47.50794],[33.13783,47.41953],[33.07155,47.41245],[33.06679,47.47492],[33.04726,47.46847],[33.05386,47.44405],[33.03413,47.44163],[33.03746,47.42555],[33.02928,47.42286],[33.03594,47.39115],[33.03929,47.37969],[33.11725,47.38906],[33.12258,47.38522],[33.1373,47.33365],[33.10291,47.32235],[33.11153,47.29393],[33.10208,47.29065],[33.10521,47.28046],[33.1185,47.28197],[33.13953,47.27233],[33.13616,47.26777],[33.18369,47.23803],[33.12725,47.2309],[33.12899,47.21914],[33.14259,47.21037],[33.13001,47.20287],[33.11115,47.20687],[33.09915,47.22345],[33.07199,47.22336],[33.07472,47.21784],[33.06501,47.21929],[33.0662,47.20088],[33.0372,47.18867],[33.03789,47.17821],[33.01562,47.18033],[33.00442,47.1969],[33.00204,47.18999],[32.96135,47.18963],[32.94829,47.16382],[32.92001,47.14612],[32.9192,47.133],[32.90684,47.12055],[32.91462,47.1053],[32.91033,47.09387],[32.9167,47.08718],[33.02691,47.03967],[33.0516,47.07006],[33.07297,47.0624],[33.10258,47.09981],[33.08198,47.10758],[33.10503,47.13661],[33.15571,47.11745],[33.07218,47.02036]]]}},{"type":"Feature","properties":{"name":"Білгород-Дністровський район","oblast":"Одеська область","centroid":[29.8815,46.0404]},"geometry":{"type":"Polygon","coordinates":[[[29.51528,46.19875],[29.55265,46.19045],[29.60664,46.19664],[29.61054,46.19854],[29.60253,46.20567],[29.62559,46.20671],[29.62517,46.22191],[29.60477,46.29485],[29.53172,46.28728],[29.38357,46.32424],[29.48354,46.36034],[29.47241,46.37362],[29.45072,46.38343],[29.43643,46.40295],[29.41087,46.4069],[29.38672,46.44662],[29.44846,46.49865],[29.50246,46.46129],[29.48431,46.44741],[29.49468,46.4281],[29.56613,46.41648],[29.58031,46.3609],[29.60023,46.36295],[29.60335,46.35367],[29.67876,46.36135],[29.6603,46.43598],[29.67882,46.44167],[29.68583,46.426],[29.73464,46.435],[29.73116,46.43999],[29.74222,46.44362],[29.72679,46.46683],[29.74129,46.47298],[29.76778,46.45308],[29.77639,46.45458],[29.78682,46.41993],[29.82314,46.39576],[29.80523,46.38564],[29.89114,46.35239],[29.88697,46.37168],[29.93918,46.40047],[29.98787,46.38409],[29.99859,46.38943],[30.00834,46.35989],[30.08698,46.37211],[30.09094,46.38225],[30.09724,46.37518],[30.10687,46.39134],[30.17143,46.4157],[30.16921,46.43548],[30.18692,46.43372],[30.1937,46.44562],[30.21809,46.44379],[30.26109,46.41401],[30.25554,46.40235],[30.26037,46.38843],[30.27193,46.37423],[30.28789,46.3709],[30.29986,46.34753],[30.28442,46.34028],[30.29255,46.3261],[30.27252,46.30273],[30.26693,46.26648],[30.37677,46.22231],[30.45603,46.11237],[30.49053,46.15615],[30.50388,46.15119],[30.5496,46.18348],[30.55913,46.18],[30.55837,46.16787],[30.56524,46.16552],[30.51072,46.12117],[30.47026,46.07181],[30.36057,45.9902],[30.22177,45.86592],[30.087,45.7945],[29.86487,45.65864],[29.71379,45.57779],[29.6504,45.5292],[29.61138,45.54714],[29.59692,45.56128],[29.60924,45.62003],[29.60431,45.64815],[29.55235,45.64452],[29.55535,45.62406],[29.49154,45.61435],[29.48715,45.62062],[29.49365,45.62473],[29.49031,45.64101],[29.4688,45.63854],[29.46144,45.67529],[29.42402,45.6707],[29.41806,45.6994],[29.3268,45.68963],[29.31546,45.73168],[29.37506,45.73718],[29.41064,45.7527],[29.4033,45.79209],[29.47986,45.77885],[29.48202,45.7923],[29.46697,45.79225],[29.43781,45.86526],[29.46534,45.91477],[29.49578,45.90936],[29.59616,45.92205],[29.59075,45.94955],[29.56119,45.94572],[29.55194,46.04442],[29.50321,46.03785],[29.53387,46.09608],[29.53109,46.14445],[29.52588,46.15259],[29.47359,46.14653],[29.47349,46.15933],[29.48297,46.16084],[29.48386,46.19524],[29.51528,46.19875]]]}},{"type":"Feature","properties":{"name":"Одеський район","oblast":"Одеська область","centroid":[30.5803,46.5764]},"geometry":{"type":"Polygon","coordinates":[[[30.76132,46.41202],[30.77276,46.43721],[30.76311,46.46253],[30.76481,46.48674],[30.76001,46.4966],[30.75697,46.48404],[30.74247,46.49573],[30.73449,46.49432],[30.74064,46.49601],[30.72955,46.49853],[30.73397,46.50273],[30.72856,46.51004],[30.73635,46.50945],[30.72992,46.51376],[30.73557,46.51437],[30.73655,46.52868],[30.75889,46.54895],[30.79433,46.55788],[30.81146,46.55612],[30.8192,46.54722],[30.83038,46.5491],[30.89383,46.57076],[30.98473,46.58837],[31.01152,46.59905],[31.17715,46.62669],[31.19044,46.64762],[31.17586,46.65075],[31.19719,46.66028],[31.18549,46.66245],[31.17898,46.68023],[31.17902,46.70911],[31.15403,46.73517],[31.15397,46.74688],[31.17781,46.76937],[31.15317,46.79222],[31.15488,46.83681],[31.11115,46.84483],[31.09288,46.88109],[31.04007,46.89912],[31.0384,46.90885],[31.00175,46.90823],[30.99802,46.89502],[30.97671,46.89522],[30.97874,46.88751],[30.91068,46.87097],[30.90701,46.88212],[30.89846,46.88088],[30.89239,46.90053],[30.90331,46.90204],[30.89598,46.92468],[30.86586,46.92024],[30.86489,46.94516],[30.84426,46.95403],[30.79526,46.94735],[30.80218,46.91789],[30.72539,46.9015],[30.72833,46.89468],[30.71696,46.88806],[30.71028,46.89685],[30.70687,46.88201],[30.6919,46.87407],[30.68163,46.88825],[30.69054,46.88939],[30.69581,46.90773],[30.64082,46.89922],[30.64243,46.87425],[30.651,46.87538],[30.66573,46.85343],[30.67324,46.8549],[30.67773,46.83946],[30.65176,46.83025],[30.66095,46.79906],[30.65323,46.79786],[30.65834,46.78008],[30.60782,46.77449],[30.59455,46.80598],[30.5975,46.81476],[30.58699,46.81605],[30.5841,46.80426],[30.58907,46.79475],[30.58269,46.79211],[30.5929,46.77477],[30.56597,46.76942],[30.56485,46.78388],[30.55964,46.78217],[30.54736,46.81088],[30.50975,46.79493],[30.48918,46.81994],[30.47926,46.84713],[30.45636,46.86397],[30.46162,46.82748],[30.48673,46.79137],[30.4944,46.75553],[30.40273,46.73971],[30.38392,46.75377],[30.39183,46.74081],[30.32441,46.7307],[30.32944,46.70724],[30.39003,46.70465],[30.3995,46.65863],[30.35071,46.65409],[30.37619,46.61687],[30.34463,46.61385],[30.3384,46.63919],[30.28142,46.63275],[30.27659,46.64707],[30.32495,46.65169],[30.3167,46.69018],[30.1285,46.67496],[30.15279,46.62765],[29.95432,46.63316],[29.95466,46.61963],[29.9683,46.59842],[29.96328,46.58376],[29.93617,46.58909],[29.93899,46.56835],[29.94856,46.56878],[29.93985,46.55928],[29.94853,46.56115],[29.94519,46.55525],[29.87597,46.54671],[29.87999,46.54183],[29.88829,46.5471],[29.90256,46.5325],[29.89588,46.5273],[29.91352,46.52159],[29.90634,46.51432],[29.92792,46.51291],[29.92389,46.50347],[29.94376,46.50176],[29.93717,46.49376],[29.95177,46.4976],[29.9615,46.51],[29.9647,46.505],[29.9529,46.4904],[29.96083,46.49063],[29.97161,46.50187],[29.98282,46.49918],[29.98676,46.51019],[29.99245,46.50097],[29.98769,46.49385],[30.00109,46.49581],[29.98989,46.48639],[29.99502,46.47341],[30.0233,46.46878],[29.99496,46.46089],[30.00822,46.45352],[30.02507,46.45369],[30.02257,46.44209],[30.06417,46.44291],[30.05519,46.43501],[30.05772,46.42676],[30.07911,46.42412],[30.08339,46.43499],[30.09538,46.42569],[30.09796,46.4309],[30.0898,46.43863],[30.09572,46.44007],[30.10539,46.42767],[30.11396,46.43105],[30.13524,46.41737],[30.13117,46.4118],[30.14596,46.41442],[30.15436,46.42933],[30.16707,46.41344],[30.17434,46.42098],[30.16868,46.43514],[30.18692,46.43372],[30.19501,46.4457],[30.22723,46.44079],[30.24557,46.42901],[30.26109,46.41401],[30.25554,46.40235],[30.26037,46.38843],[30.27193,46.37423],[30.28789,46.3709],[30.29986,46.34753],[30.28442,46.34028],[30.29255,46.3261],[30.27252,46.30273],[30.26693,46.26648],[30.37677,46.22231],[30.45603,46.11237],[30.49053,46.15615],[30.50388,46.15119],[30.5496,46.18348],[30.55913,46.18],[30.55837,46.16787],[30.56524,46.16552],[30.58167,46.19468],[30.6162,46.22935],[30.65389,46.28429],[30.66456,46.28933],[30.66306,46.29577],[30.68302,46.32594],[30.71532,46.35891],[30.7522,46.37523],[30.76132,46.41202]]]}},{"type":"Feature","properties":{"name":"Болградський район","oblast":"Одеська область","centroid":[29.1162,46.0114]},"geometry":{"type":"MultiPolygon","coordinates":[[[[28.98987,46.34558],[28.99715,46.32047],[29.00355,46.31627],[28.98534,46.31831],[28.95228,46.25945],[29.06711,46.1955],[28.95046,46.09373],[29.00555,46.04935],[28.979,46.00347],[28.77636,45.97059],[28.77956,45.96043],[28.75672,45.95716],[28.76353,45.93454],[28.75438,45.92874],[28.78596,45.8323],[28.69701,45.81787],[28.70936,45.7799],[28.62479,45.76639],[28.58111,45.77075],[28.59453,45.74123],[28.58909,45.72919],[28.5628,45.72552],[28.55455,45.73632],[28.53431,45.73303],[28.52071,45.73752],[28.50474,45.69989],[28.48086,45.67816],[28.48642,45.66042],[28.51584,45.66532],[28.55285,45.55407],[28.60096,45.53468],[28.66052,45.52174],[28.64391,45.47288],[28.65113,45.46519],[28.70381,45.47477],[28.70301,45.48423],[28.76945,45.49585],[28.73774,45.58917],[28.88179,45.6069],[28.87852,45.61673],[28.94776,45.6284],[28.93764,45.64819],[28.98566,45.65623],[28.97205,45.69785],[29.02259,45.7021],[29.01331,45.73006],[29.01858,45.7368],[29.04296,45.73478],[29.05714,45.75281],[29.07564,45.75142],[29.06643,45.77956],[29.10469,45.78565],[29.0998,45.80053],[29.16887,45.81334],[29.18532,45.79127],[29.18053,45.78961],[29.19219,45.73605],[29.20081,45.73742],[29.20219,45.71987],[29.21667,45.71716],[29.20811,45.70576],[29.3129,45.73126],[29.37506,45.73718],[29.41064,45.7527],[29.4033,45.79209],[29.47986,45.77885],[29.48202,45.7923],[29.46697,45.79225],[29.43781,45.86526],[29.46534,45.91477],[29.49578,45.90936],[29.59616,45.92205],[29.59075,45.94955],[29.56119,45.94572],[29.55194,46.04442],[29.50321,46.03785],[29.53387,46.09608],[29.53008,46.14713],[29.52588,46.15259],[29.47359,46.14653],[29.47349,46.15933],[29.48297,46.16084],[29.48386,46.19524],[29.51528,46.19875],[29.55265,46.19045],[29.60664,46.19664],[29.61054,46.19854],[29.60253,46.20567],[29.62559,46.20671],[29.60477,46.29485],[29.53172,46.28728],[29.38357,46.32424],[29.48354,46.36034],[29.47241,46.37362],[29.45072,46.38343],[29.43643,46.40295],[29.41087,46.4069],[29.35128,46.5042],[29.33156,46.49591],[29.33651,46.47399],[29.3078,46.46488],[29.31858,46.44766],[29.30601,46.4443],[29.3241,46.41482],[29.30276,46.40826],[29.29625,46.41724],[29.26508,46.40653],[29.26778,46.39369],[29.24071,46.37618],[29.20676,46.38632],[29.2468,46.41661],[29.22758,46.43188],[29.2318,46.43345],[29.22954,46.45829],[29.21967,46.46361],[29.25521,46.48544],[29.2494,46.50021],[29.24092,46.49904],[29.23583,46.55829],[29.16186,46.54447],[29.16349,46.51542],[29.06291,46.51259],[29.06324,46.50701],[29.0387,46.50588],[29.039,46.4938],[29.03348,46.49075],[28.98135,46.48905],[28.97776,46.48127],[28.98406,46.47789],[29.02332,46.48016],[29.02548,46.46229],[28.93086,46.45774],[28.9673,46.37478],[28.98672,46.34306],[28.98987,46.34558]]],[[[28.70461,45.46921],[28.71043,45.45838],[28.71638,45.46205],[28.70461,45.46921]]]]}},{"type":"Feature","properties":{"name":"Березівський район","oblast":"Одеська область","centroid":[30.587,47.2158]},"geometry":{"type":"Polygon","coordinates":[[[31.01902,46.96382],[31.02287,46.93805],[31.0384,46.90885],[31.00175,46.90823],[31.00267,46.897],[30.97671,46.89522],[30.97874,46.88751],[30.94075,46.88231],[30.94268,46.87561],[30.91068,46.87097],[30.90701,46.88212],[30.89846,46.88088],[30.89239,46.90053],[30.90331,46.90204],[30.89598,46.92468],[30.86586,46.92024],[30.86489,46.94516],[30.84426,46.95403],[30.79526,46.94735],[30.80218,46.91789],[30.72539,46.9015],[30.72833,46.89468],[30.71696,46.88806],[30.71028,46.89685],[30.70687,46.88201],[30.6919,46.87407],[30.68163,46.88825],[30.69054,46.88939],[30.69581,46.90773],[30.64082,46.89922],[30.64243,46.87425],[30.651,46.87538],[30.66573,46.85343],[30.67324,46.8549],[30.67773,46.83946],[30.65176,46.83025],[30.66095,46.79906],[30.65323,46.79786],[30.65834,46.78008],[30.60782,46.77449],[30.59455,46.80598],[30.5975,46.81476],[30.58699,46.81605],[30.5841,46.80426],[30.58907,46.79475],[30.58269,46.79211],[30.5929,46.77477],[30.56597,46.76942],[30.56485,46.78388],[30.55964,46.78217],[30.54736,46.81088],[30.50676,46.79702],[30.48918,46.81994],[30.47926,46.84713],[30.46955,46.85073],[30.45975,46.86586],[30.45342,46.8586],[30.46302,46.84329],[30.46162,46.82748],[30.4045,46.82023],[30.39466,46.84466],[30.37199,46.84154],[30.34924,46.92595],[30.31688,46.92251],[30.31149,46.94089],[30.31768,46.94211],[30.31564,46.94987],[30.33571,46.9524],[30.33343,46.96047],[30.31652,46.95796],[30.31426,46.96762],[30.29145,46.96523],[30.28711,46.97959],[30.2554,46.97608],[30.26208,46.94922],[30.2476,46.94749],[30.23695,46.99033],[30.13763,46.97971],[30.10997,47.09434],[30.13606,47.09539],[30.15734,47.10187],[30.15552,47.10719],[30.17362,47.10982],[30.15002,47.21097],[30.13664,47.22332],[30.1347,47.2411],[30.11758,47.23958],[30.10958,47.27253],[30.12863,47.2751],[30.12274,47.29479],[30.1106,47.29342],[30.11848,47.28317],[30.08652,47.28719],[30.08792,47.27426],[30.08352,47.27392],[30.06919,47.30506],[30.05902,47.30369],[30.0482,47.32749],[29.95642,47.31574],[29.95092,47.29723],[29.93334,47.29134],[29.8916,47.32888],[29.90297,47.33444],[29.89993,47.35026],[29.91,47.35191],[29.91193,47.36016],[29.90777,47.36966],[29.88808,47.36714],[29.87609,47.41331],[29.95275,47.42316],[29.95117,47.42954],[30.01991,47.44148],[30.05545,47.43923],[30.05722,47.43189],[30.10752,47.43849],[30.12804,47.46103],[30.14675,47.46361],[30.14172,47.46943],[30.13186,47.46824],[30.12906,47.47856],[30.12032,47.47755],[30.11538,47.49403],[30.16616,47.50067],[30.15634,47.53243],[30.2256,47.54037],[30.21726,47.55182],[30.27549,47.56616],[30.29505,47.56541],[30.29767,47.55687],[30.44681,47.57659],[30.443,47.5902],[30.47822,47.59537],[30.47113,47.61808],[30.61224,47.63576],[30.61792,47.62419],[30.66206,47.63491],[30.66536,47.61826],[30.6593,47.61585],[30.66002,47.60081],[30.69936,47.60229],[30.71984,47.60874],[30.70901,47.63934],[30.78852,47.64923],[30.79241,47.63625],[30.78207,47.63417],[30.78159,47.62482],[30.77491,47.62353],[30.77948,47.58406],[30.74484,47.57978],[30.75241,47.56024],[30.7711,47.55376],[30.77317,47.5463],[30.80033,47.55349],[30.80337,47.54712],[30.82905,47.54969],[30.83384,47.53696],[30.87595,47.54495],[30.88325,47.50775],[30.85218,47.50313],[30.86488,47.44419],[30.84784,47.44376],[30.84815,47.43942],[30.85151,47.42045],[30.88714,47.42601],[30.89344,47.40331],[30.87349,47.4005],[30.88488,47.35901],[30.90076,47.36019],[30.90882,47.34588],[30.86788,47.33433],[30.87466,47.31822],[30.89301,47.32068],[30.90751,47.27738],[30.99716,47.2898],[30.98909,47.26735],[31.00808,47.26984],[31.01809,47.23931],[31.17048,47.26634],[31.17554,47.25646],[31.16825,47.25509],[31.1782,47.22312],[31.1463,47.21829],[31.15685,47.18165],[31.12298,47.17693],[31.11828,47.18984],[31.10893,47.18773],[31.11586,47.16792],[31.10622,47.1653],[31.10996,47.15561],[31.19739,47.15502],[31.20064,47.17175],[31.24604,47.17781],[31.24921,47.1689],[31.26953,47.17188],[31.29199,47.09368],[31.30183,47.0834],[31.29336,47.08174],[31.30498,47.04832],[31.29402,47.04637],[31.29653,47.03298],[31.28949,47.03109],[31.29142,47.02473],[31.26787,47.0217],[31.2654,47.02855],[31.2295,47.02176],[31.24384,46.99184],[31.14152,46.97899],[31.13522,46.98967],[31.08725,46.98237],[31.08999,46.97356],[31.01902,46.96382]]]}},{"type":"Feature","properties":{"name":"Роздільнянський район","oblast":"Одеська область","centroid":[29.94,47.0576]},"geometry":{"type":"Polygon","coordinates":[[[29.96663,46.71131],[29.97015,46.68686],[29.95857,46.67864],[29.94603,46.64959],[29.95432,46.63316],[30.15279,46.62765],[30.1285,46.67496],[30.3167,46.69018],[30.32495,46.65169],[30.27659,46.64707],[30.28142,46.63275],[30.3384,46.63919],[30.34463,46.61385],[30.35717,46.61498],[30.37619,46.61687],[30.35071,46.65409],[30.3995,46.65863],[30.39003,46.70465],[30.32944,46.70724],[30.32441,46.7307],[30.39183,46.74081],[30.38392,46.75377],[30.40273,46.73971],[30.4944,46.75553],[30.49546,46.76085],[30.48673,46.79137],[30.46162,46.82748],[30.4045,46.82023],[30.39466,46.84466],[30.37199,46.84154],[30.34924,46.92595],[30.31688,46.92251],[30.31149,46.94089],[30.31768,46.94211],[30.31564,46.94987],[30.33571,46.9524],[30.33343,46.96047],[30.31652,46.95796],[30.31426,46.96762],[30.29145,46.96523],[30.28711,46.97959],[30.2554,46.97608],[30.26208,46.94922],[30.2476,46.94749],[30.23695,46.99033],[30.13763,46.97971],[30.10997,47.09434],[30.13606,47.09539],[30.15734,47.10187],[30.15552,47.10719],[30.17362,47.10982],[30.15002,47.21097],[30.13664,47.22332],[30.1347,47.2411],[30.11758,47.23958],[30.10958,47.27253],[30.12863,47.2751],[30.12274,47.29479],[30.1106,47.29342],[30.11848,47.28317],[30.08652,47.28719],[30.08792,47.27426],[30.08352,47.27392],[30.06919,47.30506],[30.05902,47.30369],[30.0482,47.32749],[29.95642,47.31574],[29.95092,47.29723],[29.93334,47.29134],[29.8916,47.32888],[29.90297,47.33444],[29.89993,47.35026],[29.91,47.35191],[29.91193,47.36016],[29.90777,47.36966],[29.88808,47.36714],[29.87609,47.41331],[29.95275,47.42316],[29.95117,47.42954],[29.97732,47.43321],[29.976,47.43839],[29.94856,47.43766],[29.93914,47.46655],[29.89208,47.46062],[29.88848,47.4754],[29.84466,47.4695],[29.82623,47.53081],[29.598,47.50868],[29.60066,47.49629],[29.58383,47.49417],[29.58535,47.47812],[29.57192,47.47438],[29.57522,47.45426],[29.58018,47.44694],[29.59708,47.44707],[29.60133,47.45031],[29.59614,47.45471],[29.60491,47.45482],[29.61774,47.44584],[29.5893,47.44121],[29.59415,47.4189],[29.57736,47.41728],[29.58278,47.39047],[29.56887,47.38868],[29.59869,47.25739],[29.55211,47.25139],[29.57992,47.13576],[29.49475,47.13152],[29.49927,47.10918],[29.51563,47.11256],[29.5302,47.07545],[29.54973,47.0759],[29.54763,47.09366],[29.61292,47.09824],[29.62868,47.04473],[29.60248,47.04163],[29.59579,46.96357],[29.55741,46.95809],[29.57209,46.94025],[29.63965,46.95518],[29.64792,46.91943],[29.70985,46.92467],[29.71806,46.93212],[29.72121,46.91833],[29.73104,46.9193],[29.74953,46.86107],[29.84885,46.87545],[29.84679,46.88204],[29.88407,46.88613],[29.89222,46.85362],[29.88446,46.84936],[29.90513,46.82028],[29.93003,46.8284],[29.92555,46.83476],[29.95079,46.84224],[29.97993,46.81971],[29.93517,46.80578],[29.96589,46.77173],[29.96629,46.75608],[29.97523,46.75391],[29.96663,46.71131]]]}},{"type":"Feature","properties":{"name":"Подільський район","oblast":"Одеська область","centroid":[29.7137,47.81]},"geometry":{"type":"Polygon","coordinates":[[[29.32685,47.41578],[29.33738,47.37041],[29.39072,47.37976],[29.39801,47.35364],[29.38374,47.34515],[29.39836,47.30047],[29.4237,47.30478],[29.42705,47.29215],[29.44621,47.29459],[29.44505,47.29979],[29.48572,47.30588],[29.48314,47.33235],[29.49344,47.33772],[29.48733,47.33982],[29.48765,47.35586],[29.57406,47.37047],[29.56887,47.38868],[29.58278,47.39047],[29.5772,47.41694],[29.59415,47.4189],[29.5893,47.44121],[29.61774,47.44584],[29.60491,47.45482],[29.59614,47.45471],[29.60133,47.45031],[29.59708,47.44707],[29.58018,47.44694],[29.57522,47.45426],[29.57192,47.47438],[29.58535,47.47812],[29.58383,47.49417],[29.60066,47.49629],[29.598,47.50868],[29.82623,47.53081],[29.84466,47.4695],[29.88848,47.4754],[29.89208,47.46062],[29.93914,47.46655],[29.94856,47.43766],[30.02202,47.44163],[30.05545,47.43923],[30.05722,47.43189],[30.10752,47.43849],[30.12804,47.46103],[30.14675,47.46361],[30.14172,47.46943],[30.13186,47.46824],[30.12906,47.47856],[30.12032,47.47755],[30.11538,47.49403],[30.16616,47.50067],[30.15634,47.53243],[30.2256,47.54037],[30.21726,47.55182],[30.27549,47.56616],[30.29505,47.56541],[30.29767,47.55687],[30.44681,47.57659],[30.443,47.5902],[30.47822,47.59537],[30.46401,47.64029],[30.42059,47.63423],[30.38863,47.75245],[30.42414,47.76095],[30.41609,47.78725],[30.43923,47.78989],[30.43601,47.80077],[30.42832,47.8005],[30.42262,47.82116],[30.33036,47.81097],[30.2978,47.92291],[30.30746,47.92983],[30.28126,47.95132],[30.24577,47.96723],[30.24959,47.98213],[30.22572,48.0119],[30.25755,48.02104],[30.25627,48.02839],[30.23367,48.06056],[30.2261,48.05641],[30.20687,48.06777],[30.23349,48.07029],[30.25013,48.0898],[30.28265,48.08513],[30.28442,48.09294],[30.29393,48.09711],[30.32478,48.0941],[30.3148,48.10583],[30.32889,48.09693],[30.35688,48.10103],[30.35716,48.11254],[30.31536,48.11672],[30.30823,48.14311],[30.28608,48.14032],[30.26239,48.14803],[30.24198,48.14086],[30.18745,48.15509],[30.16601,48.14556],[30.12792,48.14765],[30.10643,48.14002],[30.06779,48.1452],[30.06084,48.15238],[30.04998,48.1502],[30.0321,48.17879],[30.02084,48.18603],[30.00192,48.18458],[29.99998,48.19514],[30.00877,48.20912],[29.9922,48.21987],[29.9902,48.23003],[29.97529,48.21686],[29.93036,48.23329],[29.89146,48.1858],[29.8751,48.18805],[29.86054,48.20462],[29.84068,48.21264],[29.79339,48.20127],[29.78072,48.20854],[29.76363,48.20043],[29.72356,48.20221],[29.68243,48.18804],[29.66649,48.19643],[29.6547,48.19525],[29.67594,48.16234],[29.67096,48.13439],[29.67499,48.12782],[29.6567,48.1188],[29.66828,48.11639],[29.66367,48.10757],[29.63787,48.11163],[29.64042,48.12282],[29.60248,48.13292],[29.59833,48.1199],[29.58129,48.11104],[29.58751,48.10192],[29.57332,48.10394],[29.5699,48.09871],[29.49505,48.10258],[29.47781,48.10773],[29.46698,48.12299],[29.39477,48.11376],[29.38235,48.10264],[29.38686,48.09496],[29.37164,48.09045],[29.36873,48.09454],[29.35229,48.08941],[29.35234,48.09732],[29.31133,48.08592],[29.28647,48.09364],[29.27749,48.09058],[29.26568,48.0942],[29.2666,48.10669],[29.25687,48.10713],[29.25803,48.11216],[29.22791,48.10323],[29.20407,48.11752],[29.20616,48.12248],[29.23513,48.12022],[29.24257,48.1292],[29.26157,48.13034],[29.25041,48.15011],[29.24056,48.14055],[29.21334,48.14313],[29.20923,48.1342],[29.18185,48.14118],[29.14132,48.14061],[29.15704,48.14799],[29.14577,48.15583],[29.13428,48.15254],[29.07504,48.19453],[29.05938,48.19318],[29.05979,48.17976],[29.05367,48.18178],[29.0458,48.17374],[29.04282,48.15779],[29.04989,48.15025],[29.03218,48.12557],[29.01905,48.13134],[29.0049,48.1506],[28.99375,48.1519],[28.98438,48.145],[28.96898,48.1543],[28.94538,48.1568],[28.9331,48.12638],[28.93082,48.09492],[28.86898,48.08155],[28.86926,48.069],[28.85324,48.07857],[28.83342,48.07285],[28.8497,48.0705],[28.84381,48.06566],[28.85203,48.06085],[28.83945,48.03495],[28.85586,48.02705],[28.8568,48.01977],[28.88307,48.01035],[28.90189,48.01256],[28.89011,48.01183],[28.87766,48.00081],[28.92278,47.96246],[28.9616,47.97919],[29.03263,47.94264],[29.03684,47.94788],[29.07376,47.9439],[29.08675,47.94667],[29.07947,47.97143],[29.09812,47.96013],[29.09651,47.97331],[29.08407,47.97733],[29.09289,47.98307],[29.131,47.98236],[29.12487,47.99367],[29.17532,47.99378],[29.20064,47.88437],[29.2132,47.88577],[29.21621,47.89607],[29.22355,47.89109],[29.21585,47.88596],[29.28157,47.88795],[29.22734,47.85644],[29.19842,47.81984],[29.21931,47.79843],[29.2327,47.79741],[29.24709,47.81094],[29.27613,47.80371],[29.24861,47.75134],[29.21523,47.7387],[29.20436,47.71907],[29.23111,47.68376],[29.21955,47.68204],[29.21961,47.65807],[29.20982,47.65799],[29.20939,47.6423],[29.23396,47.64259],[29.2192,47.62698],[29.2096,47.62858],[29.21766,47.61229],[29.18597,47.58575],[29.18466,47.57196],[29.11695,47.55442],[29.15154,47.50655],[29.18505,47.51881],[29.18967,47.51397],[29.18239,47.49592],[29.19229,47.48738],[29.18363,47.47907],[29.18768,47.47535],[29.15756,47.45923],[29.16221,47.45267],[29.18938,47.46721],[29.19302,47.45954],[29.18219,47.44907],[29.19097,47.42506],[29.24235,47.46197],[29.24375,47.41531],[29.27257,47.43466],[29.31749,47.4492],[29.32685,47.41578]]]}},{"type":"Feature","properties":{"name":"Вишгородський район","oblast":"Київська область","centroid":[30.0351,51.0636]},"geometry":{"type":"MultiPolygon","coordinates":[[[[30.53214,50.54034],[30.53515,50.54896],[30.57217,50.54496],[30.57197,50.55106],[30.55887,50.55661],[30.56124,50.56047],[30.59011,50.55498],[30.58131,50.5597],[30.59431,50.57251],[30.57505,50.57899],[30.57586,50.58325],[30.59248,50.5907],[30.61898,50.58419],[30.6411,50.59377],[30.62553,50.60895],[30.6478,50.61199],[30.64431,50.61749],[30.67044,50.65277],[30.68702,50.64896],[30.6988,50.65782],[30.69544,50.6711],[30.67751,50.67694],[30.6746,50.68857],[30.70323,50.70074],[30.67114,50.71213],[30.71408,50.72468],[30.70839,50.73371],[30.71155,50.73942],[30.73402,50.74995],[30.7381,50.76264],[30.74905,50.76898],[30.7508,50.77444],[30.73717,50.77299],[30.73521,50.78342],[30.74739,50.79179],[30.74392,50.80538],[30.73437,50.81066],[30.74394,50.81921],[30.75489,50.81037],[30.7703,50.81742],[30.76468,50.82571],[30.7767,50.83135],[30.76991,50.84971],[30.77543,50.86342],[30.76709,50.87181],[30.77168,50.87438],[30.73586,50.88778],[30.73268,50.89514],[30.68422,50.90186],[30.65719,50.95319],[30.64454,50.96389],[30.64836,50.98493],[30.64187,51.00251],[30.62418,51.00985],[30.6032,51.00961],[30.60083,51.02746],[30.49931,51.01914],[30.5005,51.03539],[30.49284,51.04532],[30.51015,51.07374],[30.48207,51.09165],[30.51257,51.102],[30.51717,51.11126],[30.49495,51.13224],[30.4905,51.16514],[30.49989,51.17517],[30.52882,51.17365],[30.54103,51.1797],[30.51721,51.18715],[30.53072,51.20207],[30.50522,51.22682],[30.52586,51.2361],[30.55064,51.22973],[30.56132,51.23918],[30.53862,51.26269],[30.50451,51.27983],[30.45351,51.27344],[30.45091,51.28274],[30.46412,51.29096],[30.45812,51.2986],[30.46382,51.30659],[30.42397,51.30558],[30.39756,51.31271],[30.39153,51.32146],[30.32418,51.36051],[30.35754,51.37874],[30.34242,51.42044],[30.35172,51.42299],[30.32236,51.43364],[30.28761,51.46404],[30.24667,51.48553],[30.2124,51.49314],[30.18017,51.51252],[30.16855,51.50925],[30.16395,51.489],[30.12798,51.50606],[30.12097,51.50461],[30.12651,51.49053],[30.11739,51.48738],[30.01423,51.50509],[30.02109,51.49655],[30.01491,51.4902],[29.99088,51.48247],[29.97552,51.48568],[29.96424,51.47113],[29.95106,51.47338],[29.94901,51.48397],[29.93234,51.49209],[29.89363,51.48531],[29.89388,51.48024],[29.88564,51.47844],[29.89157,51.47389],[29.88908,51.46273],[29.87878,51.45784],[29.88135,51.44625],[29.85217,51.44986],[29.84651,51.45835],[29.81715,51.44977],[29.81346,51.45999],[29.79441,51.4581],[29.79733,51.44171],[29.74428,51.45741],[29.74634,51.46488],[29.73175,51.49243],[29.74217,51.49319],[29.74634,51.50204],[29.73948,51.50934],[29.74634,51.51535],[29.74042,51.53105],[29.71673,51.52994],[29.67673,51.51217],[29.67278,51.50299],[29.65459,51.50634],[29.64326,51.49895],[29.63365,51.50634],[29.62455,51.4944],[29.60884,51.49372],[29.60592,51.47158],[29.58541,51.46393],[29.5388,51.48247],[29.53554,51.46273],[29.51915,51.44368],[29.52327,51.42377],[29.51511,51.42411],[29.49569,51.39677],[29.42156,51.4151],[29.38285,51.40222],[29.36053,51.38763],[29.35939,51.37592],[29.39343,51.37941],[29.39644,51.32751],[29.34724,51.32385],[29.34952,51.31641],[29.36718,51.30597],[29.35541,51.29348],[29.36805,51.28942],[29.3651,51.28565],[29.35446,51.27442],[29.33494,51.26966],[29.32847,51.27245],[29.33136,51.27861],[29.26755,51.26481],[29.31742,51.13043],[29.32919,51.1267],[29.3306,51.15756],[29.3489,51.16],[29.42745,51.12393],[29.45886,51.08962],[29.51174,51.06062],[29.46456,51.01895],[29.4671,50.98515],[29.47617,50.9789],[29.44048,50.98854],[29.41348,50.98185],[29.41148,50.94893],[29.43542,50.94553],[29.46748,50.92474],[29.47508,50.9148],[29.47132,50.90364],[29.52132,50.86885],[29.49747,50.83728],[29.5292,50.82382],[29.54218,50.82839],[29.54738,50.8139],[29.50091,50.81884],[29.48819,50.81222],[29.49879,50.80123],[29.52148,50.79263],[29.50604,50.78389],[29.51165,50.77741],[29.50708,50.77465],[29.47196,50.7736],[29.51027,50.76542],[29.53504,50.77637],[29.56659,50.77028],[29.57338,50.77533],[29.57082,50.77993],[29.58755,50.77597],[29.59923,50.78315],[29.60974,50.78147],[29.61001,50.77146],[29.65254,50.76332],[29.75115,50.7668],[29.81744,50.77508],[29.83507,50.78681],[29.87549,50.79454],[29.88006,50.78596],[29.8974,50.77952],[29.8861,50.76976],[29.89809,50.74705],[29.91293,50.76593],[29.90782,50.77766],[29.91812,50.77486],[29.91954,50.75446],[29.96134,50.7547],[29.97213,50.77644],[30.0183,50.77031],[30.05721,50.77682],[30.06084,50.7691],[30.04977,50.76512],[30.04603,50.75665],[30.05529,50.74052],[30.04157,50.7298],[30.06138,50.71247],[30.07677,50.70743],[30.07333,50.6979],[30.09395,50.69798],[30.09526,50.69097],[30.11304,50.6897],[30.10718,50.71518],[30.14919,50.70913],[30.16896,50.71615],[30.19366,50.71324],[30.21184,50.71818],[30.27353,50.7089],[30.2708,50.70229],[30.30838,50.68567],[30.29597,50.66899],[30.27953,50.66388],[30.28517,50.66065],[30.28066,50.64733],[30.28692,50.63705],[30.2803,50.63645],[30.2799,50.62908],[30.29677,50.61841],[30.29918,50.60875],[30.34107,50.59895],[30.28777,50.60486],[30.28638,50.58861],[30.2977,50.58536],[30.30508,50.57105],[30.37065,50.57356],[30.37081,50.58649],[30.46311,50.58435],[30.46461,50.57175],[30.49383,50.56679],[30.50204,50.55162],[30.53214,50.54034]]],[[[30.62782,51.51508],[30.65201,51.52352],[30.65848,51.51864],[30.6975,51.52216],[30.78224,51.51201],[30.78384,51.52514],[30.78931,51.52514],[30.78385,51.52522],[30.78536,51.53885],[30.73606,51.54085],[30.73566,51.54866],[30.70889,51.55317],[30.71015,51.53089],[30.67095,51.53088],[30.62786,51.5152],[30.60548,51.51584],[30.60094,51.52508],[30.58582,51.52186],[30.58575,51.51594],[30.5967,51.52023],[30.59978,51.51042],[30.60638,51.51586],[30.62782,51.51508]]]]}},{"type":"Feature","properties":{"name":"Броварський район","oblast":"Київська область","centroid":[31.3015,50.4956]},"geometry":{"type":"MultiPolygon","coordinates":[[[[31.9412,50.56604],[31.952,50.54421],[32.06337,50.54081],[32.06192,50.52932],[32.04938,50.52604],[32.06374,50.51176],[32.04708,50.49619],[32.00696,50.48689],[32.00205,50.4961],[31.98672,50.49665],[31.98259,50.48362],[31.97535,50.48949],[31.96348,50.48553],[31.9791,50.48185],[31.97001,50.47412],[31.97329,50.46656],[32.02223,50.45836],[32.04629,50.40188],[32.05656,50.39734],[32.09678,50.41605],[32.10187,50.41261],[32.07688,50.39259],[32.08459,50.38657],[32.07972,50.37686],[32.06987,50.37318],[32.03345,50.38966],[32.00922,50.38956],[32.00569,50.37776],[32.02709,50.36421],[32.0363,50.34539],[32.01469,50.34329],[31.98237,50.34899],[31.9739,50.3647],[31.89387,50.36831],[31.83149,50.4057],[31.75951,50.40085],[31.76344,50.40696],[31.74642,50.40772],[31.7137,50.35868],[31.71958,50.34963],[31.70428,50.34471],[31.70156,50.33534],[31.66931,50.32266],[31.67284,50.27893],[31.64557,50.27959],[31.63064,50.26322],[31.60379,50.25663],[31.58123,50.26452],[31.58775,50.27947],[31.58286,50.28248],[31.59007,50.29005],[31.54734,50.30946],[31.50062,50.30629],[31.49969,50.29083],[31.47858,50.29072],[31.46523,50.27896],[31.47219,50.27723],[31.46934,50.27125],[31.45974,50.27249],[31.45607,50.28407],[31.44004,50.28591],[31.44459,50.2787],[31.41484,50.25328],[31.39185,50.27093],[31.36722,50.27083],[31.3553,50.25999],[31.38019,50.24298],[31.37926,50.22584],[31.39003,50.22587],[31.39923,50.21681],[31.42158,50.17578],[31.38959,50.16186],[31.37839,50.17199],[31.34593,50.17528],[31.27228,50.16706],[31.27225,50.18892],[31.21078,50.18891],[31.18542,50.19718],[31.21112,50.24886],[31.20761,50.28728],[31.18345,50.28901],[31.18495,50.29721],[31.15663,50.29756],[31.14324,50.32448],[31.14991,50.34301],[31.16045,50.34482],[31.17287,50.36092],[31.21247,50.35946],[31.20327,50.38015],[31.21716,50.37915],[31.22353,50.38719],[31.21671,50.38853],[31.22038,50.39514],[31.21162,50.39673],[31.219,50.40599],[31.2096,50.41735],[31.22473,50.42224],[31.18171,50.4485],[31.16647,50.44218],[31.14367,50.4442],[31.09712,50.4765],[31.06418,50.47757],[31.03958,50.46724],[31.01977,50.46991],[31.00437,50.46428],[30.99778,50.46649],[31.00207,50.47618],[30.97048,50.48295],[30.95942,50.47257],[30.93799,50.47145],[30.94987,50.46628],[30.94145,50.46053],[30.92801,50.46311],[30.92641,50.45863],[30.91579,50.46495],[30.86809,50.43537],[30.82902,50.43907],[30.82962,50.43177],[30.84855,50.41956],[30.82636,50.40406],[30.79818,50.41532],[30.80156,50.42681],[30.79219,50.43375],[30.74258,50.45847],[30.75467,50.4616],[30.75244,50.46979],[30.74145,50.4688],[30.74991,50.47436],[30.74869,50.48384],[30.75983,50.48355],[30.75438,50.49023],[30.74022,50.49089],[30.73761,50.49892],[30.76192,50.50903],[30.7525,50.51854],[30.82335,50.53713],[30.81584,50.56397],[30.78387,50.58002],[30.77096,50.5756],[30.76638,50.58391],[30.71982,50.59081],[30.70833,50.57281],[30.714,50.55565],[30.69895,50.55465],[30.69765,50.56198],[30.67001,50.55374],[30.65404,50.53417],[30.55697,50.54028],[30.55262,50.53429],[30.56798,50.52097],[30.56566,50.51576],[30.54094,50.5232],[30.54368,50.53203],[30.53043,50.54442],[30.54004,50.54922],[30.57217,50.54496],[30.57197,50.55106],[30.55887,50.55661],[30.56352,50.56099],[30.59011,50.55498],[30.58131,50.5597],[30.59431,50.57251],[30.57505,50.57899],[30.57724,50.58406],[30.59248,50.5907],[30.61898,50.58419],[30.6411,50.59377],[30.62553,50.60895],[30.6478,50.61199],[30.64431,50.61749],[30.67044,50.65277],[30.68702,50.64896],[30.69971,50.65987],[30.69544,50.6711],[30.67751,50.67694],[30.6746,50.68857],[30.70323,50.70074],[30.67114,50.71213],[30.71503,50.7254],[30.70839,50.73371],[30.71155,50.73942],[30.73402,50.74995],[30.74729,50.77206],[30.76768,50.77978],[30.80407,50.76634],[30.81014,50.76612],[30.80075,50.76952],[30.83679,50.76403],[30.84825,50.78244],[30.87055,50.78613],[30.87363,50.78174],[30.846,50.77669],[30.8466,50.76663],[30.83864,50.75813],[30.84512,50.75404],[30.83146,50.7543],[30.83753,50.74395],[30.87535,50.74659],[30.87718,50.76841],[30.88937,50.7737],[30.89216,50.76589],[30.93424,50.76365],[30.93336,50.75854],[30.95073,50.75701],[30.95613,50.76336],[31.06954,50.76479],[31.07527,50.78104],[31.12681,50.7744],[31.12159,50.74998],[31.16725,50.73248],[31.16472,50.72518],[31.19076,50.72456],[31.19074,50.7028],[31.20597,50.70606],[31.20656,50.69655],[31.21826,50.69702],[31.22366,50.66743],[31.20355,50.65617],[31.19894,50.6448],[31.22711,50.62718],[31.21758,50.62056],[31.22775,50.61327],[31.22258,50.60678],[31.16594,50.60746],[31.16582,50.58949],[31.18745,50.58893],[31.18798,50.57455],[31.2465,50.56704],[31.25049,50.55616],[31.25958,50.55646],[31.25449,50.54361],[31.26206,50.53914],[31.31923,50.52813],[31.33043,50.50104],[31.36425,50.53086],[31.41435,50.51706],[31.41973,50.50403],[31.44509,50.50037],[31.45535,50.51084],[31.4929,50.52304],[31.52179,50.52209],[31.5226,50.53646],[31.55295,50.51969],[31.56297,50.51907],[31.57114,50.52808],[31.63035,50.52085],[31.64574,50.53145],[31.64667,50.55267],[31.66929,50.5522],[31.68348,50.56305],[31.78186,50.55945],[31.77715,50.57761],[31.78808,50.57892],[31.78229,50.60565],[31.81213,50.60591],[31.81082,50.6237],[31.85877,50.63205],[31.88361,50.60717],[31.89118,50.60947],[31.897,50.60101],[31.9128,50.59628],[31.92026,50.57753],[31.9412,50.56604]]],[[[30.72171,50.52197],[30.72359,50.51122],[30.75211,50.51878],[30.75109,50.52454],[30.72171,50.52197]]]]}},{"type":"Feature","properties":{"name":"Бориспільський район","oblast":"Київська область","centroid":[31.4033,50.1767]},"geometry":{"type":"Polygon","coordinates":[[[31.6378,50.27136],[31.63064,50.26322],[31.60379,50.25663],[31.58123,50.26452],[31.58775,50.27947],[31.58286,50.28248],[31.59007,50.29005],[31.54734,50.30946],[31.50062,50.30629],[31.49969,50.29083],[31.47858,50.29072],[31.46523,50.27896],[31.47219,50.27723],[31.46934,50.27125],[31.45974,50.27249],[31.45607,50.28407],[31.44004,50.28591],[31.44459,50.2787],[31.41484,50.25328],[31.39185,50.27093],[31.37094,50.27302],[31.3553,50.25999],[31.38019,50.24298],[31.37926,50.22584],[31.39003,50.22587],[31.39923,50.21681],[31.42158,50.17578],[31.3941,50.16229],[31.37839,50.17199],[31.34593,50.17528],[31.27228,50.16706],[31.27225,50.18892],[31.21078,50.18891],[31.19027,50.19506],[31.18542,50.19718],[31.21112,50.24886],[31.20761,50.28728],[31.18345,50.28901],[31.18495,50.29721],[31.15663,50.29756],[31.14324,50.32448],[31.14991,50.34301],[31.16045,50.34482],[31.17287,50.36092],[31.21247,50.35946],[31.20327,50.38015],[31.21716,50.37915],[31.22353,50.38719],[31.21671,50.38853],[31.22038,50.39514],[31.21162,50.39673],[31.219,50.40599],[31.2096,50.41735],[31.22473,50.42224],[31.18171,50.4485],[31.16647,50.44218],[31.14367,50.4442],[31.09712,50.4765],[31.06418,50.47757],[31.03958,50.46724],[31.01977,50.46991],[31.00437,50.46428],[30.99778,50.46649],[31.00207,50.47618],[30.97048,50.48295],[30.95942,50.47257],[30.93799,50.47145],[30.94987,50.46628],[30.94145,50.46053],[30.92801,50.46311],[30.92641,50.45863],[30.91579,50.46495],[30.86809,50.43537],[30.82902,50.43907],[30.82962,50.43177],[30.84854,50.41944],[30.8187,50.39438],[30.77656,50.39511],[30.7774,50.3826],[30.7422,50.37197],[30.71685,50.3824],[30.71159,50.37858],[30.71487,50.3688],[30.70707,50.36571],[30.71142,50.35232],[30.69675,50.34725],[30.67384,50.35499],[30.67391,50.36046],[30.6686,50.35984],[30.67919,50.3714],[30.63592,50.36113],[30.63482,50.34193],[30.64201,50.33782],[30.62647,50.34871],[30.61133,50.34641],[30.6493,50.29159],[30.67082,50.28045],[30.66038,50.26363],[30.67675,50.25637],[30.68936,50.26153],[30.72099,50.24506],[30.71074,50.22936],[30.71528,50.22047],[30.73181,50.22027],[30.73902,50.20377],[30.76374,50.1811],[30.76523,50.16591],[30.77238,50.15835],[30.80047,50.16377],[30.84178,50.14001],[30.84464,50.15203],[30.8936,50.13214],[30.92376,50.10435],[30.9257,50.08548],[30.96087,50.07405],[30.96687,50.04878],[31.06339,49.98532],[31.11773,49.98634],[31.18722,49.96736],[31.17759,49.95138],[31.25624,49.93624],[31.27452,49.94201],[31.30055,49.96655],[31.30531,49.97256],[31.28799,49.97126],[31.29619,49.98117],[31.38297,49.99285],[31.43174,49.98684],[31.4451,49.9742],[31.43365,49.96139],[31.43266,49.94357],[31.42495,49.93603],[31.42447,49.91727],[31.43408,49.89181],[31.4455,49.87677],[31.47018,49.87361],[31.4767,49.86003],[31.49662,49.85988],[31.50236,49.84333],[31.51447,49.84726],[31.51021,49.85419],[31.51836,49.86226],[31.51594,49.86982],[31.54263,49.87824],[31.54599,49.87284],[31.55661,49.87478],[31.56841,49.89549],[31.58142,49.89886],[31.58087,49.90674],[31.61262,49.90617],[31.61426,49.89222],[31.6088,49.88958],[31.61723,49.8803],[31.61471,49.85694],[31.6688,49.85757],[31.71148,49.85071],[31.75228,49.89339],[31.77399,49.89373],[31.7706,49.92037],[31.79528,49.934],[31.81339,49.96621],[31.88979,49.96241],[31.89047,49.95196],[31.90139,49.94375],[31.91803,49.96139],[31.91337,49.98886],[31.91841,49.99122],[31.89996,50.01925],[31.96844,50.04452],[31.97973,50.0387],[31.98654,50.05247],[31.92508,50.06045],[31.91638,50.05444],[31.90402,50.05607],[31.91141,50.10077],[31.97529,50.12527],[31.95797,50.14115],[31.94649,50.13661],[31.93412,50.15846],[31.96532,50.15163],[32.0002,50.19439],[31.99099,50.19669],[31.99333,50.20135],[32.01736,50.20623],[32.03219,50.19401],[32.05621,50.18773],[32.08642,50.22156],[32.10819,50.21995],[32.10993,50.22863],[32.11811,50.2284],[32.08945,50.24698],[32.10091,50.27661],[32.08386,50.28321],[32.13993,50.30466],[32.12902,50.31601],[32.14291,50.32169],[32.15252,50.33747],[32.14114,50.35413],[32.16103,50.36855],[32.15475,50.37609],[32.12007,50.37969],[32.09587,50.37214],[32.06987,50.37318],[32.03345,50.38966],[32.00922,50.38956],[32.00569,50.37776],[32.02709,50.36421],[32.0363,50.34539],[32.01469,50.34329],[31.98237,50.34899],[31.9739,50.3647],[31.89387,50.36831],[31.83149,50.4057],[31.75951,50.40085],[31.76344,50.40696],[31.74642,50.40772],[31.7137,50.35868],[31.71958,50.34963],[31.70428,50.34471],[31.70156,50.33534],[31.66931,50.32266],[31.67284,50.27893],[31.64557,50.27959],[31.6378,50.27136]]]}},{"type":"Feature","properties":{"name":"Дністровський район","oblast":"Чернівецька область","centroid":[26.8078,48.4566]},"geometry":{"type":"Polygon","coordinates":[[[27.37166,48.62895],[27.42159,48.61525],[27.44601,48.60097],[27.46153,48.58367],[27.47944,48.54579],[27.48306,48.52607],[27.47862,48.50685],[27.50863,48.47664],[27.53427,48.47014],[27.505,48.4555],[27.49155,48.45833],[27.46659,48.44862],[27.44717,48.4092],[27.38386,48.4106],[27.37352,48.44173],[27.35325,48.4491],[27.35229,48.4405],[27.33871,48.44789],[27.33749,48.44099],[27.31972,48.44361],[27.31406,48.42282],[27.29751,48.40984],[27.28673,48.37173],[27.26377,48.38036],[27.23566,48.37299],[27.21315,48.3911],[27.20029,48.38908],[27.19233,48.39487],[27.16852,48.38096],[27.13914,48.37449],[27.12292,48.37995],[27.08745,48.41291],[27.08477,48.43467],[27.06917,48.43244],[27.06226,48.42132],[27.01437,48.42504],[27.01348,48.42038],[27.04004,48.41085],[27.03688,48.40682],[27.04484,48.40234],[27.04993,48.38765],[27.04668,48.37639],[27.0281,48.38267],[27.00485,48.38034],[27.00206,48.36421],[26.9953,48.35946],[26.93101,48.37222],[26.93176,48.36333],[26.8946,48.38358],[26.90131,48.39698],[26.8706,48.42019],[26.8515,48.41318],[26.77527,48.41842],[26.75366,48.39894],[26.72515,48.41168],[26.70921,48.4054],[26.76492,48.35369],[26.79599,48.34296],[26.80786,48.35169],[26.82412,48.34442],[26.82327,48.31951],[26.83102,48.31301],[26.82249,48.31166],[26.82572,48.30403],[26.81736,48.29524],[26.79457,48.2912],[26.76694,48.30236],[26.75773,48.32369],[26.73677,48.31292],[26.69453,48.35995],[26.68263,48.35557],[26.69594,48.32721],[26.67564,48.32486],[26.6758,48.31716],[26.64832,48.30489],[26.64164,48.28993],[26.61641,48.27415],[26.63022,48.25963],[26.62969,48.24763],[26.61678,48.25261],[26.62258,48.24118],[26.60217,48.23791],[26.58644,48.24646],[26.5689,48.23241],[26.572,48.21941],[26.54963,48.22533],[26.55088,48.21703],[26.5309,48.20987],[26.52394,48.2137],[26.5177,48.25188],[26.48571,48.28908],[26.48442,48.29711],[26.49682,48.29245],[26.48958,48.30426],[26.4843,48.30352],[26.48554,48.31053],[26.46385,48.34714],[26.45219,48.34461],[26.41771,48.35723],[26.40171,48.33774],[26.40367,48.33232],[26.391,48.33026],[26.3863,48.34922],[26.39189,48.36246],[26.36571,48.3581],[26.35758,48.34921],[26.31913,48.36561],[26.29858,48.35014],[26.26255,48.36513],[26.24486,48.33607],[26.2105,48.33518],[26.20521,48.34661],[26.22658,48.3563],[26.20789,48.3719],[26.22539,48.38509],[26.16308,48.44186],[26.15036,48.44249],[26.10416,48.47077],[26.07917,48.4647],[26.05566,48.49917],[26.06699,48.49317],[26.06952,48.49852],[26.08471,48.47448],[26.1141,48.4829],[26.10098,48.49636],[26.09807,48.50882],[26.10631,48.51064],[26.09468,48.52145],[26.10459,48.52279],[26.12076,48.53735],[26.1168,48.54451],[26.12758,48.55611],[26.12324,48.5695],[26.10611,48.58048],[26.09595,48.59954],[26.10028,48.6139],[26.11464,48.61994],[26.14459,48.59823],[26.14733,48.54513],[26.16867,48.52832],[26.1996,48.52579],[26.26783,48.53996],[26.27943,48.53648],[26.29958,48.50987],[26.32465,48.51681],[26.35489,48.50748],[26.39208,48.53492],[26.43332,48.53522],[26.48205,48.54656],[26.49258,48.5418],[26.55441,48.45825],[26.59752,48.45108],[26.61824,48.45548],[26.62586,48.46405],[26.6076,48.49692],[26.6125,48.5067],[26.63028,48.50754],[26.66928,48.48562],[26.69981,48.4864],[26.71309,48.49513],[26.705,48.50946],[26.68107,48.52374],[26.67524,48.53861],[26.62353,48.53751],[26.61789,48.54434],[26.62265,48.55487],[26.63958,48.5616],[26.66147,48.56001],[26.70242,48.53524],[26.7271,48.53305],[26.74004,48.54008],[26.74311,48.55598],[26.7203,48.57872],[26.72155,48.58632],[26.72868,48.58726],[26.74755,48.58035],[26.76162,48.54915],[26.77985,48.54779],[26.79455,48.56749],[26.77885,48.59453],[26.80063,48.60918],[26.82379,48.60584],[26.82022,48.58172],[26.84096,48.55787],[26.8793,48.54247],[26.90295,48.55009],[26.92507,48.57702],[26.96673,48.57655],[26.98117,48.59105],[26.99706,48.57331],[27.08862,48.55729],[27.11642,48.56027],[27.14114,48.57649],[27.1704,48.5831],[27.22886,48.56711],[27.25138,48.56858],[27.26001,48.58281],[27.24435,48.61187],[27.25713,48.62263],[27.283,48.62101],[27.30519,48.60392],[27.31965,48.60164],[27.33809,48.60722],[27.35289,48.62864],[27.37166,48.62895]]]}},{"type":"Feature","properties":{"name":"Чернівецький район","oblast":"Чернівецька область","centroid":[25.8864,48.2544]},"geometry":{"type":"Polygon","coordinates":[[[26.50732,48.21493],[26.51784,48.20978],[26.52394,48.2137],[26.5177,48.25188],[26.48571,48.28908],[26.48442,48.29711],[26.49682,48.29245],[26.48958,48.30426],[26.4843,48.30352],[26.48554,48.31053],[26.46385,48.34714],[26.45219,48.34461],[26.41771,48.35723],[26.40171,48.33774],[26.40367,48.33232],[26.391,48.33026],[26.3863,48.34922],[26.39189,48.36246],[26.36571,48.3581],[26.35758,48.34921],[26.31913,48.36561],[26.29858,48.35014],[26.26255,48.36513],[26.24486,48.33607],[26.2105,48.33518],[26.20521,48.34661],[26.22658,48.3563],[26.20789,48.3719],[26.22539,48.38509],[26.16308,48.44186],[26.15036,48.44249],[26.10416,48.47077],[26.07917,48.4647],[26.05566,48.49917],[26.06699,48.49317],[26.06952,48.49852],[26.08471,48.47448],[26.1141,48.4829],[26.10098,48.49636],[26.09807,48.50882],[26.10631,48.51064],[26.09468,48.52145],[26.1101,48.5263],[26.12225,48.53995],[26.1168,48.54451],[26.09086,48.53915],[26.08047,48.55621],[26.04432,48.58527],[26.06585,48.60713],[26.05627,48.64573],[26.03428,48.64622],[26.0292,48.61952],[26.02097,48.61032],[25.97522,48.62088],[25.93378,48.59102],[25.90904,48.58689],[25.87502,48.59989],[25.84859,48.59747],[25.85506,48.61966],[25.79918,48.67066],[25.78018,48.67572],[25.76664,48.67012],[25.75087,48.65508],[25.74565,48.63653],[25.73796,48.63325],[25.72588,48.6387],[25.72124,48.65512],[25.71118,48.66334],[25.63923,48.67005],[25.58543,48.6349],[25.59083,48.60531],[25.58738,48.5899],[25.60185,48.57062],[25.59984,48.54298],[25.6092,48.52706],[25.59937,48.50066],[25.60308,48.49016],[25.59801,48.47316],[25.6062,48.46549],[25.60275,48.44609],[25.61001,48.42599],[25.59883,48.41319],[25.62037,48.41333],[25.62101,48.39463],[25.61493,48.39117],[25.62178,48.37875],[25.66341,48.35833],[25.66429,48.34731],[25.64869,48.33448],[25.65974,48.32319],[25.64888,48.31123],[25.61312,48.29822],[25.59672,48.25435],[25.58708,48.26122],[25.5726,48.25129],[25.56021,48.25167],[25.52034,48.26556],[25.51446,48.25007],[25.48978,48.2563],[25.47892,48.24993],[25.46896,48.20555],[25.46002,48.19924],[25.46531,48.18943],[25.4529,48.17913],[25.45601,48.16852],[25.46662,48.16249],[25.46843,48.11673],[25.42064,48.12318],[25.38702,48.11613],[25.36653,48.10008],[25.3773,48.09431],[25.37636,48.07648],[25.34556,48.05241],[25.33656,48.05624],[25.32607,48.03886],[25.33443,48.02926],[25.36203,48.01885],[25.36582,48.00863],[25.34707,47.97868],[25.35137,47.97429],[25.40254,47.94257],[25.41667,47.94379],[25.44268,47.92618],[25.59232,47.93844],[25.64348,47.94962],[25.77499,47.93945],[25.81842,47.95396],[25.83775,47.96715],[25.86119,47.97037],[25.89204,47.96121],[25.90698,47.96454],[25.915,47.97752],[25.95218,47.97092],[26.06113,47.98802],[26.10097,47.97826],[26.12662,47.98774],[26.13708,47.98419],[26.17096,47.99084],[26.19411,48.00212],[26.21226,48.05089],[26.26674,48.07667],[26.29815,48.13373],[26.33417,48.15949],[26.32777,48.17597],[26.33374,48.1851],[26.34751,48.18273],[26.35036,48.19162],[26.36139,48.18525],[26.37712,48.19887],[26.38639,48.1943],[26.37858,48.19104],[26.38148,48.18693],[26.40456,48.18944],[26.42295,48.20219],[26.46047,48.20785],[26.46084,48.21582],[26.50732,48.21493]],[[25.42732,47.95215],[25.44611,47.9374],[25.41696,47.964],[25.42732,47.95215]]]}},{"type":"Feature","properties":{"name":"Вижницький район","oblast":"Чернівецька область","centroid":[25.2325,48.0852]},"geometry":{"type":"MultiPolygon","coordinates":[[[[24.98006,47.86845],[24.98689,47.86526],[24.98101,47.86006],[24.99684,47.85341],[24.98209,47.82613],[24.97552,47.82565],[24.94674,47.79424],[24.93962,47.76455],[24.92288,47.74105],[24.92253,47.72677],[24.98257,47.72949],[24.99666,47.72515],[25.00729,47.7344],[25.03975,47.72534],[25.05459,47.74583],[25.06512,47.74053],[25.11558,47.75483],[25.11629,47.76813],[25.13461,47.78242],[25.14858,47.79178],[25.16776,47.79246],[25.16692,47.80888],[25.17747,47.81404],[25.18042,47.82605],[25.20251,47.83952],[25.20005,47.84937],[25.22193,47.85872],[25.22187,47.883],[25.23695,47.89574],[25.26977,47.89231],[25.31113,47.91429],[25.44268,47.92618],[25.41667,47.94379],[25.40254,47.94257],[25.35137,47.97429],[25.34707,47.97868],[25.36582,48.00863],[25.36203,48.01885],[25.3313,48.03121],[25.32673,48.04314],[25.33656,48.05624],[25.34556,48.05241],[25.37636,48.07648],[25.3773,48.09431],[25.36653,48.10008],[25.38702,48.11613],[25.42064,48.12318],[25.46843,48.11673],[25.46662,48.16249],[25.45601,48.16852],[25.4529,48.17913],[25.46531,48.18943],[25.46002,48.19924],[25.46896,48.20555],[25.47892,48.24993],[25.48978,48.2563],[25.51446,48.25007],[25.52034,48.26556],[25.56021,48.25167],[25.5726,48.25129],[25.58708,48.26122],[25.59672,48.25435],[25.61312,48.29822],[25.64888,48.31123],[25.65974,48.32319],[25.64869,48.33448],[25.66429,48.34731],[25.66341,48.35833],[25.61656,48.38106],[25.56053,48.37986],[25.51048,48.4002],[25.44415,48.40336],[25.43659,48.40139],[25.43649,48.39442],[25.38236,48.39248],[25.31475,48.36714],[25.29714,48.34802],[25.28256,48.34219],[25.27534,48.32804],[25.25565,48.31424],[25.24379,48.31516],[25.23315,48.29193],[25.20987,48.27945],[25.197,48.2584],[25.18111,48.24725],[25.14485,48.24666],[25.10653,48.22524],[25.11954,48.2176],[25.1158,48.20769],[25.13978,48.195],[25.13754,48.1815],[25.08975,48.18243],[25.08214,48.17286],[25.0934,48.16224],[25.06692,48.15731],[25.07208,48.14603],[25.06693,48.13224],[25.04001,48.12839],[25.03652,48.11171],[24.99952,48.12011],[24.98144,48.11297],[24.99452,48.08708],[24.91144,48.02668],[24.91313,48.01353],[24.92049,48.00976],[24.90847,47.99637],[24.91458,47.96859],[24.92341,47.96545],[24.91621,47.96373],[24.91903,47.95568],[24.92923,47.95353],[24.91896,47.94723],[24.94486,47.92941],[24.94653,47.92197],[24.95705,47.91995],[24.9613,47.90414],[24.94477,47.89702],[24.95685,47.87895],[24.9718,47.87658],[24.98006,47.86845]]],[[[25.42732,47.95215],[25.44611,47.9374],[25.41696,47.964],[25.42732,47.95215]]]]}},{"type":"Feature","properties":{"name":"Обухівський район","oblast":"Київська область","centroid":[30.7951,49.887]},"geometry":{"type":"Polygon","coordinates":[[[30.66513,49.835],[30.54236,49.82593],[30.54102,49.85989],[30.57316,49.863],[30.57013,49.86736],[30.58749,49.89105],[30.56263,49.90727],[30.52969,49.91726],[30.53805,49.93619],[30.52418,49.94094],[30.49256,49.93593],[30.48813,49.96638],[30.44064,49.99212],[30.37609,49.98533],[30.34212,49.99012],[30.33412,49.99171],[30.34254,49.99671],[30.32317,50.0106],[30.3002,50.01341],[30.28018,50.03234],[30.25505,50.07243],[30.23554,50.0879],[30.2331,50.0843],[30.21789,50.10293],[30.20508,50.10426],[30.19688,50.11717],[30.22177,50.13103],[30.20316,50.14042],[30.20055,50.14488],[30.20833,50.14472],[30.19817,50.14955],[30.24097,50.14548],[30.2517,50.15428],[30.23419,50.16212],[30.24068,50.17259],[30.21175,50.17287],[30.20436,50.18212],[30.21814,50.18498],[30.23528,50.20118],[30.22828,50.21228],[30.23837,50.2193],[30.2503,50.21363],[30.2429,50.20729],[30.29343,50.1881],[30.28987,50.19222],[30.29447,50.1953],[30.28953,50.19616],[30.29669,50.20132],[30.30519,50.19847],[30.30629,50.21674],[30.31947,50.2187],[30.32165,50.23577],[30.33258,50.23566],[30.32392,50.23262],[30.32318,50.22336],[30.32903,50.22254],[30.32656,50.21711],[30.33517,50.21359],[30.33352,50.20714],[30.34627,50.19348],[30.33636,50.18797],[30.3385,50.18375],[30.34909,50.1848],[30.34647,50.17787],[30.38172,50.16639],[30.37502,50.17734],[30.38672,50.1785],[30.38667,50.19367],[30.412,50.19605],[30.4109,50.2042],[30.42135,50.21181],[30.39915,50.2221],[30.40331,50.22591],[30.38856,50.22999],[30.38406,50.23748],[30.38223,50.24154],[30.39051,50.23931],[30.40075,50.24889],[30.38217,50.25371],[30.38722,50.26175],[30.3745,50.26536],[30.39712,50.27396],[30.3794,50.28259],[30.37877,50.28888],[30.41966,50.29451],[30.4221,50.3031],[30.39982,50.30635],[30.40298,50.31765],[30.4326,50.31846],[30.42593,50.32466],[30.43707,50.33409],[30.4781,50.33953],[30.47511,50.33335],[30.49739,50.33254],[30.48833,50.32676],[30.49616,50.32187],[30.50912,50.32617],[30.53358,50.31711],[30.53325,50.29585],[30.52764,50.29074],[30.54637,50.29103],[30.54258,50.27592],[30.55362,50.26974],[30.55384,50.27717],[30.56378,50.27728],[30.56991,50.25929],[30.58621,50.24539],[30.59266,50.21324],[30.64355,50.22609],[30.63692,50.23536],[30.64536,50.23978],[30.62534,50.25621],[30.6264,50.26288],[30.61636,50.26671],[30.6103,50.28073],[30.62585,50.28258],[30.63091,50.2971],[30.64227,50.28784],[30.6519,50.29024],[30.67082,50.28045],[30.66038,50.26363],[30.67675,50.25637],[30.68936,50.26153],[30.72099,50.24506],[30.71074,50.22936],[30.71528,50.22047],[30.73181,50.22027],[30.73902,50.20377],[30.76374,50.1811],[30.76523,50.16591],[30.77238,50.15835],[30.80047,50.16377],[30.84178,50.14001],[30.84464,50.15203],[30.8936,50.13214],[30.92376,50.10435],[30.9257,50.08548],[30.96087,50.07405],[30.96687,50.04878],[31.06339,49.98532],[31.11773,49.98634],[31.18722,49.96736],[31.17759,49.95138],[31.24891,49.93656],[31.27294,49.94126],[31.28422,49.95272],[31.31244,49.96355],[31.34752,49.94913],[31.33407,49.9441],[31.33427,49.93591],[31.35396,49.92931],[31.38016,49.90726],[31.36578,49.89602],[31.31042,49.89187],[31.26069,49.85804],[31.24713,49.86803],[31.20787,49.85224],[31.22104,49.83234],[31.18978,49.79027],[31.21651,49.77679],[31.20492,49.75719],[31.21686,49.73902],[31.20992,49.73752],[31.22201,49.73315],[31.21181,49.72997],[31.19638,49.70158],[31.21728,49.69468],[31.21146,49.68628],[31.20143,49.69109],[31.19585,49.68398],[31.20211,49.6752],[31.13563,49.60372],[31.12875,49.58388],[31.1527,49.58061],[31.13973,49.57204],[31.14975,49.5688],[31.15384,49.55541],[31.14298,49.55769],[31.13986,49.55244],[31.1211,49.56132],[31.10906,49.55715],[31.10828,49.54889],[31.09743,49.54292],[31.10494,49.53166],[31.09286,49.51605],[31.09394,49.50459],[31.09951,49.50473],[31.09263,49.50191],[31.09456,49.49652],[31.04012,49.47377],[31.04391,49.45727],[31.03304,49.45831],[31.02929,49.47175],[31.0052,49.451],[31.00666,49.43111],[30.9937,49.42247],[30.9297,49.41826],[30.91941,49.43067],[30.92384,49.43602],[30.90134,49.43906],[30.90093,49.44496],[30.83289,49.4407],[30.82534,49.44573],[30.82976,49.44025],[30.79526,49.43813],[30.79443,49.44666],[30.77924,49.4454],[30.79074,49.45812],[30.76583,49.4656],[30.76504,49.45776],[30.75618,49.4585],[30.76283,49.46669],[30.74629,49.4689],[30.73052,49.48918],[30.71947,49.49035],[30.69425,49.4732],[30.70194,49.48838],[30.72004,49.4924],[30.71581,49.50279],[30.69439,49.51651],[30.68592,49.54152],[30.65506,49.55959],[30.65279,49.57098],[30.65954,49.5817],[30.62654,49.59314],[30.61767,49.60688],[30.61797,49.61943],[30.62057,49.62349],[30.62051,49.60645],[30.64373,49.59741],[30.64904,49.6031],[30.69759,49.59603],[30.70763,49.60996],[30.71662,49.60142],[30.72463,49.60575],[30.72174,49.60972],[30.73612,49.62489],[30.6977,49.63895],[30.70051,49.65733],[30.72993,49.65664],[30.73341,49.68817],[30.74568,49.69189],[30.73477,49.70816],[30.72206,49.70791],[30.70622,49.73981],[30.7158,49.73927],[30.71751,49.82616],[30.66513,49.835]]]}},{"type":"Feature","properties":{"name":"Білоцерківський район","oblast":"Київська область","centroid":[30.1208,49.6191]},"geometry":{"type":"Polygon","coordinates":[[[30.56742,49.35237],[30.58355,49.34969],[30.60711,49.3703],[30.63912,49.3561],[30.66043,49.3605],[30.66255,49.35416],[30.67746,49.3551],[30.70812,49.33649],[30.72872,49.33188],[30.74958,49.34506],[30.77856,49.34366],[30.79995,49.35396],[30.86605,49.35083],[30.88244,49.36289],[30.90901,49.35862],[30.92102,49.38115],[30.93058,49.38048],[30.92758,49.39055],[30.93666,49.39464],[30.93701,49.4068],[30.9211,49.4156],[30.9297,49.41826],[30.91941,49.43067],[30.92384,49.43602],[30.90134,49.43906],[30.90093,49.44496],[30.83289,49.4407],[30.82534,49.44573],[30.82976,49.44025],[30.79526,49.43813],[30.79443,49.44666],[30.77924,49.4454],[30.79074,49.45812],[30.76583,49.4656],[30.76504,49.45776],[30.75618,49.4585],[30.76283,49.46669],[30.74629,49.4689],[30.73294,49.48865],[30.71947,49.49035],[30.69425,49.4732],[30.70194,49.48838],[30.72004,49.4924],[30.71564,49.50309],[30.69439,49.51651],[30.68592,49.54152],[30.65506,49.55959],[30.65279,49.57098],[30.65954,49.5817],[30.62654,49.59314],[30.61767,49.60688],[30.62057,49.62349],[30.62043,49.60662],[30.6296,49.59996],[30.67763,49.6018],[30.69759,49.59603],[30.70763,49.60996],[30.71662,49.60142],[30.72463,49.60575],[30.72174,49.60972],[30.73643,49.62206],[30.69739,49.64173],[30.70051,49.65733],[30.72993,49.65664],[30.73341,49.68817],[30.74568,49.69189],[30.73477,49.70816],[30.72206,49.70791],[30.70622,49.73981],[30.7158,49.73927],[30.71751,49.82616],[30.65868,49.83717],[30.54236,49.82593],[30.54102,49.85989],[30.57316,49.863],[30.57013,49.86736],[30.58749,49.89105],[30.56263,49.90727],[30.52969,49.91726],[30.53805,49.93619],[30.52418,49.94094],[30.49256,49.93593],[30.48813,49.96638],[30.44064,49.99212],[30.37609,49.98533],[30.33412,49.99171],[30.34254,49.99671],[30.32317,50.0106],[30.3002,50.01341],[30.28018,50.03234],[30.25505,50.07243],[30.23554,50.0879],[30.2331,50.0843],[30.21789,50.10293],[30.20508,50.10426],[30.19688,50.11717],[30.18102,50.10651],[30.12991,50.10114],[30.09714,50.07726],[30.10581,50.06556],[30.09638,50.04967],[30.09273,50.02524],[30.1006,50.02314],[30.09372,50.01254],[29.99898,50.03227],[29.95051,50.05516],[29.91493,50.04516],[29.92461,50.03623],[29.91876,50.00272],[29.93691,50.00184],[29.96255,49.95768],[29.98413,49.95334],[29.96861,49.93951],[29.94305,49.93692],[29.94492,49.93311],[29.8936,49.90061],[29.89482,49.89128],[29.87462,49.89627],[29.85135,49.8711],[29.82205,49.87925],[29.78579,49.90009],[29.73147,49.88222],[29.69967,49.90627],[29.64965,49.87824],[29.66663,49.87398],[29.65514,49.86666],[29.64048,49.86965],[29.6208,49.85228],[29.6038,49.85577],[29.59294,49.84145],[29.5469,49.83547],[29.55018,49.82807],[29.54189,49.819],[29.50908,49.83504],[29.49066,49.82535],[29.49755,49.816],[29.48317,49.8044],[29.47001,49.81442],[29.44872,49.80251],[29.43869,49.80553],[29.46204,49.76192],[29.44462,49.73208],[29.43517,49.72935],[29.44535,49.71344],[29.49803,49.71355],[29.49075,49.7078],[29.48899,49.66892],[29.51348,49.66285],[29.50523,49.64919],[29.53524,49.63666],[29.50834,49.61953],[29.5114,49.61263],[29.49629,49.6],[29.50563,49.59648],[29.49926,49.59372],[29.53071,49.56206],[29.53802,49.53807],[29.54619,49.53148],[29.53918,49.52095],[29.56992,49.50322],[29.58489,49.50681],[29.58513,49.495],[29.55984,49.49801],[29.54324,49.48452],[29.56039,49.46449],[29.58982,49.45412],[29.59526,49.44314],[29.57256,49.4334],[29.57572,49.42885],[29.55865,49.41754],[29.56263,49.41432],[29.54234,49.4016],[29.50516,49.39571],[29.50289,49.36998],[29.51989,49.36064],[29.52267,49.33738],[29.53529,49.3239],[29.56721,49.31969],[29.57322,49.32401],[29.61892,49.30583],[29.60764,49.29958],[29.61897,49.28121],[29.61417,49.27557],[29.62186,49.27421],[29.61308,49.26557],[29.63919,49.2472],[29.66245,49.25005],[29.68991,49.23746],[29.7012,49.26064],[29.7203,49.24374],[29.71611,49.23585],[29.75413,49.22688],[29.74503,49.22288],[29.74181,49.21137],[29.72747,49.20812],[29.7603,49.17969],[29.8145,49.18677],[29.82058,49.17862],[29.85812,49.18843],[29.88288,49.18607],[29.87688,49.20027],[29.89762,49.20482],[29.89381,49.20847],[29.90892,49.21649],[29.90423,49.22167],[29.921,49.23032],[29.93227,49.24857],[29.95556,49.25216],[29.95706,49.28559],[29.94446,49.30167],[29.94711,49.31216],[29.96001,49.30645],[29.98327,49.31547],[30.00742,49.31513],[30.01042,49.32787],[30.02648,49.33438],[30.07838,49.32246],[30.08623,49.31253],[30.082,49.2992],[30.08891,49.28514],[30.11233,49.27032],[30.12333,49.289],[30.10714,49.30292],[30.13227,49.31381],[30.13662,49.33134],[30.14854,49.33498],[30.1489,49.32674],[30.20042,49.32816],[30.18974,49.27509],[30.25838,49.27146],[30.36651,49.25521],[30.36443,49.24497],[30.37493,49.24353],[30.37586,49.23641],[30.39783,49.30343],[30.42112,49.30238],[30.41391,49.33044],[30.44184,49.33545],[30.43782,49.35233],[30.47346,49.365],[30.51558,49.32777],[30.54739,49.32661],[30.54552,49.33621],[30.56742,49.35237]]]}},{"type":"Feature","properties":{"name":"Фастівський район","oblast":"Київська область","centroid":[29.9767,50.1681]},"geometry":{"type":"Polygon","coordinates":[[[30.20546,50.18044],[30.23528,50.20118],[30.22828,50.21228],[30.23837,50.2193],[30.2503,50.21363],[30.2429,50.20729],[30.29343,50.1881],[30.29058,50.19748],[30.30519,50.19847],[30.30629,50.21674],[30.31947,50.2187],[30.32165,50.23577],[30.33155,50.2358],[30.32392,50.23262],[30.32318,50.22336],[30.32903,50.22254],[30.32656,50.21711],[30.33517,50.21359],[30.33352,50.20714],[30.34627,50.19348],[30.33636,50.18797],[30.3385,50.18375],[30.34909,50.1848],[30.34647,50.17787],[30.38172,50.16639],[30.37502,50.17734],[30.38672,50.1785],[30.38667,50.19367],[30.412,50.19605],[30.4109,50.2042],[30.42135,50.21181],[30.39915,50.2221],[30.40331,50.22591],[30.38856,50.22999],[30.38406,50.23748],[30.38223,50.24154],[30.39051,50.23931],[30.40075,50.24889],[30.38217,50.25371],[30.38722,50.26175],[30.3745,50.26536],[30.39712,50.27396],[30.37789,50.287],[30.39462,50.29408],[30.40536,50.29084],[30.40775,50.29653],[30.41966,50.29451],[30.4221,50.3031],[30.39982,50.30635],[30.40298,50.31765],[30.4326,50.31846],[30.42593,50.32466],[30.43707,50.33409],[30.45109,50.33213],[30.45788,50.34046],[30.47425,50.33761],[30.46824,50.3601],[30.4375,50.35696],[30.43736,50.36759],[30.42599,50.37415],[30.39029,50.36977],[30.39343,50.3627],[30.3642,50.35275],[30.33463,50.37499],[30.30401,50.34838],[30.28514,50.35687],[30.28334,50.35188],[30.25975,50.35536],[30.266,50.34972],[30.24338,50.34216],[30.23511,50.32106],[30.20789,50.33863],[30.20182,50.33165],[30.16911,50.34101],[30.16119,50.34808],[30.16668,50.35459],[30.14649,50.34339],[30.14699,50.33732],[30.12508,50.34798],[30.08965,50.33508],[30.09038,50.3244],[30.07663,50.32974],[30.07115,50.34232],[30.06175,50.34648],[30.06982,50.36498],[30.05648,50.37651],[30.03437,50.3774],[30.02683,50.39617],[29.99599,50.39975],[29.97214,50.4101],[29.96376,50.40583],[29.96842,50.39999],[29.99905,50.3803],[29.98542,50.37153],[29.98425,50.35222],[29.91761,50.338],[29.91681,50.31264],[29.91036,50.3126],[29.90989,50.29867],[29.82778,50.29676],[29.79132,50.3179],[29.76981,50.34685],[29.75829,50.34883],[29.75612,50.33872],[29.72582,50.31643],[29.68205,50.31163],[29.67664,50.29153],[29.67799,50.28477],[29.68944,50.28423],[29.68868,50.27724],[29.66622,50.27458],[29.67368,50.26742],[29.66556,50.26497],[29.70356,50.23004],[29.68563,50.22625],[29.6759,50.20681],[29.64315,50.17981],[29.69212,50.15225],[29.68807,50.14388],[29.65914,50.12765],[29.65575,50.11807],[29.66995,50.11375],[29.64692,50.10655],[29.69705,50.06852],[29.69522,50.04388],[29.67151,50.03221],[29.68148,50.01402],[29.69795,50.00587],[29.69063,49.99796],[29.71713,49.97933],[29.71154,49.97229],[29.71462,49.96681],[29.73096,49.96571],[29.72116,49.95944],[29.73522,49.94436],[29.7254,49.94176],[29.72805,49.9328],[29.66587,49.91128],[29.62729,49.88615],[29.6325,49.87713],[29.64959,49.87816],[29.69967,49.90627],[29.73147,49.88222],[29.78579,49.90009],[29.82205,49.87925],[29.85135,49.8711],[29.87462,49.89627],[29.89482,49.89128],[29.8936,49.90061],[29.94492,49.93311],[29.94305,49.93692],[29.96861,49.93951],[29.98413,49.95334],[29.96255,49.95768],[29.93691,50.00184],[29.91876,50.00272],[29.92461,50.03623],[29.91493,50.04516],[29.95051,50.05516],[29.99898,50.03227],[30.09372,50.01254],[30.1006,50.02314],[30.09273,50.02524],[30.09638,50.04967],[30.10581,50.06556],[30.09714,50.07726],[30.12991,50.10114],[30.1828,50.10696],[30.17971,50.10961],[30.22099,50.12914],[30.19817,50.14955],[30.24097,50.14548],[30.2517,50.15428],[30.23419,50.16212],[30.24068,50.17259],[30.21175,50.17287],[30.20546,50.18044]]]}},{"type":"Feature","properties":{"name":"Бучанський район","oblast":"Київська область","centroid":[29.9008,50.5417]},"geometry":{"type":"MultiPolygon","coordinates":[[[[30.36815,50.42276],[30.44258,50.38142],[30.43027,50.37186],[30.39029,50.36977],[30.39343,50.3627],[30.3642,50.35275],[30.33463,50.37499],[30.30401,50.34838],[30.28514,50.35687],[30.28334,50.35188],[30.25975,50.35536],[30.266,50.34972],[30.24338,50.34216],[30.23511,50.32106],[30.20789,50.33863],[30.20182,50.33165],[30.16911,50.34101],[30.16119,50.34808],[30.16668,50.35459],[30.14649,50.34339],[30.14699,50.33732],[30.12508,50.34798],[30.08965,50.33508],[30.09038,50.3244],[30.07663,50.32974],[30.07115,50.34232],[30.06175,50.34648],[30.06982,50.36498],[30.05648,50.37651],[30.03437,50.3774],[30.02683,50.39617],[29.99599,50.39975],[29.97214,50.4101],[29.96376,50.40583],[29.96842,50.39999],[29.99905,50.3803],[29.98542,50.37153],[29.98425,50.35222],[29.91761,50.338],[29.91681,50.31264],[29.91036,50.3126],[29.90989,50.29867],[29.82778,50.29676],[29.79132,50.3179],[29.76981,50.34685],[29.75829,50.34883],[29.75612,50.33872],[29.71859,50.31391],[29.69154,50.31539],[29.6924,50.32324],[29.64496,50.32438],[29.61163,50.34147],[29.62844,50.34616],[29.64182,50.35827],[29.63763,50.37257],[29.61749,50.3649],[29.60914,50.37285],[29.58898,50.37475],[29.59038,50.40034],[29.56024,50.4225],[29.48029,50.41314],[29.48181,50.40402],[29.45476,50.40145],[29.44258,50.41542],[29.44906,50.42038],[29.4693,50.41546],[29.47147,50.4203],[29.48153,50.419],[29.4985,50.44024],[29.49754,50.45061],[29.44678,50.45276],[29.45714,50.47111],[29.48353,50.45931],[29.51084,50.47075],[29.50254,50.48389],[29.50905,50.48794],[29.50339,50.49509],[29.50707,50.49988],[29.46022,50.51725],[29.46701,50.52751],[29.45814,50.53947],[29.48577,50.53662],[29.5024,50.54734],[29.49845,50.56058],[29.50504,50.5728],[29.4978,50.57884],[29.49834,50.58982],[29.47545,50.6082],[29.44474,50.62106],[29.45848,50.62965],[29.47229,50.62822],[29.46358,50.63325],[29.48511,50.6468],[29.4768,50.65324],[29.48601,50.66265],[29.52173,50.66154],[29.53032,50.67002],[29.52799,50.67775],[29.54104,50.68118],[29.54219,50.68969],[29.5658,50.693],[29.58609,50.70876],[29.59763,50.72911],[29.59031,50.72874],[29.5868,50.73874],[29.57924,50.74029],[29.58144,50.74903],[29.56644,50.76321],[29.57204,50.76725],[29.57082,50.77993],[29.58755,50.77597],[29.59923,50.78315],[29.60974,50.78147],[29.61001,50.77146],[29.65254,50.76332],[29.75115,50.7668],[29.81744,50.77508],[29.83507,50.78681],[29.87549,50.79454],[29.88006,50.78596],[29.8974,50.77952],[29.8861,50.76976],[29.89809,50.74705],[29.91293,50.76593],[29.90782,50.77766],[29.91812,50.77486],[29.91954,50.75446],[29.96134,50.7547],[29.97213,50.77644],[30.0183,50.77031],[30.05721,50.77682],[30.06084,50.7691],[30.04977,50.76512],[30.04603,50.75665],[30.05529,50.74052],[30.04157,50.7298],[30.06138,50.71247],[30.07677,50.70743],[30.07333,50.6979],[30.09395,50.69798],[30.09526,50.69097],[30.11304,50.6897],[30.10718,50.71518],[30.14919,50.70913],[30.16896,50.71615],[30.19366,50.71324],[30.21184,50.71818],[30.27353,50.7089],[30.2708,50.70229],[30.30838,50.68567],[30.29597,50.66899],[30.27953,50.66388],[30.28517,50.66065],[30.28066,50.64733],[30.28692,50.63705],[30.2803,50.63645],[30.2799,50.62908],[30.29677,50.61841],[30.29918,50.60875],[30.34101,50.60059],[30.34085,50.59601],[30.28777,50.60486],[30.28328,50.5972],[30.30508,50.57105],[30.34158,50.55732],[30.33147,50.55672],[30.32646,50.54625],[30.31114,50.55525],[30.29803,50.55442],[30.30444,50.54385],[30.30252,50.53343],[30.26106,50.51152],[30.27008,50.49824],[30.2627,50.48775],[30.25167,50.48484],[30.24907,50.47429],[30.25775,50.46976],[30.23991,50.45242],[30.24648,50.44047],[30.23615,50.42681],[30.2447,50.42321],[30.26009,50.43119],[30.26926,50.4263],[30.28138,50.44733],[30.32218,50.44244],[30.34891,50.44589],[30.34993,50.4513],[30.36815,50.42276]]],[[[30.34388,50.49867],[30.34907,50.48887],[30.3437,50.48348],[30.31737,50.49201],[30.34388,50.49867]]]]}},{"type":"Feature","properties":{"name":"Вінницький район","oblast":"Вінницька область","centroid":[28.8493,49.2286]},"geometry":{"type":"Polygon","coordinates":[[[28.87246,49.4633],[28.89051,49.44506],[28.96486,49.44794],[28.95856,49.45231],[28.96641,49.46475],[28.98117,49.4614],[28.9824,49.46816],[29.00207,49.47226],[29.00143,49.48352],[28.96929,49.50549],[29.00555,49.52845],[28.97669,49.55228],[28.98544,49.60296],[29.02678,49.59043],[29.10507,49.59334],[29.11674,49.58364],[29.15075,49.59302],[29.18946,49.58726],[29.20375,49.59412],[29.213,49.58763],[29.24154,49.6035],[29.25253,49.59012],[29.27571,49.59009],[29.27578,49.62712],[29.32776,49.62805],[29.33996,49.61427],[29.35434,49.62779],[29.37997,49.61983],[29.39608,49.64764],[29.40992,49.65921],[29.42692,49.65202],[29.43118,49.66214],[29.5205,49.64513],[29.53524,49.63666],[29.50834,49.61953],[29.5114,49.61263],[29.49629,49.6],[29.50563,49.59648],[29.49926,49.59372],[29.53071,49.56206],[29.53802,49.53807],[29.54619,49.53148],[29.53918,49.52095],[29.56992,49.50322],[29.58489,49.50681],[29.58513,49.495],[29.55984,49.49801],[29.54324,49.48452],[29.56039,49.46449],[29.58982,49.45412],[29.59526,49.44314],[29.57256,49.4334],[29.57572,49.42885],[29.55865,49.41754],[29.56263,49.41432],[29.54234,49.4016],[29.50516,49.39571],[29.50262,49.37056],[29.51989,49.36064],[29.52267,49.33738],[29.53529,49.3239],[29.56721,49.31969],[29.57322,49.32401],[29.61892,49.30583],[29.60764,49.29958],[29.61897,49.28121],[29.61417,49.27557],[29.62186,49.27421],[29.61308,49.26557],[29.6387,49.24749],[29.66245,49.25005],[29.68991,49.23746],[29.7012,49.26064],[29.7203,49.24374],[29.71611,49.23585],[29.73655,49.22836],[29.72495,49.22122],[29.70407,49.22479],[29.71063,49.20715],[29.72592,49.20291],[29.72694,49.1821],[29.71764,49.17952],[29.71754,49.15635],[29.70981,49.15521],[29.71201,49.14233],[29.71952,49.13164],[29.73117,49.13198],[29.73356,49.12286],[29.67806,49.11226],[29.68716,49.0888],[29.65051,49.09668],[29.63433,49.06081],[29.63962,49.05401],[29.6287,49.05147],[29.62951,49.04678],[29.60607,49.05757],[29.59537,49.05227],[29.59561,49.04649],[29.59208,49.05104],[29.54356,49.04836],[29.54954,49.07065],[29.54499,49.06972],[29.52026,49.11461],[29.4985,49.11734],[29.4966,49.10613],[29.47797,49.11224],[29.48679,49.12441],[29.46345,49.12838],[29.47071,49.12266],[29.46365,49.11352],[29.42294,49.0936],[29.42271,49.08853],[29.40639,49.08502],[29.40357,49.07232],[29.41513,49.06087],[29.39736,49.04293],[29.37826,49.05493],[29.34503,49.03948],[29.35759,49.02216],[29.34438,49.01412],[29.31216,49.01512],[29.3014,49.00451],[29.28466,49.00165],[29.28839,48.99775],[29.28207,48.98726],[29.27217,48.98853],[29.25231,48.97712],[29.22029,48.98403],[29.17334,48.95647],[29.16731,48.96892],[29.11072,48.99507],[29.08797,48.99256],[29.06171,49.00113],[29.03575,48.95249],[28.9824,48.93519],[29.003,48.92574],[28.99706,48.91392],[28.97968,48.91992],[28.97675,48.91371],[28.99584,48.90929],[28.99512,48.90492],[28.96277,48.90232],[28.93126,48.91412],[28.90472,48.90769],[28.91468,48.89868],[28.90904,48.8958],[28.91765,48.88801],[28.90904,48.88149],[28.91858,48.8656],[28.89944,48.86162],[28.90581,48.85321],[28.89364,48.85248],[28.90317,48.83293],[28.87285,48.84903],[28.84566,48.85315],[28.82692,48.84638],[28.82758,48.87424],[28.8111,48.87202],[28.80731,48.89509],[28.79554,48.90295],[28.77136,48.89289],[28.74648,48.87214],[28.74426,48.86203],[28.72901,48.85753],[28.71298,48.86407],[28.71567,48.87067],[28.70878,48.87432],[28.66741,48.87017],[28.65513,48.88817],[28.63258,48.89435],[28.63646,48.90627],[28.65013,48.9167],[28.63891,48.92264],[28.64408,48.92709],[28.64004,48.93052],[28.62505,48.93299],[28.59715,48.88198],[28.56379,48.88431],[28.55074,48.89467],[28.51755,48.87498],[28.53661,48.85524],[28.5262,48.84021],[28.48856,48.84217],[28.48641,48.85002],[28.46604,48.85399],[28.45777,48.86461],[28.44382,48.86854],[28.44016,48.8546],[28.42275,48.86495],[28.39598,48.86691],[28.40189,48.85838],[28.381,48.8651],[28.37397,48.85135],[28.37638,48.84298],[28.35759,48.83698],[28.34957,48.82212],[28.31467,48.83965],[28.29777,48.86193],[28.29103,48.85973],[28.2865,48.86879],[28.29424,48.87368],[28.28994,48.87786],[28.30059,48.87368],[28.30869,48.88621],[28.2797,48.91212],[28.27145,48.90867],[28.25214,48.92515],[28.27271,48.92727],[28.27263,48.93936],[28.28544,48.95972],[28.28378,48.96987],[28.29164,48.97491],[28.28328,48.98404],[28.29622,48.98625],[28.27374,49.00027],[28.24931,48.99287],[28.23778,48.99822],[28.23176,48.99388],[28.23347,48.98507],[28.22804,48.98625],[28.22978,48.99629],[28.22168,49.00842],[28.23402,49.0135],[28.20574,49.02751],[28.21161,49.03173],[28.2045,49.03638],[28.21568,49.03744],[28.18849,49.05886],[28.19881,49.07345],[28.19098,49.08023],[28.23303,49.07945],[28.22925,49.08739],[28.25118,49.0908],[28.23477,49.08928],[28.22677,49.10094],[28.23148,49.10762],[28.22227,49.10965],[28.21348,49.12316],[28.19788,49.12274],[28.20337,49.13594],[28.17323,49.14632],[28.15557,49.16237],[28.17674,49.17263],[28.16365,49.17276],[28.16302,49.1793],[28.13538,49.17416],[28.09461,49.19437],[28.10737,49.19922],[28.10436,49.21759],[28.11156,49.21979],[28.10538,49.2309],[28.12,49.23162],[28.0795,49.25132],[28.03258,49.257],[28.02976,49.25252],[27.98736,49.26193],[27.97346,49.26062],[27.96948,49.25338],[27.95795,49.25229],[27.93748,49.23613],[27.91525,49.23063],[27.88715,49.21337],[27.86653,49.21322],[27.85601,49.23564],[27.87119,49.2422],[27.87193,49.24947],[27.84928,49.26381],[27.85278,49.27465],[27.86245,49.27953],[27.86121,49.29853],[27.85174,49.31202],[27.85791,49.32836],[27.84178,49.3476],[27.81575,49.35554],[27.8115,49.36614],[27.82909,49.36775],[27.82868,49.37463],[27.81137,49.37902],[27.81197,49.38833],[27.83367,49.39116],[27.835,49.40868],[27.85009,49.421],[27.88256,49.41238],[27.93084,49.43046],[27.96724,49.413],[27.99615,49.40871],[27.99389,49.43771],[27.96112,49.45131],[27.96952,49.46752],[27.98148,49.47155],[27.98633,49.45223],[28.00991,49.45066],[28.02165,49.45605],[28.02931,49.4493],[28.04955,49.45209],[28.05447,49.4695],[28.09719,49.45676],[28.13959,49.46277],[28.14876,49.44645],[28.17009,49.4468],[28.20422,49.43531],[28.21589,49.43836],[28.21959,49.43352],[28.25303,49.44335],[28.25817,49.43467],[28.26199,49.43817],[28.29748,49.42246],[28.29156,49.41575],[28.29779,49.39858],[28.33094,49.39715],[28.36809,49.37913],[28.36905,49.36756],[28.39086,49.348],[28.40816,49.34845],[28.40244,49.35787],[28.41126,49.36497],[28.41867,49.35493],[28.43489,49.36227],[28.43708,49.3716],[28.45494,49.37149],[28.44864,49.38083],[28.4744,49.40099],[28.49468,49.39263],[28.48732,49.39036],[28.48916,49.3817],[28.51927,49.37776],[28.51911,49.3545],[28.54472,49.35466],[28.53753,49.37294],[28.5854,49.34427],[28.59334,49.34372],[28.59266,49.35296],[28.60951,49.35523],[28.6113,49.35024],[28.66228,49.33758],[28.68109,49.3596],[28.62047,49.40261],[28.62755,49.41007],[28.63329,49.4067],[28.64682,49.42722],[28.68506,49.41955],[28.76706,49.43297],[28.78047,49.42042],[28.79133,49.43688],[28.7997,49.43768],[28.80303,49.42908],[28.88554,49.44062],[28.86502,49.4548],[28.87246,49.4633]]]}},{"type":"Feature","properties":{"name":"Хмільницький район","oblast":"Вінницька область","centroid":[28.4117,49.6074]},"geometry":{"type":"Polygon","coordinates":[[[28.87246,49.4633],[28.89051,49.44506],[28.96486,49.44794],[28.95856,49.45231],[28.96641,49.46475],[28.98117,49.4614],[28.9824,49.46816],[29.00207,49.47226],[29.00143,49.48352],[28.96929,49.50549],[29.00555,49.52845],[28.97669,49.55228],[28.98511,49.60339],[29.01006,49.63254],[28.98237,49.64475],[28.97909,49.6491],[28.98555,49.65009],[28.9637,49.67257],[28.94574,49.67883],[28.95763,49.68429],[28.96447,49.69952],[28.97606,49.69817],[28.99484,49.71663],[28.99062,49.71898],[28.99566,49.72754],[29.00525,49.72888],[29.00157,49.73991],[28.96406,49.75497],[28.9658,49.7765],[28.94218,49.78383],[28.97022,49.80363],[28.96148,49.8094],[28.96083,49.82087],[28.9444,49.81954],[28.95375,49.83991],[28.9409,49.84484],[28.93865,49.85297],[28.90291,49.86344],[28.91008,49.86652],[28.8955,49.87318],[28.89874,49.88177],[28.87064,49.88902],[28.85728,49.88857],[28.84391,49.85995],[28.78391,49.85157],[28.78482,49.8426],[28.75071,49.84443],[28.75026,49.82276],[28.75884,49.82329],[28.75898,49.8183],[28.74613,49.8176],[28.73399,49.79823],[28.72565,49.79655],[28.71857,49.80712],[28.7063,49.80954],[28.68752,49.80494],[28.69008,49.79942],[28.63639,49.81732],[28.63978,49.8093],[28.62829,49.81542],[28.60222,49.81015],[28.60114,49.78188],[28.56984,49.77403],[28.52853,49.82049],[28.48197,49.80716],[28.46949,49.82275],[28.42187,49.8249],[28.41634,49.81418],[28.42043,49.81221],[28.41167,49.81046],[28.40667,49.79198],[28.3791,49.78036],[28.34877,49.79252],[28.29748,49.80141],[28.26265,49.79954],[28.26181,49.81005],[28.24939,49.81504],[28.24336,49.81392],[28.2448,49.79758],[28.22823,49.79496],[28.22613,49.78519],[28.21696,49.78502],[28.22002,49.79025],[28.21321,49.79179],[28.15417,49.78909],[28.10967,49.77363],[28.04217,49.77049],[27.98037,49.78012],[27.93306,49.76843],[27.89951,49.76726],[27.88633,49.7564],[27.8358,49.75585],[27.83576,49.7449],[27.8174,49.74292],[27.81691,49.73465],[27.83711,49.7298],[27.8071,49.70949],[27.81172,49.70196],[27.7626,49.69725],[27.76602,49.66643],[27.81158,49.6445],[27.81229,49.61832],[27.80031,49.6216],[27.79228,49.60382],[27.77337,49.59678],[27.75833,49.5763],[27.79041,49.55698],[27.79361,49.55216],[27.78529,49.54499],[27.79414,49.53075],[27.77517,49.52031],[27.76336,49.53037],[27.74317,49.53176],[27.73514,49.50995],[27.7371,49.49343],[27.79137,49.48885],[27.77704,49.47491],[27.76378,49.47853],[27.74538,49.45073],[27.75049,49.43987],[27.78197,49.44293],[27.79058,49.43465],[27.805,49.43931],[27.82742,49.42145],[27.84626,49.43122],[27.85009,49.421],[27.88236,49.41237],[27.93084,49.43046],[27.96724,49.413],[27.99615,49.40871],[27.99389,49.43771],[27.96112,49.45131],[27.96952,49.46752],[27.98148,49.47155],[27.98633,49.45223],[28.00991,49.45066],[28.02165,49.45605],[28.02931,49.4493],[28.04955,49.45209],[28.05447,49.4695],[28.09719,49.45676],[28.12988,49.46453],[28.13959,49.46277],[28.14876,49.44645],[28.17009,49.4468],[28.20422,49.43531],[28.21589,49.43836],[28.21959,49.43352],[28.25303,49.44335],[28.25817,49.43467],[28.26199,49.43817],[28.29748,49.42246],[28.29156,49.41575],[28.29779,49.39858],[28.33094,49.39715],[28.36809,49.37913],[28.36905,49.36756],[28.39086,49.348],[28.40816,49.34845],[28.40244,49.35787],[28.41126,49.36497],[28.41867,49.35493],[28.43489,49.36227],[28.43708,49.3716],[28.45494,49.37149],[28.44864,49.38083],[28.4744,49.40099],[28.49468,49.39263],[28.48732,49.39036],[28.48916,49.3817],[28.51927,49.37776],[28.51911,49.3545],[28.54472,49.35466],[28.53753,49.37294],[28.5854,49.34427],[28.59334,49.34372],[28.59266,49.35296],[28.60951,49.35523],[28.6113,49.35024],[28.66228,49.33758],[28.68109,49.3596],[28.62047,49.40261],[28.62755,49.41007],[28.63329,49.4067],[28.64682,49.42722],[28.68506,49.41955],[28.76706,49.43297],[28.78047,49.42042],[28.79133,49.43688],[28.7997,49.43768],[28.80303,49.42908],[28.88554,49.44062],[28.86502,49.4548],[28.87246,49.4633]]]}},{"type":"Feature","properties":{"name":"Кременецький район","oblast":"Тернопільська область","centroid":[25.8538,49.9875]},"geometry":{"type":"Polygon","coordinates":[[[25.97754,49.71857],[26.01792,49.71295],[26.08324,49.72309],[26.1613,49.71576],[26.16554,49.72852],[26.1909,49.71417],[26.21407,49.73531],[26.24356,49.7453],[26.2363,49.77138],[26.24076,49.7756],[26.2255,49.78008],[26.2296,49.7872],[26.21809,49.8092],[26.19518,49.82021],[26.18544,49.84609],[26.17825,49.84733],[26.20101,49.86631],[26.16317,49.88141],[26.15821,49.89092],[26.13273,49.89847],[26.14062,49.91396],[26.16624,49.92219],[26.14512,49.95986],[26.14823,49.96852],[26.1419,49.97185],[26.17178,49.99352],[26.20207,49.99255],[26.21072,50.01599],[26.17587,50.02527],[26.20083,50.03672],[26.21646,50.03632],[26.21763,50.04632],[26.22707,50.0476],[26.22162,50.0599],[26.20089,50.06732],[26.20695,50.07561],[26.20047,50.07916],[26.20479,50.08996],[26.19906,50.09782],[26.27355,50.10287],[26.27366,50.1135],[26.23487,50.13118],[26.24352,50.14342],[26.22292,50.14277],[26.20853,50.1546],[26.22096,50.16467],[26.21134,50.17484],[26.21887,50.18135],[26.17902,50.19735],[26.19177,50.21855],[26.18539,50.21692],[26.18549,50.22914],[26.21185,50.2302],[26.20988,50.24848],[26.21778,50.24822],[26.22116,50.26683],[26.19127,50.26278],[26.17035,50.24459],[26.16574,50.23086],[26.065,50.25748],[26.02015,50.22962],[26.00867,50.22887],[26.00426,50.23826],[25.97042,50.24567],[25.96304,50.25632],[25.92785,50.25556],[25.87735,50.21902],[25.85737,50.19147],[25.8209,50.1805],[25.79691,50.18504],[25.75973,50.17874],[25.72881,50.18681],[25.72419,50.17295],[25.68424,50.17687],[25.62549,50.15219],[25.57572,50.17646],[25.5542,50.15037],[25.49929,50.15649],[25.50093,50.16448],[25.47605,50.16614],[25.44924,50.15042],[25.44844,50.12441],[25.45575,50.11683],[25.48382,50.11415],[25.48903,50.10182],[25.45404,50.0943],[25.45721,50.08203],[25.43863,50.07196],[25.43139,50.05298],[25.36357,50.04592],[25.35902,50.01677],[25.34923,50.0178],[25.34669,50.00405],[25.40252,49.98571],[25.41218,49.96964],[25.40161,49.95484],[25.4038,49.94794],[25.427,49.94316],[25.43048,49.93488],[25.42297,49.93126],[25.41963,49.91536],[25.46182,49.88596],[25.47015,49.87144],[25.47565,49.82433],[25.50775,49.81541],[25.53193,49.78014],[25.54178,49.77513],[25.57725,49.80249],[25.59641,49.80071],[25.67678,49.84992],[25.68373,49.82454],[25.72445,49.80216],[25.74028,49.81096],[25.77071,49.8059],[25.77053,49.81176],[25.78342,49.81399],[25.82816,49.80464],[25.83248,49.80959],[25.86761,49.80542],[25.86588,49.80061],[25.89535,49.79509],[25.90409,49.802],[25.91517,49.78933],[25.87537,49.77371],[25.86286,49.7478],[25.85429,49.75175],[25.86241,49.73899],[25.8755,49.73832],[25.87307,49.72846],[25.88402,49.72451],[25.91011,49.71598],[25.91498,49.72159],[25.94495,49.7005],[25.95448,49.70754],[25.94799,49.71511],[25.97754,49.71857]]]}},{"type":"Feature","properties":{"name":"Чортківський район","oblast":"Тернопільська область","centroid":[25.7541,48.967]},"geometry":{"type":"Polygon","coordinates":[[[26.19222,49.16141],[26.21108,49.16166],[26.20944,49.1671],[26.18991,49.17158],[26.19606,49.18228],[26.18326,49.19508],[26.19616,49.21251],[26.19082,49.2204],[26.20201,49.22028],[26.19893,49.22748],[26.20735,49.23282],[26.20148,49.24328],[26.24341,49.24296],[26.24685,49.24867],[26.24187,49.25468],[26.25847,49.26381],[26.24148,49.27703],[26.25727,49.27671],[26.24894,49.28641],[26.25956,49.28969],[26.2461,49.30042],[26.24977,49.31209],[26.22609,49.32793],[26.22756,49.34982],[26.24372,49.34732],[26.24338,49.35422],[26.23204,49.35794],[26.24463,49.36962],[26.16322,49.38453],[26.15722,49.37686],[26.12738,49.38275],[26.12631,49.36923],[26.07806,49.36198],[25.97218,49.35882],[25.90461,49.37659],[25.8957,49.36875],[25.89761,49.31802],[25.93912,49.29603],[25.92414,49.28585],[25.89008,49.28631],[25.89044,49.27656],[25.85557,49.27716],[25.84803,49.25944],[25.82999,49.24291],[25.83752,49.24044],[25.8291,49.21119],[25.85447,49.20309],[25.81071,49.16038],[25.78829,49.14978],[25.78814,49.15673],[25.7807,49.16],[25.78591,49.15234],[25.78162,49.14189],[25.77024,49.14054],[25.7673,49.13445],[25.74262,49.17456],[25.71664,49.16812],[25.725,49.1761],[25.70923,49.18223],[25.68331,49.17399],[25.68703,49.17042],[25.68089,49.16187],[25.66464,49.1735],[25.63608,49.17867],[25.64086,49.16188],[25.65278,49.16256],[25.6647,49.14895],[25.62718,49.14658],[25.62352,49.13122],[25.54001,49.13432],[25.51647,49.14607],[25.5064,49.16024],[25.52292,49.18447],[25.46272,49.21248],[25.42638,49.21375],[25.4196,49.20173],[25.4035,49.20437],[25.40761,49.19433],[25.4028,49.18619],[25.36816,49.20164],[25.29539,49.21485],[25.25506,49.18403],[25.2466,49.1895],[25.12343,49.17213],[25.09972,49.17539],[25.07268,49.16767],[24.98722,49.18384],[24.98597,49.16906],[24.93498,49.17329],[24.88692,49.19818],[24.85641,49.17781],[24.85666,49.16329],[24.86652,49.16193],[24.8998,49.12906],[24.95645,49.12756],[24.98538,49.11676],[24.9721,49.0965],[24.99065,49.08604],[24.99122,49.0712],[24.9163,49.08309],[24.90924,49.07938],[24.90293,49.0547],[24.96956,49.01131],[24.97229,49.00342],[24.96549,48.9928],[25.01746,49.01136],[25.07843,48.98412],[25.08728,48.98402],[25.08754,48.99328],[25.11943,48.99481],[25.10718,48.98222],[25.10976,48.96378],[25.13642,48.95435],[25.14745,48.94361],[25.11825,48.92361],[25.13993,48.86874],[25.1617,48.86533],[25.17057,48.87037],[25.17353,48.88227],[25.16751,48.89374],[25.19814,48.91473],[25.19083,48.92708],[25.20987,48.92191],[25.23119,48.93254],[25.23829,48.9233],[25.2295,48.90933],[25.23014,48.88691],[25.21095,48.84623],[25.22814,48.84841],[25.23715,48.86553],[25.26045,48.86668],[25.28392,48.86223],[25.29183,48.84517],[25.32018,48.84722],[25.32542,48.83777],[25.34012,48.83845],[25.3365,48.85481],[25.35354,48.85956],[25.43266,48.84355],[25.43876,48.84968],[25.42715,48.86779],[25.43943,48.87155],[25.4693,48.85711],[25.4501,48.83917],[25.45541,48.8309],[25.48342,48.82199],[25.50405,48.80717],[25.55194,48.79976],[25.59931,48.76628],[25.64055,48.74811],[25.637,48.73922],[25.60979,48.72466],[25.61496,48.71684],[25.653,48.70513],[25.64683,48.69472],[25.62147,48.68097],[25.62753,48.67308],[25.71118,48.66334],[25.72124,48.65512],[25.72588,48.6387],[25.73796,48.63325],[25.74565,48.63653],[25.75087,48.65508],[25.76664,48.67012],[25.78018,48.67572],[25.79918,48.67066],[25.85506,48.61966],[25.84859,48.59747],[25.87502,48.59989],[25.90904,48.58689],[25.93378,48.59102],[25.97522,48.62088],[26.02097,48.61032],[26.02947,48.62026],[26.03368,48.6455],[26.04841,48.64863],[26.06206,48.637],[26.0584,48.62212],[26.06585,48.60713],[26.04432,48.58527],[26.08047,48.55621],[26.09086,48.53915],[26.10812,48.54011],[26.12705,48.55439],[26.12324,48.5695],[26.10611,48.58048],[26.09595,48.59954],[26.10028,48.6139],[26.11826,48.62003],[26.14459,48.59823],[26.14588,48.54999],[26.16312,48.53058],[26.1996,48.52579],[26.26783,48.53996],[26.27943,48.53648],[26.29958,48.50987],[26.32465,48.51681],[26.35663,48.5078],[26.39208,48.53492],[26.43548,48.53551],[26.4427,48.54234],[26.43127,48.54766],[26.4093,48.54182],[26.37962,48.56473],[26.37483,48.56199],[26.37731,48.54756],[26.36052,48.54171],[26.36692,48.55183],[26.3638,48.55955],[26.33648,48.56945],[26.35927,48.58074],[26.35984,48.58804],[26.34139,48.58663],[26.34127,48.59751],[26.32392,48.60003],[26.32661,48.61096],[26.293,48.62305],[26.29741,48.62823],[26.31447,48.62423],[26.32379,48.62969],[26.31726,48.63776],[26.29626,48.63539],[26.28791,48.64021],[26.30894,48.64979],[26.30747,48.65774],[26.27322,48.64721],[26.26696,48.65089],[26.27939,48.66822],[26.24788,48.66793],[26.24199,48.67578],[26.24538,48.68403],[26.22713,48.6826],[26.21983,48.68834],[26.23782,48.697],[26.22899,48.70891],[26.23952,48.71863],[26.23586,48.72744],[26.2445,48.7365],[26.22348,48.75219],[26.24086,48.74936],[26.24592,48.75576],[26.22998,48.76214],[26.23773,48.77591],[26.21474,48.78026],[26.20738,48.79744],[26.21634,48.80169],[26.21826,48.79326],[26.23342,48.79001],[26.23634,48.79493],[26.22557,48.81319],[26.24996,48.8083],[26.25856,48.81548],[26.25106,48.8226],[26.2336,48.819],[26.23265,48.82708],[26.21859,48.83586],[26.22168,48.84781],[26.19988,48.85899],[26.21149,48.86458],[26.20587,48.87528],[26.21443,48.88184],[26.20429,48.89648],[26.22368,48.90303],[26.22387,48.91014],[26.21258,48.91379],[26.19641,48.90358],[26.18391,48.91554],[26.19857,48.91843],[26.19401,48.93348],[26.20831,48.95508],[26.18107,48.96567],[26.17742,48.97373],[26.18483,48.97882],[26.19994,48.97456],[26.21195,48.98298],[26.17618,48.99574],[26.19355,49.00383],[26.21223,48.99991],[26.21569,49.00561],[26.19775,49.02503],[26.20794,49.03576],[26.1834,49.05573],[26.21563,49.07229],[26.19195,49.07766],[26.20475,49.10097],[26.19551,49.12924],[26.20569,49.1327],[26.19465,49.13636],[26.19908,49.14629],[26.19149,49.15286],[26.19222,49.16141]]]}},{"type":"Feature","properties":{"name":"Тернопільський район","oblast":"Тернопільська область","centroid":[25.4737,49.5001]},"geometry":{"type":"Polygon","coordinates":[[[25.52052,49.18115],[25.52292,49.18447],[25.4875,49.20398],[25.46272,49.21248],[25.42638,49.21375],[25.4196,49.20173],[25.4035,49.20437],[25.40761,49.19433],[25.39991,49.18609],[25.36816,49.20164],[25.29539,49.21485],[25.25506,49.18403],[25.2466,49.1895],[25.12343,49.17213],[25.09972,49.17539],[25.07268,49.16767],[24.98722,49.18384],[24.98597,49.16906],[24.92263,49.17669],[24.88692,49.19818],[24.89872,49.21464],[24.93355,49.22968],[24.93311,49.23565],[24.84332,49.26255],[24.84064,49.28307],[24.82809,49.28537],[24.83354,49.33671],[24.85929,49.34701],[24.83326,49.3632],[24.82734,49.38605],[24.81132,49.38851],[24.77558,49.37753],[24.77437,49.41305],[24.76693,49.4249],[24.77119,49.43114],[24.75051,49.44957],[24.74435,49.46622],[24.72399,49.48155],[24.72851,49.49205],[24.71617,49.49618],[24.72299,49.50776],[24.72017,49.53195],[24.72928,49.54709],[24.72125,49.56982],[24.79156,49.57284],[24.8016,49.5876],[24.82914,49.59307],[24.83167,49.58513],[24.83921,49.58688],[24.83365,49.59922],[24.86327,49.59887],[24.87113,49.6097],[24.90091,49.5997],[24.90568,49.60368],[24.89844,49.61053],[24.90796,49.61469],[24.94267,49.6092],[24.93097,49.61716],[24.95431,49.61591],[24.96334,49.62645],[24.95688,49.63438],[24.96136,49.64284],[24.98264,49.63657],[24.98799,49.64323],[24.98878,49.65872],[24.99837,49.65983],[24.9972,49.69657],[25.02205,49.73518],[25.04601,49.73082],[25.06744,49.7115],[25.11497,49.74564],[25.10378,49.75672],[25.07237,49.77022],[25.07565,49.77913],[25.08992,49.78248],[25.08381,49.82846],[25.13731,49.81474],[25.15151,49.83312],[25.17192,49.83213],[25.17476,49.83709],[25.23708,49.82401],[25.24454,49.82543],[25.24592,49.83508],[25.25864,49.83871],[25.26605,49.83092],[25.28754,49.82824],[25.29345,49.83284],[25.2927,49.84292],[25.30056,49.84613],[25.29907,49.85367],[25.31086,49.85116],[25.33544,49.85778],[25.33297,49.86243],[25.37504,49.86798],[25.37287,49.87591],[25.38071,49.87706],[25.38912,49.89721],[25.37632,49.91328],[25.38842,49.93388],[25.40048,49.93743],[25.43048,49.93488],[25.42297,49.93126],[25.41963,49.91536],[25.46182,49.88596],[25.4736,49.86139],[25.47565,49.82433],[25.50775,49.81541],[25.53193,49.78014],[25.54178,49.77513],[25.57725,49.80249],[25.59641,49.80071],[25.67678,49.84992],[25.68373,49.82454],[25.72445,49.80216],[25.74028,49.81096],[25.77071,49.8059],[25.77053,49.81176],[25.78342,49.81399],[25.82816,49.80464],[25.83248,49.80959],[25.86761,49.80542],[25.86588,49.80061],[25.89535,49.79509],[25.90409,49.802],[25.91517,49.78933],[25.88532,49.78117],[25.87533,49.77366],[25.86286,49.7478],[25.85475,49.74917],[25.86241,49.73899],[25.8755,49.73832],[25.87325,49.72833],[25.91011,49.71598],[25.91498,49.72159],[25.94495,49.7005],[25.95448,49.70754],[25.94627,49.71181],[25.94944,49.71544],[26.00926,49.71805],[26.01792,49.71295],[26.08324,49.72309],[26.1613,49.71576],[26.16554,49.72852],[26.19397,49.7098],[26.24114,49.69379],[26.26877,49.6687],[26.27246,49.65698],[26.25987,49.65365],[26.26251,49.63754],[26.25326,49.63318],[26.23141,49.63665],[26.22547,49.6235],[26.19927,49.60866],[26.21446,49.59001],[26.20737,49.57686],[26.21911,49.55126],[26.2035,49.54626],[26.20205,49.55454],[26.19076,49.55677],[26.17565,49.54933],[26.15855,49.53186],[26.15749,49.52048],[26.14232,49.50945],[26.18818,49.48113],[26.18921,49.45414],[26.20017,49.43904],[26.19334,49.4301],[26.21039,49.41731],[26.21585,49.42081],[26.22936,49.40779],[26.22477,49.40323],[26.23556,49.40022],[26.22968,49.38311],[26.21943,49.37854],[26.22391,49.37534],[26.16322,49.38453],[26.15722,49.37686],[26.12738,49.38275],[26.12631,49.36923],[25.97218,49.35882],[25.90461,49.37659],[25.8957,49.36875],[25.89761,49.31802],[25.93912,49.29603],[25.92414,49.28585],[25.89008,49.28631],[25.89044,49.27656],[25.85557,49.27716],[25.84803,49.25944],[25.82999,49.24291],[25.83752,49.24044],[25.8291,49.21119],[25.85447,49.20309],[25.81071,49.16038],[25.78829,49.14978],[25.78814,49.15673],[25.7807,49.16],[25.78591,49.15234],[25.78162,49.14189],[25.77024,49.14054],[25.7673,49.13445],[25.74262,49.17456],[25.71664,49.16812],[25.725,49.1761],[25.70923,49.18223],[25.68331,49.17399],[25.68703,49.17042],[25.68089,49.16187],[25.66464,49.1735],[25.63608,49.17867],[25.64086,49.16188],[25.65278,49.16256],[25.6647,49.14895],[25.62718,49.14658],[25.62352,49.13122],[25.54135,49.13398],[25.51647,49.14607],[25.5064,49.16024],[25.52052,49.18115]]]}},{"type":"Feature","properties":{"name":"Шепетівський район","oblast":"Хмельницька область","centroid":[26.9343,50.1619]},"geometry":{"type":"Polygon","coordinates":[[[27.41291,49.87749],[27.41801,49.88974],[27.44682,49.90953],[27.47935,49.87624],[27.51968,49.88496],[27.52255,49.90993],[27.54944,49.9083],[27.54772,49.93482],[27.55719,49.93556],[27.55677,49.94522],[27.57563,49.9486],[27.56641,49.95884],[27.56161,49.98371],[27.54877,49.99633],[27.54648,50.01158],[27.57128,50.01966],[27.61169,50.00571],[27.64202,50.03675],[27.65814,50.03288],[27.65803,50.02575],[27.67033,50.02527],[27.68118,50.03405],[27.67764,50.0421],[27.68218,50.04735],[27.67418,50.056],[27.67846,50.06356],[27.66865,50.0775],[27.61544,50.08619],[27.63056,50.10343],[27.62356,50.10409],[27.62442,50.11246],[27.63911,50.11505],[27.62589,50.12245],[27.63143,50.14625],[27.67768,50.15785],[27.66167,50.17167],[27.665,50.19338],[27.63651,50.18827],[27.64207,50.17231],[27.62132,50.16962],[27.6228,50.19949],[27.60777,50.19631],[27.60771,50.21459],[27.59298,50.21566],[27.60212,50.24267],[27.59746,50.25854],[27.57694,50.25864],[27.56247,50.24586],[27.54322,50.24591],[27.52708,50.22526],[27.52099,50.22546],[27.4894,50.23931],[27.48099,50.2572],[27.44264,50.26117],[27.44474,50.27544],[27.42411,50.27639],[27.42217,50.27155],[27.39547,50.28751],[27.41802,50.29606],[27.41657,50.30746],[27.36367,50.33305],[27.31558,50.33174],[27.31301,50.34052],[27.32316,50.354],[27.3212,50.36777],[27.24837,50.39276],[27.25903,50.42445],[27.29136,50.45815],[27.2912,50.47695],[27.30133,50.49313],[27.2678,50.49178],[27.25894,50.51311],[27.2074,50.53182],[27.19649,50.56208],[27.1307,50.56085],[27.12218,50.57608],[27.12714,50.57536],[27.13068,50.58792],[27.11793,50.59473],[27.10369,50.58381],[27.07947,50.58366],[27.06482,50.56207],[27.0766,50.55441],[27.07282,50.55097],[27.01753,50.55899],[27.00754,50.5396],[26.98832,50.53339],[26.9828,50.52273],[26.93573,50.53155],[26.89967,50.54634],[26.87931,50.53415],[26.85655,50.509],[26.82724,50.52305],[26.81753,50.50251],[26.77839,50.5021],[26.78178,50.49566],[26.76505,50.48907],[26.76867,50.47748],[26.76009,50.47667],[26.76162,50.47041],[26.78918,50.47523],[26.7866,50.46773],[26.7428,50.46152],[26.74518,50.47959],[26.73441,50.47726],[26.73492,50.46141],[26.72844,50.45728],[26.73873,50.45223],[26.73681,50.44482],[26.71737,50.44571],[26.71259,50.41695],[26.69238,50.41996],[26.68243,50.38911],[26.65931,50.39212],[26.64813,50.36478],[26.62118,50.37106],[26.60177,50.36817],[26.58672,50.33959],[26.55273,50.33023],[26.56328,50.32125],[26.56057,50.31701],[26.54261,50.31851],[26.54699,50.30978],[26.52287,50.30697],[26.5269,50.30034],[26.49589,50.27569],[26.49539,50.26722],[26.50235,50.26208],[26.48316,50.2657],[26.4521,50.2604],[26.46236,50.26491],[26.45866,50.26919],[26.43881,50.26032],[26.39616,50.26521],[26.38302,50.26076],[26.38154,50.25305],[26.36203,50.25166],[26.34928,50.23854],[26.32399,50.23114],[26.32125,50.22181],[26.30551,50.21303],[26.30494,50.19822],[26.2871,50.1845],[26.23749,50.17273],[26.22039,50.17966],[26.21188,50.1755],[26.22096,50.16467],[26.2089,50.15407],[26.22292,50.14277],[26.24352,50.14342],[26.23487,50.13118],[26.27366,50.1135],[26.27355,50.10287],[26.19906,50.09782],[26.20479,50.08996],[26.20047,50.07916],[26.20695,50.07561],[26.20089,50.06732],[26.22162,50.0599],[26.22707,50.0476],[26.21763,50.04632],[26.21646,50.03632],[26.20083,50.03672],[26.17587,50.02527],[26.21072,50.01599],[26.20207,49.99255],[26.17178,49.99352],[26.1419,49.97185],[26.14823,49.96852],[26.14512,49.95986],[26.16624,49.92219],[26.14062,49.91396],[26.13273,49.89847],[26.15844,49.89081],[26.17419,49.87596],[26.21339,49.8654],[26.21252,49.87137],[26.23092,49.87281],[26.23033,49.87694],[26.31871,49.88236],[26.31072,49.90018],[26.32584,49.90242],[26.3315,49.91881],[26.35267,49.91522],[26.35622,49.92996],[26.3813,49.92928],[26.38678,49.92745],[26.38325,49.92126],[26.38851,49.91473],[26.42312,49.90453],[26.43081,49.88863],[26.44719,49.88447],[26.45365,49.89567],[26.46194,49.8973],[26.46477,49.89173],[26.51003,49.88475],[26.52104,49.90339],[26.51224,49.91183],[26.48472,49.91436],[26.50046,49.93898],[26.52706,49.94378],[26.53812,49.93878],[26.54032,49.94446],[26.6018,49.93838],[26.6136,49.95632],[26.65942,49.9447],[26.6647,49.93719],[26.64558,49.93102],[26.66049,49.92867],[26.63654,49.8921],[26.69148,49.89394],[26.71115,49.9004],[26.71134,49.90913],[26.74929,49.90194],[26.77008,49.91777],[26.78803,49.91254],[26.80572,49.91658],[26.79561,49.90702],[26.85126,49.89621],[26.84858,49.88762],[26.894,49.88327],[26.91411,49.87085],[26.91565,49.89111],[26.92895,49.89373],[26.93438,49.90658],[26.94599,49.9019],[26.98271,49.90885],[26.96795,49.91745],[26.97508,49.92664],[27.01437,49.92575],[27.02037,49.93171],[27.04009,49.92408],[27.06766,49.93804],[27.06616,49.94325],[27.08758,49.94125],[27.09547,49.94938],[27.1089,49.94166],[27.10965,49.94732],[27.13404,49.94642],[27.13425,49.94042],[27.1215,49.94043],[27.12519,49.93126],[27.10652,49.91917],[27.15922,49.92092],[27.16269,49.92409],[27.1498,49.92446],[27.15289,49.93884],[27.21189,49.93304],[27.2053,49.92775],[27.20778,49.91874],[27.19094,49.90601],[27.21148,49.89559],[27.24167,49.89032],[27.24901,49.89463],[27.25377,49.88278],[27.28336,49.88945],[27.28334,49.89562],[27.29433,49.89322],[27.30302,49.90354],[27.31865,49.90576],[27.32782,49.9186],[27.33873,49.91675],[27.33946,49.90874],[27.35466,49.90933],[27.36334,49.90232],[27.36589,49.87688],[27.37352,49.86901],[27.38806,49.86784],[27.41291,49.87749]]]}},{"type":"Feature","properties":{"name":"Черкаський район","oblast":"Черкаська область","centroid":[31.8635,49.3418]},"geometry":{"type":"Polygon","coordinates":[[[32.34048,49.38349],[32.29314,49.39813],[32.19828,49.39182],[32.15477,49.41549],[32.15021,49.4443],[32.12955,49.46397],[32.09173,49.47686],[32.07495,49.47113],[32.03444,49.47544],[32.04466,49.48287],[31.98792,49.52615],[31.98485,49.51883],[31.96198,49.52218],[31.94027,49.55016],[31.87187,49.55141],[31.82283,49.57279],[31.78164,49.6051],[31.78703,49.61334],[31.77882,49.62632],[31.76175,49.63392],[31.70475,49.63167],[31.65207,49.64194],[31.6403,49.6515],[31.66255,49.66624],[31.68989,49.69684],[31.67672,49.70827],[31.68555,49.71131],[31.70041,49.75077],[31.69084,49.74741],[31.69294,49.75502],[31.68387,49.75833],[31.69823,49.7624],[31.71832,49.75723],[31.71996,49.77566],[31.69342,49.77572],[31.69278,49.79002],[31.70345,49.79161],[31.70785,49.84382],[31.72847,49.84676],[31.6688,49.85757],[31.61471,49.85694],[31.61723,49.8803],[31.6088,49.88958],[31.61426,49.89222],[31.61262,49.90617],[31.58087,49.90674],[31.58142,49.89886],[31.56841,49.89549],[31.55661,49.87478],[31.54599,49.87284],[31.54263,49.87824],[31.51594,49.86982],[31.51836,49.86226],[31.51021,49.85419],[31.51447,49.84726],[31.50236,49.84333],[31.49662,49.85988],[31.4767,49.86003],[31.47018,49.87361],[31.4455,49.87677],[31.43408,49.89181],[31.42447,49.91727],[31.42495,49.93603],[31.44463,49.9757],[31.42207,49.98965],[31.38297,49.99285],[31.33068,49.98932],[31.29619,49.98117],[31.2879,49.97226],[31.30531,49.97256],[31.28876,49.95238],[31.31244,49.96355],[31.34752,49.94913],[31.33407,49.9441],[31.33427,49.93591],[31.35396,49.92931],[31.38016,49.90726],[31.3744,49.89846],[31.31042,49.89187],[31.26069,49.85804],[31.24713,49.86803],[31.20787,49.85224],[31.22104,49.83234],[31.18978,49.79027],[31.21651,49.77679],[31.20492,49.75719],[31.21686,49.73902],[31.20992,49.73752],[31.22201,49.73315],[31.21181,49.72997],[31.19638,49.70158],[31.21728,49.69468],[31.21146,49.68628],[31.20143,49.69109],[31.19585,49.68398],[31.20211,49.6752],[31.13563,49.60372],[31.12875,49.58388],[31.1527,49.58061],[31.13973,49.57204],[31.14975,49.5688],[31.15384,49.55541],[31.14298,49.55769],[31.13986,49.55244],[31.1211,49.56132],[31.10906,49.55715],[31.10828,49.54889],[31.09743,49.54292],[31.10494,49.53166],[31.09286,49.51605],[31.09394,49.50459],[31.09951,49.50473],[31.09263,49.50191],[31.09522,49.49751],[31.06266,49.48158],[31.08861,49.48625],[31.11269,49.47394],[31.10932,49.46793],[31.12234,49.46011],[31.1204,49.44855],[31.14283,49.44459],[31.12946,49.42905],[31.13419,49.42465],[31.14708,49.42783],[31.18083,49.41288],[31.21593,49.41783],[31.22402,49.41275],[31.21734,49.39528],[31.2041,49.3921],[31.20448,49.39953],[31.19234,49.39561],[31.24193,49.3955],[31.25074,49.38935],[31.24482,49.38878],[31.24694,49.38512],[31.26491,49.38942],[31.26721,49.40017],[31.28589,49.39382],[31.28872,49.39808],[31.27692,49.40065],[31.27458,49.40768],[31.28442,49.41257],[31.30295,49.41431],[31.31102,49.40539],[31.33093,49.41533],[31.32627,49.43354],[31.36113,49.4334],[31.37019,49.44233],[31.36413,49.43298],[31.33214,49.42509],[31.40265,49.40997],[31.4166,49.39755],[31.42311,49.35446],[31.40488,49.33477],[31.3823,49.3279],[31.35327,49.34128],[31.33413,49.36027],[31.31166,49.35944],[31.30435,49.33268],[31.28121,49.32693],[31.291,49.31454],[31.28177,49.29748],[31.2897,49.2871],[31.28246,49.27741],[31.28332,49.26174],[31.30169,49.26257],[31.30668,49.24169],[31.32581,49.23695],[31.35861,49.21597],[31.39348,49.21011],[31.39328,49.20168],[31.45662,49.19379],[31.46205,49.19768],[31.45914,49.19337],[31.47233,49.1869],[31.46603,49.18136],[31.48257,49.16197],[31.49509,49.15359],[31.50127,49.15718],[31.51087,49.14119],[31.53724,49.14123],[31.52995,49.12559],[31.56346,49.1225],[31.61012,49.10065],[31.62066,49.10174],[31.61731,49.06673],[31.63339,49.00811],[31.62588,49.00724],[31.62432,48.97194],[31.66234,48.96108],[31.67772,48.94632],[31.6967,48.96397],[31.68991,48.97065],[31.6932,48.97604],[31.71472,48.97837],[31.71418,48.98529],[31.72563,48.98637],[31.7179,48.96907],[31.72962,48.95452],[31.74507,48.96229],[31.77075,48.93529],[31.79588,48.93931],[31.80529,48.94964],[31.82189,48.93666],[31.8393,48.93556],[31.91823,48.90626],[31.91218,48.88702],[31.92127,48.88012],[31.95438,48.91039],[31.96149,48.90611],[31.99796,48.91618],[32.00665,48.91315],[32.02654,48.93084],[32.04899,48.91636],[32.09331,48.9189],[32.09505,48.91263],[32.08634,48.90487],[32.09684,48.90845],[32.10542,48.90251],[32.10639,48.91127],[32.14602,48.91228],[32.15167,48.91659],[32.15359,48.94468],[32.1311,48.95131],[32.13467,48.9662],[32.17775,48.97271],[32.17897,48.98989],[32.18757,48.99578],[32.2181,48.98683],[32.23371,49.05947],[32.26219,49.05892],[32.25998,49.0782],[32.28316,49.07901],[32.28261,49.08455],[32.29724,49.0796],[32.29826,49.07339],[32.31302,49.07469],[32.31488,49.0812],[32.34858,49.0793],[32.35345,49.06953],[32.36544,49.07193],[32.37575,49.05009],[32.36942,49.04675],[32.37085,49.03855],[32.39705,49.02622],[32.41729,49.02792],[32.44283,49.0526],[32.45243,49.03863],[32.47572,49.03353],[32.46549,49.03172],[32.47119,49.00968],[32.47594,49.00557],[32.49784,49.01239],[32.50188,48.98804],[32.51567,48.97522],[32.50953,48.96021],[32.52165,48.94945],[32.52155,48.93889],[32.55175,48.94185],[32.5406,48.95215],[32.54721,48.95855],[32.53905,48.96702],[32.57812,48.95899],[32.57683,48.95195],[32.58211,48.95081],[32.60781,48.9646],[32.61162,48.95361],[32.64004,48.95787],[32.65341,48.95332],[32.67984,48.95734],[32.67027,48.98049],[32.67583,48.98583],[32.69595,48.98297],[32.69805,48.97431],[32.72714,48.97721],[32.73333,48.96482],[32.79746,48.9711],[32.79491,48.9759],[32.84546,48.98069],[32.84355,48.99031],[32.87396,48.99239],[32.87221,49.00006],[32.84889,49.0027],[32.84536,49.01242],[32.82801,49.01073],[32.82652,49.01584],[32.83814,49.01603],[32.8427,49.02816],[32.83717,49.028],[32.82935,49.07477],[32.81447,49.07532],[32.84381,49.08794],[32.89618,49.09485],[32.89041,49.12656],[32.77719,49.14207],[32.76196,49.15091],[32.75727,49.16685],[32.76836,49.17109],[32.77495,49.18616],[32.80683,49.21204],[32.84063,49.227],[32.85912,49.24471],[32.8155,49.24883],[32.79878,49.23943],[32.76395,49.23286],[32.75643,49.24295],[32.71395,49.25735],[32.67917,49.25577],[32.65826,49.24745],[32.63423,49.26],[32.60798,49.25405],[32.5966,49.27591],[32.50523,49.3075],[32.46799,49.32793],[32.4401,49.31923],[32.41353,49.33478],[32.39949,49.33475],[32.34048,49.38349]]]}},{"type":"Feature","properties":{"name":"Хмельницький район","oblast":"Хмельницька область","centroid":[27.0011,49.4693]},"geometry":{"type":"Polygon","coordinates":[[[27.41291,49.87749],[27.41801,49.88974],[27.44682,49.90953],[27.47935,49.87624],[27.51968,49.88496],[27.52255,49.90993],[27.54944,49.9083],[27.54984,49.90053],[27.56372,49.90178],[27.56258,49.9094],[27.56979,49.90975],[27.59579,49.89017],[27.62537,49.8924],[27.61,49.87565],[27.6226,49.86034],[27.61781,49.85652],[27.62762,49.85045],[27.62266,49.8384],[27.65802,49.79673],[27.66304,49.79463],[27.66806,49.80782],[27.6919,49.80203],[27.69722,49.80902],[27.7165,49.80617],[27.72705,49.79955],[27.70366,49.769],[27.75205,49.75569],[27.78119,49.72838],[27.80622,49.72735],[27.81787,49.7342],[27.83711,49.7298],[27.8071,49.70949],[27.81172,49.70196],[27.7626,49.69725],[27.76602,49.66643],[27.81158,49.6445],[27.81229,49.61832],[27.80031,49.6216],[27.79228,49.60382],[27.77337,49.59678],[27.75833,49.5763],[27.79041,49.55698],[27.79361,49.55216],[27.78529,49.54499],[27.79414,49.53075],[27.77517,49.52031],[27.76336,49.53037],[27.74291,49.53163],[27.73499,49.49654],[27.79137,49.48885],[27.77704,49.47491],[27.76378,49.47853],[27.74538,49.45073],[27.75049,49.43987],[27.78197,49.44293],[27.79058,49.43465],[27.805,49.43931],[27.82742,49.42145],[27.84626,49.43122],[27.85148,49.42716],[27.835,49.40868],[27.83367,49.39116],[27.81197,49.38833],[27.81137,49.37902],[27.82868,49.37463],[27.82909,49.36775],[27.8115,49.36614],[27.81575,49.35554],[27.84178,49.3476],[27.85783,49.32853],[27.85174,49.31202],[27.86121,49.29853],[27.86245,49.27953],[27.85278,49.27465],[27.84928,49.26381],[27.87249,49.24581],[27.85601,49.23564],[27.86653,49.21322],[27.89355,49.21005],[27.89795,49.18604],[27.85488,49.17065],[27.84671,49.17841],[27.82237,49.17918],[27.81486,49.18946],[27.79105,49.1745],[27.79792,49.1815],[27.77604,49.18989],[27.78255,49.17302],[27.76381,49.16035],[27.75214,49.16056],[27.75814,49.15376],[27.74095,49.13867],[27.71973,49.1461],[27.69751,49.13868],[27.69427,49.14495],[27.68681,49.14172],[27.63982,49.16801],[27.63154,49.16172],[27.60059,49.16071],[27.59217,49.14086],[27.59776,49.13486],[27.57756,49.12159],[27.53601,49.13841],[27.53279,49.1254],[27.50762,49.13154],[27.49261,49.12127],[27.50542,49.11023],[27.47998,49.08814],[27.50297,49.06989],[27.4354,49.07019],[27.43868,49.06529],[27.42829,49.06482],[27.42718,49.05291],[27.41669,49.05466],[27.40601,49.02939],[27.3816,49.00748],[27.39798,48.99797],[27.39499,48.99165],[27.40156,48.98035],[27.41801,48.97162],[27.41117,48.96082],[27.41737,48.95428],[27.40296,48.9528],[27.3923,48.93817],[27.3944,48.92792],[27.36288,48.9252],[27.33618,48.9365],[27.31841,48.93529],[27.3131,48.92673],[27.28816,48.92205],[27.29112,48.9086],[27.23074,48.92662],[27.20278,48.92191],[27.18723,48.93027],[27.18234,48.94933],[27.11808,48.95155],[27.1263,48.94464],[27.11441,48.94949],[27.10495,48.95844],[27.11218,48.96766],[27.09846,48.99093],[27.05649,48.99118],[27.04327,48.98441],[27.03698,48.98653],[27.04,48.99473],[27.01867,48.99394],[27.01413,49.00913],[27.00348,49.01628],[26.98823,49.01026],[26.9406,49.03579],[26.93368,49.03638],[26.93144,49.01807],[26.9143,49.02115],[26.89251,49.03],[26.90099,49.0469],[26.85242,49.0649],[26.84756,49.07562],[26.82453,49.07563],[26.81321,49.06153],[26.80508,49.0652],[26.80242,49.05959],[26.78246,49.07116],[26.75721,49.07559],[26.73765,49.07631],[26.73481,49.06886],[26.67849,49.07481],[26.66802,49.06887],[26.6805,49.06374],[26.65503,49.04907],[26.67799,49.02825],[26.63267,48.9933],[26.60724,49.01476],[26.58762,49.01079],[26.59178,49.00489],[26.58514,49.00358],[26.60235,49.00046],[26.63066,48.98369],[26.61911,48.97874],[26.56518,48.9975],[26.54407,48.99623],[26.54724,49.01217],[26.55589,49.01138],[26.56082,49.02389],[26.5532,49.02433],[26.55635,49.03296],[26.54283,49.04272],[26.51035,49.04405],[26.44324,49.06739],[26.42027,49.11121],[26.44274,49.12708],[26.44381,49.13374],[26.4342,49.13971],[26.41292,49.14891],[26.37859,49.14215],[26.34838,49.15557],[26.35166,49.15936],[26.32624,49.17585],[26.31857,49.16561],[26.29727,49.17511],[26.28124,49.15071],[26.287,49.14428],[26.26485,49.15405],[26.26017,49.14881],[26.27386,49.13909],[26.25966,49.12994],[26.27109,49.11984],[26.26035,49.11515],[26.25264,49.12502],[26.25283,49.14028],[26.22462,49.16794],[26.21567,49.16493],[26.22085,49.16952],[26.2171,49.17312],[26.20919,49.16721],[26.18898,49.17297],[26.19606,49.18228],[26.18321,49.19593],[26.19616,49.21251],[26.19082,49.2204],[26.20201,49.22028],[26.19893,49.22748],[26.20735,49.23282],[26.20148,49.24328],[26.24341,49.24296],[26.24685,49.24867],[26.24187,49.25468],[26.25847,49.26381],[26.24148,49.27703],[26.25727,49.27671],[26.24894,49.28641],[26.25956,49.28969],[26.2461,49.30042],[26.24977,49.31209],[26.22609,49.32793],[26.22756,49.34982],[26.2438,49.3478],[26.24338,49.35422],[26.23204,49.35794],[26.24463,49.36962],[26.21943,49.37842],[26.22968,49.38311],[26.23556,49.40022],[26.22477,49.40323],[26.22936,49.40779],[26.21585,49.42081],[26.21039,49.41731],[26.19334,49.4301],[26.20017,49.43904],[26.18921,49.45414],[26.18818,49.48113],[26.14238,49.50982],[26.15749,49.52048],[26.15855,49.53186],[26.17565,49.54933],[26.19076,49.55677],[26.20205,49.55454],[26.2035,49.54626],[26.21911,49.55126],[26.20737,49.57686],[26.21446,49.59001],[26.19927,49.60866],[26.22547,49.6235],[26.23141,49.63665],[26.25326,49.63318],[26.26251,49.63754],[26.25987,49.65365],[26.27246,49.65698],[26.26877,49.6687],[26.24114,49.69379],[26.1909,49.71417],[26.21407,49.73531],[26.24356,49.7453],[26.2363,49.77138],[26.24076,49.7756],[26.2255,49.78008],[26.2296,49.7872],[26.21809,49.8092],[26.19518,49.82021],[26.18544,49.84609],[26.17825,49.84733],[26.20101,49.86631],[26.21339,49.8654],[26.21252,49.87137],[26.23092,49.87281],[26.23033,49.87694],[26.31871,49.88236],[26.31078,49.90031],[26.32584,49.90242],[26.3315,49.91881],[26.35267,49.91522],[26.35622,49.92996],[26.38678,49.92745],[26.38325,49.92126],[26.38851,49.91473],[26.42247,49.90493],[26.4265,49.89068],[26.43951,49.88577],[26.44719,49.88447],[26.45365,49.89567],[26.46194,49.8973],[26.46477,49.89173],[26.51003,49.88475],[26.52104,49.90339],[26.51224,49.91183],[26.48472,49.91436],[26.50046,49.93898],[26.52706,49.94378],[26.53812,49.93878],[26.54032,49.94446],[26.6018,49.93838],[26.6136,49.95632],[26.65942,49.9447],[26.6647,49.93719],[26.64558,49.93102],[26.66049,49.92867],[26.63654,49.8921],[26.69148,49.89394],[26.71115,49.9004],[26.71134,49.90913],[26.74929,49.90194],[26.77008,49.91777],[26.78803,49.91254],[26.80572,49.91658],[26.79561,49.90702],[26.85126,49.89621],[26.84858,49.88762],[26.894,49.88327],[26.91411,49.87085],[26.91565,49.89111],[26.92895,49.89373],[26.93438,49.90658],[26.94599,49.9019],[26.98271,49.90885],[26.96795,49.91745],[26.97508,49.92664],[27.01437,49.92575],[27.02037,49.93171],[27.04009,49.92408],[27.06766,49.93804],[27.06616,49.94325],[27.08758,49.94125],[27.09547,49.94938],[27.1089,49.94166],[27.10965,49.94732],[27.13404,49.94642],[27.13425,49.94042],[27.1215,49.94043],[27.12519,49.93126],[27.10652,49.91917],[27.15922,49.92092],[27.16269,49.92409],[27.1498,49.92446],[27.15289,49.93884],[27.21189,49.93304],[27.2053,49.92775],[27.20778,49.91874],[27.19094,49.90601],[27.21148,49.89559],[27.24167,49.89032],[27.24901,49.89463],[27.25377,49.88278],[27.28336,49.88945],[27.28334,49.89562],[27.29433,49.89322],[27.30302,49.90354],[27.31865,49.90576],[27.32782,49.9186],[27.33873,49.91675],[27.33946,49.90874],[27.35466,49.90933],[27.36334,49.90232],[27.36589,49.87688],[27.37352,49.86901],[27.38806,49.86784],[27.41291,49.87749]]]}},{"type":"Feature","properties":{"name":"Кам’янець-Подільський район","oblast":"Хмельницька область","centroid":[26.7514,48.8048]},"geometry":{"type":"Polygon","coordinates":[[[27.09846,48.99093],[27.05649,48.99118],[27.04327,48.98441],[27.03698,48.98653],[27.04,48.99473],[27.01867,48.99394],[27.01413,49.00913],[27.00348,49.01628],[26.98823,49.01026],[26.9406,49.03579],[26.93368,49.03638],[26.93144,49.01807],[26.9143,49.02115],[26.89251,49.03],[26.90099,49.0469],[26.85242,49.0649],[26.84756,49.07562],[26.82453,49.07563],[26.81321,49.06153],[26.80508,49.0652],[26.80242,49.05959],[26.78246,49.07116],[26.75721,49.07559],[26.73765,49.07631],[26.73481,49.06886],[26.6826,49.07538],[26.66802,49.06887],[26.6805,49.06374],[26.65503,49.04907],[26.67799,49.02825],[26.63267,48.9933],[26.60724,49.01476],[26.58762,49.01079],[26.59178,49.00489],[26.58514,49.00358],[26.60235,49.00046],[26.63066,48.98369],[26.61911,48.97874],[26.56518,48.9975],[26.54407,48.99623],[26.54724,49.01217],[26.55589,49.01138],[26.56082,49.02389],[26.5532,49.02433],[26.55635,49.03296],[26.54283,49.04272],[26.51035,49.04405],[26.44324,49.06739],[26.42027,49.11121],[26.44274,49.12708],[26.44381,49.13374],[26.4342,49.13971],[26.41292,49.14891],[26.37859,49.14215],[26.34838,49.15557],[26.35166,49.15936],[26.32624,49.17585],[26.31857,49.16561],[26.29727,49.17511],[26.28124,49.15071],[26.287,49.14428],[26.26485,49.15405],[26.26017,49.14881],[26.27386,49.13909],[26.25966,49.12994],[26.27109,49.11984],[26.26035,49.11515],[26.25264,49.12502],[26.25283,49.14028],[26.22462,49.16794],[26.21521,49.16516],[26.22085,49.16952],[26.21304,49.1726],[26.21015,49.16067],[26.18997,49.15837],[26.19908,49.14629],[26.19465,49.13636],[26.20569,49.1327],[26.19551,49.12924],[26.20475,49.10097],[26.19195,49.07766],[26.21561,49.07212],[26.18337,49.05635],[26.18865,49.04645],[26.20794,49.03576],[26.19775,49.02503],[26.2145,49.01267],[26.21562,49.00489],[26.21188,48.99984],[26.18606,49.00238],[26.17618,48.99574],[26.21195,48.98298],[26.19994,48.97456],[26.18483,48.97882],[26.17742,48.97373],[26.18107,48.96567],[26.20831,48.95508],[26.19401,48.93348],[26.19857,48.91843],[26.18391,48.91554],[26.19641,48.90358],[26.21258,48.91379],[26.22387,48.91014],[26.22368,48.90303],[26.20429,48.89648],[26.21443,48.88184],[26.20587,48.87528],[26.21149,48.86458],[26.19988,48.85899],[26.22168,48.84781],[26.21859,48.83586],[26.23265,48.82708],[26.2336,48.819],[26.25106,48.8226],[26.25856,48.81548],[26.24996,48.8083],[26.22557,48.81319],[26.23634,48.79493],[26.23342,48.79001],[26.21826,48.79326],[26.21634,48.80169],[26.20738,48.79744],[26.21474,48.78026],[26.23773,48.77591],[26.22998,48.76214],[26.24592,48.75576],[26.24086,48.74936],[26.22348,48.75219],[26.2445,48.7365],[26.23586,48.72744],[26.23952,48.71863],[26.22899,48.70891],[26.23782,48.697],[26.21956,48.68901],[26.22713,48.6826],[26.24538,48.68403],[26.24199,48.67578],[26.24788,48.66793],[26.27939,48.66822],[26.26696,48.65089],[26.27322,48.64721],[26.30747,48.65774],[26.30894,48.64979],[26.28791,48.64021],[26.29626,48.63539],[26.31726,48.63776],[26.32379,48.62969],[26.31447,48.62423],[26.29741,48.62823],[26.293,48.62305],[26.32661,48.61096],[26.32392,48.60003],[26.34127,48.59751],[26.34139,48.58663],[26.35984,48.58804],[26.35927,48.58074],[26.33648,48.56945],[26.3638,48.55955],[26.36692,48.55183],[26.36052,48.54171],[26.37731,48.54756],[26.37483,48.56199],[26.37962,48.56473],[26.4115,48.54113],[26.43127,48.54766],[26.44363,48.53848],[26.48768,48.54515],[26.55441,48.45825],[26.58615,48.45151],[26.61254,48.45318],[26.62481,48.46155],[26.60709,48.49886],[26.61627,48.50804],[26.6322,48.5068],[26.66876,48.48568],[26.69726,48.48591],[26.71268,48.49368],[26.7093,48.50555],[26.68107,48.52374],[26.67524,48.53861],[26.62353,48.53751],[26.61789,48.54434],[26.62265,48.55487],[26.63958,48.5616],[26.66147,48.56001],[26.70242,48.53524],[26.7271,48.53305],[26.74004,48.54008],[26.74311,48.55598],[26.7203,48.57872],[26.72155,48.58632],[26.72868,48.58726],[26.74755,48.58035],[26.76162,48.54915],[26.77985,48.54779],[26.79455,48.56749],[26.77885,48.59453],[26.80063,48.60918],[26.82379,48.60584],[26.82022,48.58172],[26.84096,48.55787],[26.8793,48.54247],[26.90295,48.55009],[26.92507,48.57702],[26.96673,48.57655],[26.98117,48.59105],[26.99706,48.57331],[27.08862,48.55729],[27.11642,48.56027],[27.14114,48.57649],[27.1704,48.5831],[27.22886,48.56711],[27.25138,48.56858],[27.26001,48.58281],[27.24435,48.61187],[27.25713,48.62263],[27.283,48.62101],[27.30519,48.60392],[27.31965,48.60164],[27.33809,48.60722],[27.35289,48.62864],[27.37166,48.62895],[27.3893,48.66253],[27.39007,48.68051],[27.39814,48.6886],[27.40756,48.68696],[27.40468,48.69445],[27.41426,48.70077],[27.39929,48.72686],[27.4169,48.73961],[27.39058,48.75655],[27.38956,48.76465],[27.40899,48.76762],[27.40345,48.77345],[27.42755,48.79727],[27.41101,48.81166],[27.41833,48.81953],[27.41306,48.83628],[27.41772,48.83744],[27.41296,48.84903],[27.4152,48.88167],[27.39345,48.90034],[27.39701,48.92554],[27.36288,48.9252],[27.33618,48.9365],[27.3187,48.93534],[27.3131,48.92673],[27.28816,48.92205],[27.29112,48.9086],[27.23074,48.92662],[27.21241,48.91959],[27.18723,48.93027],[27.18479,48.94866],[27.11808,48.95155],[27.1263,48.94464],[27.11441,48.94949],[27.10495,48.95844],[27.11218,48.96766],[27.09846,48.99093]]]}},{"type":"Feature","properties":{"name":"Луцький район","oblast":"Волинська область","centroid":[25.3407,50.8051]},"geometry":{"type":"Polygon","coordinates":[[[25.3859,50.69027],[25.37198,50.68536],[25.37919,50.6858],[25.3758,50.68201],[25.38738,50.6759],[25.38527,50.65477],[25.36325,50.65205],[25.35693,50.64513],[25.3535,50.64938],[25.35166,50.6415],[25.36311,50.64337],[25.36559,50.63676],[25.38639,50.62965],[25.38287,50.62467],[25.38771,50.61932],[25.40601,50.61144],[25.39114,50.60548],[25.34953,50.61019],[25.35017,50.61474],[25.32751,50.61204],[25.31219,50.62876],[25.29198,50.63062],[25.29247,50.6108],[25.29885,50.6096],[25.29841,50.59831],[25.30493,50.59799],[25.30036,50.57966],[25.31879,50.58355],[25.32149,50.56863],[25.31093,50.54631],[25.25632,50.53262],[25.23008,50.54107],[25.19189,50.54267],[25.19162,50.55126],[25.13689,50.54783],[25.12226,50.55377],[25.12267,50.52825],[25.14408,50.5212],[25.1602,50.50527],[25.15146,50.46642],[25.08413,50.47538],[25.13827,50.46093],[25.13793,50.45287],[25.14916,50.45218],[25.15359,50.44321],[25.13755,50.43747],[25.13952,50.42794],[25.15861,50.42889],[25.15806,50.42291],[25.16825,50.41713],[25.16978,50.39576],[25.19824,50.39316],[25.20997,50.38109],[25.19874,50.36314],[25.17916,50.36234],[25.16899,50.37972],[25.14111,50.36947],[25.15194,50.35197],[25.14591,50.3442],[25.16611,50.33099],[25.12959,50.31846],[25.13194,50.31054],[25.10899,50.31218],[25.10669,50.29988],[25.10042,50.30037],[25.11274,50.28725],[25.05422,50.30098],[25.05878,50.34234],[25.01687,50.34164],[24.9406,50.38926],[24.92936,50.37812],[24.93977,50.36384],[24.93683,50.34571],[24.88547,50.34447],[24.88719,50.35881],[24.86688,50.36109],[24.85942,50.34966],[24.78931,50.34591],[24.7787,50.33949],[24.71489,50.34286],[24.72196,50.37327],[24.70728,50.38373],[24.65132,50.4034],[24.65431,50.41013],[24.5967,50.41385],[24.59945,50.45619],[24.58123,50.45797],[24.59795,50.46651],[24.59743,50.47849],[24.58776,50.49339],[24.56726,50.48893],[24.55459,50.4941],[24.55802,50.51136],[24.54026,50.54087],[24.56383,50.53345],[24.57547,50.55463],[24.55225,50.55697],[24.55466,50.5638],[24.584,50.55828],[24.61613,50.56105],[24.64476,50.59177],[24.67575,50.58596],[24.73436,50.59119],[24.73722,50.57227],[24.74984,50.56901],[24.83108,50.57703],[24.82623,50.59932],[24.87756,50.63457],[24.858,50.63623],[24.8617,50.65456],[24.87464,50.65576],[24.87975,50.66415],[24.87512,50.6847],[24.86379,50.68679],[24.86884,50.70884],[24.87556,50.71523],[24.93589,50.7042],[24.9419,50.75609],[24.93156,50.77677],[24.92181,50.77744],[24.91782,50.80097],[24.90462,50.80432],[24.8996,50.81962],[24.90377,50.83493],[24.86637,50.85434],[24.82847,50.85769],[24.82785,50.88601],[24.81836,50.88618],[24.8264,50.89398],[24.83299,50.92357],[24.82762,50.94108],[24.87083,50.94006],[24.89138,50.93178],[24.88504,50.95385],[24.86557,50.96752],[24.83982,50.96805],[24.84015,50.97875],[24.82777,51.00056],[24.904,51.00012],[24.91267,51.00885],[24.94779,51.0188],[24.99436,51.02179],[25.00264,51.01752],[25.07767,51.03253],[25.12136,51.02874],[25.13867,51.03194],[25.14065,51.04323],[25.17614,51.048],[25.18389,51.04795],[25.19027,51.03874],[25.21522,51.06414],[25.24916,51.07983],[25.24309,51.09716],[25.25562,51.12127],[25.29257,51.119],[25.2948,51.12855],[25.32026,51.12712],[25.3176,51.12088],[25.33293,51.11158],[25.35614,51.11397],[25.42897,51.13166],[25.4572,51.15817],[25.48423,51.15896],[25.48458,51.14962],[25.49861,51.15222],[25.50498,51.14742],[25.54096,51.15836],[25.5682,51.15408],[25.58046,51.15982],[25.64056,51.15935],[25.64588,51.15042],[25.65827,51.15916],[25.78047,51.14026],[25.78859,51.1482],[25.77712,51.1519],[25.78212,51.16965],[25.76995,51.17815],[25.78043,51.19053],[25.83483,51.19643],[25.87548,51.20694],[25.88916,51.21753],[25.92708,51.21906],[25.94835,51.23217],[25.99585,51.2277],[26.06778,51.17692],[26.05813,51.17237],[26.07084,51.15556],[26.05877,51.14258],[26.00571,51.12486],[25.95946,51.12573],[25.9378,51.11464],[25.94999,51.10305],[25.9467,51.08676],[25.94098,51.0845],[25.98211,51.07758],[26.01694,51.08338],[26.09114,51.05073],[26.10726,51.00521],[26.08563,51.00274],[26.07885,50.98994],[26.08475,50.97331],[25.96682,50.95694],[26.00071,50.93522],[25.99161,50.86581],[26.00131,50.86204],[26.01234,50.86633],[26.03796,50.85084],[26.03958,50.84177],[26.02956,50.84032],[26.02196,50.82091],[25.9026,50.83191],[25.90043,50.81372],[25.8905,50.79918],[25.88696,50.76443],[25.87179,50.73844],[25.87857,50.70856],[25.86932,50.68734],[25.82349,50.64662],[25.84445,50.63104],[25.82929,50.61974],[25.79272,50.66655],[25.77275,50.67622],[25.74255,50.6697],[25.70883,50.6714],[25.70759,50.67917],[25.72214,50.68353],[25.69464,50.70386],[25.69426,50.72483],[25.6274,50.71415],[25.59738,50.71666],[25.60168,50.69629],[25.57891,50.70011],[25.47536,50.67242],[25.4697,50.68005],[25.45986,50.67518],[25.45987,50.66215],[25.40459,50.66897],[25.3859,50.69027]],[[24.58811,50.4937],[24.5959,50.49769],[24.5867,50.49991],[24.58811,50.4937]]]}},{"type":"Feature","properties":{"name":"Камінь-Каширський район","oblast":"Волинська область","centroid":[25.2887,51.5642]},"geometry":{"type":"Polygon","coordinates":[[[25.86955,51.20633],[25.88916,51.21753],[25.92708,51.21906],[25.9473,51.22746],[25.94767,51.24886],[25.93123,51.26324],[25.93737,51.26382],[25.93057,51.26979],[25.93806,51.27789],[25.922,51.28016],[25.91555,51.28882],[25.89306,51.29131],[25.89872,51.30047],[25.88854,51.29528],[25.88803,51.30529],[25.87325,51.30932],[25.8762,51.31476],[25.84742,51.32013],[25.82974,51.33379],[25.82921,51.34309],[25.82116,51.34567],[25.83549,51.36233],[25.8243,51.36599],[25.84427,51.37566],[25.83107,51.38709],[25.80723,51.37461],[25.75527,51.38112],[25.75967,51.40035],[25.72489,51.4001],[25.71722,51.38901],[25.72475,51.38058],[25.69496,51.37567],[25.69141,51.3834],[25.70384,51.38398],[25.69941,51.39465],[25.68994,51.39309],[25.68742,51.40545],[25.67162,51.41673],[25.6465,51.41685],[25.63617,51.43918],[25.64243,51.44486],[25.6415,51.47883],[25.61805,51.47725],[25.62393,51.49516],[25.6021,51.49319],[25.61023,51.50708],[25.55541,51.50072],[25.54998,51.51941],[25.5953,51.52466],[25.56523,51.5398],[25.57422,51.55508],[25.59598,51.56232],[25.59105,51.57009],[25.59866,51.58097],[25.5858,51.59209],[25.57899,51.60889],[25.56404,51.60294],[25.55534,51.62437],[25.53193,51.61398],[25.52992,51.63111],[25.56777,51.63272],[25.56679,51.62638],[25.57762,51.62465],[25.58873,51.64448],[25.60868,51.64111],[25.62692,51.66552],[25.62571,51.6719],[25.64109,51.68175],[25.63634,51.68869],[25.6493,51.69402],[25.64824,51.70816],[25.66569,51.71994],[25.66161,51.73035],[25.68292,51.75587],[25.66953,51.7732],[25.66071,51.7651],[25.64971,51.76675],[25.65937,51.78363],[25.63165,51.8041],[25.63663,51.81421],[25.65016,51.81885],[25.64902,51.82905],[25.63895,51.83687],[25.64013,51.84923],[25.66736,51.87393],[25.70865,51.89468],[25.62822,51.90349],[25.59454,51.91506],[25.59284,51.92453],[25.52726,51.94046],[25.50881,51.92194],[25.48789,51.9302],[25.48601,51.92256],[25.46509,51.91904],[25.40997,51.92173],[25.37114,51.92802],[25.36599,51.93401],[25.34346,51.93272],[25.26358,51.96853],[25.22668,51.96076],[25.19138,51.96927],[25.14165,51.95342],[25.10018,51.9535],[25.02036,51.91887],[24.99465,51.91508],[24.96471,51.89789],[24.93401,51.89157],[24.93557,51.88102],[24.91268,51.879],[24.90851,51.87327],[24.93712,51.86903],[24.93219,51.84636],[24.94747,51.84235],[24.92631,51.83595],[24.89092,51.8108],[24.84492,51.82619],[24.8366,51.8057],[24.81556,51.78707],[24.81594,51.7752],[24.80432,51.7718],[24.7904,51.77849],[24.72263,51.75691],[24.73141,51.74682],[24.72153,51.71564],[24.71223,51.70848],[24.70063,51.72688],[24.68186,51.7303],[24.67181,51.72382],[24.69882,51.70878],[24.68601,51.70069],[24.69315,51.69769],[24.68938,51.6934],[24.69996,51.66666],[24.68443,51.64887],[24.66741,51.64097],[24.68897,51.63972],[24.67433,51.63272],[24.68084,51.62211],[24.67652,51.61549],[24.64616,51.61876],[24.639,51.61459],[24.64,51.60839],[24.67088,51.60293],[24.76783,51.60823],[24.77745,51.58175],[24.77302,51.5803],[24.77278,51.5532],[24.78505,51.5324],[24.76606,51.51672],[24.75791,51.48909],[24.75201,51.48712],[24.76487,51.46108],[24.7551,51.45129],[24.78477,51.43544],[24.82699,51.43293],[24.83442,51.42505],[24.82982,51.4172],[24.83356,51.4127],[24.88059,51.40352],[24.89874,51.37867],[24.95662,51.37485],[24.95161,51.36472],[24.92872,51.35261],[24.9665,51.35056],[25.0079,51.36282],[25.05182,51.36212],[25.05225,51.37053],[25.11033,51.37349],[25.10976,51.38056],[25.19392,51.37986],[25.17843,51.3595],[25.17348,51.32649],[25.20032,51.28628],[25.25611,51.28525],[25.27959,51.24639],[25.29255,51.25502],[25.32696,51.25018],[25.33757,51.21749],[25.28565,51.21777],[25.26628,51.2104],[25.28202,51.21156],[25.29198,51.19804],[25.31008,51.19811],[25.30408,51.19524],[25.30613,51.1843],[25.33568,51.17912],[25.32826,51.17077],[25.33094,51.16627],[25.34359,51.16914],[25.34416,51.16363],[25.37729,51.15805],[25.36368,51.15261],[25.41076,51.12889],[25.42897,51.13166],[25.4572,51.15817],[25.48423,51.15896],[25.48458,51.14962],[25.49861,51.15222],[25.50498,51.14742],[25.54096,51.15836],[25.5682,51.15408],[25.58046,51.15982],[25.64056,51.15935],[25.64588,51.15042],[25.65827,51.15916],[25.77986,51.14015],[25.78859,51.1482],[25.77712,51.1519],[25.78212,51.16965],[25.76995,51.17846],[25.78043,51.19053],[25.86955,51.20633]],[[25.34037,51.20154],[25.33458,51.19986],[25.34446,51.1859],[25.35542,51.18387],[25.35041,51.17819],[25.35723,51.18002],[25.36504,51.17091],[25.37765,51.17561],[25.36212,51.18359],[25.35807,51.19066],[25.36261,51.19606],[25.35404,51.19357],[25.34037,51.20154]],[[25.43214,51.14877],[25.44165,51.1577],[25.43213,51.162],[25.41508,51.15137],[25.43214,51.14877]]]}},{"type":"Feature","properties":{"name":"Володимирський район","oblast":"Волинська область","centroid":[24.4184,50.7878]},"geometry":{"type":"Polygon","coordinates":[[[24.73876,50.57711],[24.73722,50.57227],[24.74423,50.56973],[24.7694,50.56886],[24.83108,50.57703],[24.82623,50.59932],[24.87756,50.63457],[24.858,50.63623],[24.8617,50.65456],[24.87464,50.65576],[24.87975,50.66415],[24.87512,50.6847],[24.86379,50.68679],[24.86884,50.70884],[24.87556,50.71523],[24.93589,50.7042],[24.93957,50.7147],[24.9419,50.75609],[24.93156,50.77677],[24.92181,50.77744],[24.91782,50.80097],[24.90462,50.80432],[24.8996,50.81962],[24.90377,50.83493],[24.86637,50.85434],[24.82847,50.85769],[24.82785,50.88601],[24.79937,50.8822],[24.74133,50.90006],[24.73244,50.88217],[24.71078,50.88014],[24.71312,50.87003],[24.66942,50.86189],[24.63621,50.87881],[24.60178,50.88751],[24.60527,50.8924],[24.56522,50.90101],[24.55865,50.91096],[24.54424,50.90603],[24.49006,50.93301],[24.48433,50.92816],[24.42675,50.94095],[24.41929,50.94529],[24.4292,50.95744],[24.35046,50.97718],[24.36414,50.98671],[24.37732,50.98609],[24.37434,51.01365],[24.36654,51.01347],[24.36821,51.02495],[24.36368,51.0256],[24.36971,51.04602],[24.31225,51.03884],[24.31537,51.05059],[24.28479,51.05297],[24.29331,51.0892],[24.26804,51.08919],[24.26637,51.09582],[24.20412,51.09255],[24.16537,51.07579],[24.16059,51.07136],[24.1684,51.06369],[24.15525,51.05789],[24.15578,51.05269],[24.14017,51.04825],[24.12514,51.0519],[24.09999,51.00965],[24.04219,51.01452],[24.00565,51.02472],[23.98117,51.02134],[23.9553,51.04338],[23.93031,51.0408],[23.91627,51.02965],[23.92729,51.02002],[23.92307,51.01664],[23.93566,51.0147],[23.91565,51.01237],[23.91528,51.00674],[23.93861,51.00296],[23.95675,50.99076],[23.96702,50.97833],[23.96989,50.95096],[23.99083,50.94301],[23.99734,50.92832],[24.0472,50.90081],[24.05235,50.89141],[24.0865,50.88907],[24.11641,50.8699],[24.14574,50.86901],[24.14328,50.85821],[24.13206,50.849],[24.10016,50.83595],[24.04434,50.83343],[24.0399,50.83649],[24.04738,50.83808],[24.03244,50.83577],[24.02013,50.84167],[23.98962,50.83744],[23.98325,50.82657],[23.97544,50.826],[23.9745,50.81709],[23.96352,50.81438],[23.9689,50.81167],[23.95745,50.79453],[23.97816,50.76843],[24.01134,50.7721],[24.02371,50.76647],[24.02492,50.75876],[24.01454,50.76226],[24.01239,50.75705],[24.01779,50.75673],[24.01115,50.75448],[24.02366,50.75086],[24.01537,50.74735],[24.02314,50.7455],[24.01615,50.73724],[24.02061,50.73775],[24.01669,50.72296],[24.02375,50.72514],[24.04418,50.71519],[24.0722,50.72034],[24.07524,50.7108],[24.06711,50.70737],[24.07241,50.699],[24.06505,50.68651],[24.06951,50.68386],[24.06339,50.68498],[24.06229,50.67786],[24.08207,50.67484],[24.08543,50.66138],[24.09106,50.66373],[24.08569,50.65525],[24.08913,50.65067],[24.08005,50.64511],[24.08783,50.64469],[24.08839,50.63515],[24.11053,50.63646],[24.12202,50.64368],[24.11778,50.64785],[24.14438,50.64282],[24.15488,50.64666],[24.15334,50.64261],[24.17221,50.63411],[24.16321,50.63169],[24.17577,50.62362],[24.17345,50.61646],[24.18446,50.61943],[24.2022,50.61321],[24.19958,50.60798],[24.20956,50.60213],[24.21111,50.5922],[24.22491,50.59296],[24.22101,50.58946],[24.23086,50.58352],[24.31224,50.57185],[24.32649,50.59286],[24.32342,50.59986],[24.36125,50.59688],[24.38072,50.60915],[24.41334,50.5867],[24.39871,50.57411],[24.40644,50.56024],[24.45027,50.53916],[24.46693,50.54086],[24.48904,50.55646],[24.51356,50.55594],[24.53062,50.55157],[24.55215,50.53403],[24.56383,50.53345],[24.57547,50.55463],[24.55225,50.55697],[24.55466,50.5638],[24.584,50.55828],[24.61613,50.56105],[24.64476,50.59177],[24.67575,50.58596],[24.73436,50.59119],[24.73876,50.57711]]]}},{"type":"Feature","properties":{"name":"Ковельський район","oblast":"Волинська область","centroid":[24.4436,51.3556]},"geometry":{"type":"MultiPolygon","coordinates":[[[[25.30614,51.12733],[25.32026,51.12712],[25.3176,51.12088],[25.33293,51.11158],[25.39569,51.1228],[25.41214,51.13229],[25.36368,51.15261],[25.37729,51.15805],[25.34416,51.16363],[25.34359,51.16914],[25.33263,51.16515],[25.32826,51.17077],[25.33568,51.17912],[25.30613,51.1843],[25.30408,51.19524],[25.31008,51.19811],[25.29198,51.19804],[25.28202,51.21156],[25.26628,51.2104],[25.28565,51.21777],[25.33757,51.21749],[25.32696,51.25018],[25.29255,51.25502],[25.27959,51.24639],[25.25611,51.28525],[25.20032,51.28628],[25.17348,51.32649],[25.17843,51.3595],[25.19392,51.37986],[25.10976,51.38056],[25.11033,51.37349],[25.05225,51.37053],[25.05182,51.36212],[25.0079,51.36282],[24.9665,51.35056],[24.92872,51.35261],[24.95161,51.36472],[24.95662,51.37485],[24.89874,51.37867],[24.88059,51.40352],[24.83356,51.4127],[24.82982,51.4172],[24.83442,51.42505],[24.82699,51.43293],[24.78477,51.43544],[24.7551,51.45129],[24.76487,51.46108],[24.75201,51.48712],[24.75791,51.48909],[24.76606,51.51672],[24.78505,51.5324],[24.77278,51.5532],[24.77302,51.5803],[24.77745,51.58175],[24.76783,51.60823],[24.67088,51.60293],[24.64,51.60839],[24.639,51.61459],[24.64616,51.61876],[24.67652,51.61549],[24.68084,51.62211],[24.67433,51.63272],[24.68897,51.63972],[24.66741,51.64097],[24.68443,51.64887],[24.69996,51.66666],[24.68938,51.6934],[24.69315,51.69769],[24.68601,51.70069],[24.69882,51.70878],[24.67181,51.72382],[24.68186,51.7303],[24.70063,51.72688],[24.71223,51.70848],[24.72153,51.71564],[24.73141,51.74682],[24.72263,51.75691],[24.7904,51.77849],[24.80432,51.7718],[24.81594,51.7752],[24.81556,51.78707],[24.8366,51.8057],[24.84492,51.82619],[24.89092,51.8108],[24.92631,51.83595],[24.94747,51.84235],[24.93219,51.84636],[24.93712,51.86903],[24.90851,51.87327],[24.91268,51.879],[24.93557,51.88102],[24.93395,51.89182],[24.91453,51.91687],[24.8431,51.89601],[24.83479,51.91318],[24.8102,51.91185],[24.79283,51.89657],[24.74969,51.88106],[24.71406,51.89645],[24.67184,51.89265],[24.6629,51.89956],[24.62523,51.90273],[24.56756,51.88961],[24.37256,51.87853],[24.33981,51.86418],[24.33426,51.85612],[24.33791,51.84568],[24.29908,51.8141],[24.29492,51.80426],[24.31969,51.75112],[24.26844,51.71621],[24.12039,51.66652],[24.07613,51.61954],[24.02997,51.60292],[23.99651,51.58009],[23.92804,51.59775],[23.88244,51.59224],[23.87718,51.59809],[23.88029,51.6084],[23.91277,51.63145],[23.86705,51.64279],[23.78849,51.64048],[23.78987,51.6615],[23.78271,51.66752],[23.70308,51.6485],[23.67841,51.65306],[23.66655,51.64144],[23.64477,51.6393],[23.60589,51.62084],[23.62535,51.60789],[23.63085,51.5922],[23.66102,51.58414],[23.66043,51.56878],[23.64774,51.56634],[23.6363,51.54887],[23.66656,51.52433],[23.67689,51.50663],[23.66885,51.49892],[23.64811,51.50645],[23.62588,51.50341],[23.61783,51.50818],[23.61647,51.50309],[23.63824,51.48559],[23.65901,51.49067],[23.66982,51.48303],[23.67631,51.471],[23.64671,51.4591],[23.64944,51.44626],[23.67592,51.44121],[23.68463,51.44523],[23.68126,51.43739],[23.68574,51.4338],[23.67699,51.42967],[23.68873,51.41912],[23.70293,51.41955],[23.69278,51.41452],[23.70216,51.4116],[23.69633,51.40788],[23.70275,51.40355],[23.6769,51.39405],[23.68916,51.3882],[23.67862,51.38383],[23.68658,51.36862],[23.66532,51.36682],[23.6692,51.36089],[23.65669,51.35909],[23.65587,51.34483],[23.64981,51.34397],[23.65653,51.33941],[23.64749,51.33979],[23.63577,51.32852],[23.64218,51.32639],[23.63557,51.31936],[23.64387,51.31338],[23.64097,51.30675],[23.65234,51.29959],[23.64596,51.29182],[23.65676,51.28702],[23.67784,51.29247],[23.68846,51.28636],[23.69501,51.29164],[23.6973,51.2832],[23.7091,51.27784],[23.70551,51.27476],[23.72663,51.26135],[23.72415,51.24653],[23.73129,51.23866],[23.72652,51.23646],[23.74297,51.22443],[23.73594,51.21965],[23.73919,51.21197],[23.7566,51.21234],[23.76049,51.20286],[23.78321,51.19867],[23.7848,51.18969],[23.80773,51.1853],[23.81422,51.17071],[23.82654,51.16698],[23.82154,51.1664],[23.82423,51.16175],[23.83816,51.15944],[23.843,51.1643],[23.84995,51.15521],[23.86051,51.15785],[23.86913,51.15046],[23.86984,51.12989],[23.85421,51.13079],[23.84961,51.12397],[23.8623,51.11284],[23.85695,51.1105],[23.86257,51.10795],[23.85686,51.09995],[23.87142,51.09488],[23.87593,51.07707],[23.88501,51.08218],[23.89235,51.07449],[23.90843,51.07757],[23.9137,51.04681],[23.91991,51.04697],[23.91302,51.04176],[23.92104,51.03671],[23.9553,51.04338],[23.98117,51.02134],[24.00565,51.02472],[24.04219,51.01452],[24.09999,51.00965],[24.12514,51.0519],[24.14017,51.04825],[24.15578,51.05269],[24.15525,51.05789],[24.1684,51.06369],[24.16059,51.07136],[24.16537,51.07579],[24.20412,51.09255],[24.26637,51.09582],[24.26804,51.08919],[24.29331,51.0892],[24.28479,51.05297],[24.31537,51.05059],[24.31225,51.03884],[24.36971,51.04602],[24.36368,51.0256],[24.36821,51.02495],[24.36654,51.01347],[24.37434,51.01365],[24.37732,50.98609],[24.36414,50.98671],[24.35131,50.97621],[24.4292,50.95744],[24.41929,50.94529],[24.42675,50.94095],[24.48433,50.92816],[24.49006,50.93301],[24.54424,50.90603],[24.55865,50.91096],[24.56522,50.90101],[24.60527,50.8924],[24.60178,50.88751],[24.63621,50.87881],[24.66942,50.86189],[24.71312,50.87003],[24.71078,50.88014],[24.73244,50.88217],[24.74133,50.90006],[24.79937,50.8822],[24.81836,50.88618],[24.8264,50.89398],[24.83299,50.92357],[24.82762,50.94108],[24.87083,50.94006],[24.88887,50.9288],[24.8908,50.94726],[24.86557,50.96752],[24.83982,50.96805],[24.84015,50.97875],[24.82777,51.00056],[24.904,51.00012],[24.91267,51.00885],[24.94779,51.0188],[24.99436,51.02179],[25.00264,51.01752],[25.07767,51.03253],[25.12136,51.02874],[25.13867,51.03194],[25.14065,51.04323],[25.17614,51.048],[25.18389,51.04795],[25.19027,51.03874],[25.21522,51.06414],[25.24916,51.07983],[25.24309,51.09716],[25.25562,51.12127],[25.29257,51.119],[25.2948,51.12855],[25.30614,51.12733]]],[[[25.34037,51.20154],[25.33458,51.19986],[25.34446,51.1859],[25.35542,51.18387],[25.35041,51.17819],[25.35723,51.18002],[25.36504,51.17091],[25.37765,51.17561],[25.36212,51.18359],[25.35807,51.19066],[25.36261,51.19606],[25.35404,51.19357],[25.34037,51.20154]]],[[[25.43214,51.14877],[25.44165,51.1577],[25.43213,51.162],[25.41508,51.15137],[25.43214,51.14877]]]]}},{"type":"Feature","properties":{"name":"Шептицький район","oblast":"Львівська область","centroid":[24.3769,50.3332]},"geometry":{"type":"MultiPolygon","coordinates":[[[[25.04152,50.25469],[25.05207,50.25715],[25.03408,50.27105],[25.03243,50.28095],[25.04306,50.28269],[25.04679,50.29189],[25.05761,50.29679],[25.05235,50.30599],[25.06015,50.32665],[25.05419,50.33558],[25.05878,50.34234],[25.01687,50.34164],[24.9406,50.38926],[24.92936,50.37812],[24.93977,50.36384],[24.93683,50.34571],[24.88547,50.34447],[24.88719,50.35881],[24.86688,50.36109],[24.85942,50.34966],[24.78931,50.34591],[24.7787,50.33949],[24.71489,50.34286],[24.72196,50.37327],[24.70728,50.38373],[24.65132,50.4034],[24.65431,50.41013],[24.5967,50.41385],[24.59945,50.45619],[24.58123,50.45797],[24.59795,50.46651],[24.59743,50.47849],[24.58776,50.49339],[24.56726,50.48893],[24.55459,50.4941],[24.55802,50.51136],[24.54735,50.53426],[24.53062,50.55157],[24.48904,50.55646],[24.46693,50.54086],[24.45027,50.53916],[24.40644,50.56024],[24.39871,50.57411],[24.41334,50.5867],[24.38072,50.60915],[24.36125,50.59688],[24.32342,50.59986],[24.32649,50.59286],[24.31224,50.57185],[24.23086,50.58352],[24.22101,50.58946],[24.22491,50.59296],[24.21111,50.5922],[24.20103,50.61412],[24.17345,50.61646],[24.17577,50.62362],[24.16321,50.63169],[24.17221,50.63411],[24.15334,50.64261],[24.15488,50.64666],[24.13776,50.64304],[24.12607,50.64896],[24.11711,50.64747],[24.12202,50.64368],[24.10651,50.63476],[24.09819,50.63744],[24.09204,50.62337],[24.09865,50.59953],[24.07011,50.50339],[24.03453,50.44483],[24.00583,50.43538],[23.99754,50.41214],[23.80336,50.40476],[23.72703,50.388],[23.70311,50.37529],[23.68633,50.33164],[23.67701,50.32946],[23.67371,50.31969],[23.68556,50.29999],[23.74966,50.29864],[23.75118,50.30408],[23.79687,50.30011],[23.80755,50.28841],[23.80506,50.27811],[23.81682,50.27321],[23.81396,50.26853],[23.8441,50.2563],[23.88489,50.25524],[23.91306,50.22029],[23.97346,50.22027],[23.96495,50.2093],[23.97264,50.20266],[24.09151,50.2033],[24.09052,50.19277],[24.09692,50.186],[24.08875,50.17744],[24.09093,50.16777],[24.07149,50.16619],[24.10818,50.1425],[24.10471,50.11579],[24.10959,50.11486],[24.13453,50.11466],[24.13173,50.13222],[24.14857,50.15976],[24.17024,50.15347],[24.20343,50.13048],[24.21541,50.16254],[24.23053,50.16725],[24.24136,50.17942],[24.24367,50.19682],[24.30596,50.19454],[24.31323,50.19882],[24.31719,50.18808],[24.33576,50.18395],[24.3293,50.17703],[24.34818,50.17538],[24.33793,50.15943],[24.37203,50.1616],[24.36745,50.17076],[24.38866,50.17554],[24.45646,50.15937],[24.42719,50.13798],[24.43694,50.13318],[24.45173,50.14052],[24.52647,50.13341],[24.5287,50.11737],[24.58129,50.11371],[24.60878,50.1158],[24.61035,50.12156],[24.62917,50.1193],[24.63474,50.13442],[24.66604,50.13107],[24.67255,50.14615],[24.70601,50.13724],[24.74338,50.14101],[24.75661,50.13569],[24.74421,50.12999],[24.74621,50.12045],[24.76274,50.12268],[24.77649,50.117],[24.79403,50.12529],[24.79483,50.11517],[24.83897,50.10908],[24.8611,50.09882],[24.86906,50.10648],[24.85918,50.11252],[24.86995,50.10937],[24.86804,50.12581],[24.88226,50.15008],[24.87373,50.15782],[24.86131,50.15437],[24.86787,50.15686],[24.85857,50.16198],[24.83057,50.16173],[24.83584,50.17907],[24.85334,50.17965],[24.85529,50.17429],[24.84914,50.17427],[24.85791,50.17099],[24.87332,50.17769],[24.869,50.18442],[24.91174,50.17854],[24.97611,50.19771],[24.99357,50.19667],[25.03134,50.22815],[25.04152,50.25469]]],[[[24.58811,50.4937],[24.5959,50.49769],[24.5867,50.49991],[24.58811,50.4937]]]]}},{"type":"Feature","properties":{"name":"Золочівський район","oblast":"Львівська область","centroid":[24.9109,49.9519]},"geometry":{"type":"Polygon","coordinates":[[[25.12642,50.28227],[25.05553,50.30056],[25.04306,50.28269],[25.03243,50.28095],[25.03408,50.27105],[25.05207,50.25715],[25.04145,50.25489],[25.03134,50.22815],[24.99357,50.19667],[24.97611,50.19771],[24.91174,50.17854],[24.869,50.18442],[24.87332,50.17769],[24.85791,50.17099],[24.84914,50.17427],[24.85529,50.17429],[24.85334,50.17965],[24.83595,50.17915],[24.83057,50.16173],[24.85857,50.16198],[24.86787,50.15686],[24.86131,50.15437],[24.87373,50.15782],[24.88226,50.15008],[24.86804,50.12581],[24.86995,50.10937],[24.85918,50.11252],[24.86906,50.10648],[24.8611,50.09882],[24.83897,50.10908],[24.79483,50.11517],[24.79403,50.12529],[24.77649,50.117],[24.76274,50.12268],[24.74621,50.12045],[24.74871,50.12583],[24.74335,50.12795],[24.75661,50.13569],[24.7533,50.13945],[24.70601,50.13724],[24.67255,50.14615],[24.66604,50.13107],[24.63474,50.13442],[24.62917,50.1193],[24.61035,50.12156],[24.60878,50.1158],[24.58129,50.11371],[24.53036,50.11771],[24.53532,50.09704],[24.43644,50.10697],[24.43567,50.09161],[24.46255,50.08804],[24.4603,50.07752],[24.45036,50.07455],[24.47256,50.05226],[24.49262,50.05992],[24.50022,50.05467],[24.49392,50.04508],[24.49866,50.03792],[24.51055,50.03267],[24.53639,50.03555],[24.55272,50.02134],[24.53063,50.01445],[24.49854,50.01959],[24.49361,50.01925],[24.49564,50.01391],[24.48154,50.01539],[24.48364,50.00089],[24.44294,49.97738],[24.45205,49.9754],[24.44993,49.9688],[24.45658,49.9638],[24.44218,49.95074],[24.44901,49.94326],[24.43867,49.94062],[24.43588,49.89459],[24.39171,49.9001],[24.38783,49.88755],[24.36149,49.88959],[24.35409,49.88407],[24.34965,49.87793],[24.35366,49.86892],[24.38787,49.86091],[24.41286,49.86311],[24.41597,49.85711],[24.43781,49.85014],[24.44665,49.85327],[24.45311,49.84619],[24.47937,49.85112],[24.50295,49.86553],[24.54938,49.8425],[24.60398,49.83199],[24.61163,49.82751],[24.60575,49.80995],[24.59285,49.81079],[24.58972,49.80497],[24.61317,49.79506],[24.60827,49.77223],[24.66958,49.73957],[24.68259,49.74351],[24.6939,49.7386],[24.70577,49.72759],[24.69708,49.70764],[24.70461,49.70375],[24.71612,49.71546],[24.76396,49.72149],[24.78228,49.71313],[24.78817,49.67651],[24.82176,49.67296],[24.82842,49.68857],[24.84916,49.68459],[24.8486,49.67768],[24.85576,49.67741],[24.85403,49.66052],[24.82563,49.66632],[24.83591,49.65827],[24.81761,49.65844],[24.82761,49.65394],[24.8228,49.65074],[24.84409,49.64391],[24.83156,49.6388],[24.8365,49.62799],[24.82859,49.62234],[24.85101,49.62148],[24.84577,49.60129],[24.86419,49.59916],[24.86132,49.6024],[24.87113,49.6097],[24.90091,49.5997],[24.90568,49.60368],[24.89844,49.61053],[24.91267,49.61515],[24.94267,49.6092],[24.93097,49.61716],[24.95431,49.61591],[24.96334,49.62645],[24.95688,49.63438],[24.96136,49.64284],[24.98264,49.63657],[24.98799,49.64323],[24.98878,49.65872],[24.99837,49.65983],[24.9972,49.69657],[25.02205,49.73518],[25.04601,49.73082],[25.06744,49.7115],[25.11497,49.74564],[25.10378,49.75672],[25.07237,49.77022],[25.07565,49.77913],[25.08992,49.78248],[25.08381,49.82846],[25.13731,49.81474],[25.15151,49.83312],[25.17192,49.83213],[25.17476,49.83709],[25.23708,49.82401],[25.24454,49.82543],[25.24592,49.83508],[25.25864,49.83871],[25.26605,49.83092],[25.28754,49.82824],[25.29345,49.83284],[25.2927,49.84292],[25.30056,49.84613],[25.29907,49.85367],[25.31086,49.85116],[25.33544,49.85778],[25.33297,49.86243],[25.37504,49.86798],[25.37287,49.87591],[25.38071,49.87706],[25.38912,49.89721],[25.37632,49.91328],[25.38727,49.93266],[25.42687,49.9371],[25.427,49.94316],[25.4038,49.94794],[25.40161,49.95484],[25.41218,49.96964],[25.40235,49.98589],[25.36112,49.99601],[25.31949,50.01568],[25.19725,50.13103],[25.20817,50.16172],[25.20103,50.16666],[25.21507,50.17958],[25.16542,50.20917],[25.16946,50.22301],[25.18459,50.22595],[25.18151,50.23227],[25.19013,50.24882],[25.20677,50.2473],[25.20494,50.2793],[25.16258,50.29038],[25.12642,50.28227]]]}},{"type":"Feature","properties":{"name":"Львівський район","oblast":"Львівська область","centroid":[24.1025,49.8529]},"geometry":{"type":"Polygon","coordinates":[[[24.31719,50.18808],[24.33576,50.18395],[24.3293,50.17703],[24.34818,50.17538],[24.33793,50.15943],[24.37203,50.1616],[24.36745,50.17076],[24.38866,50.17554],[24.45646,50.15937],[24.42719,50.13798],[24.43694,50.13318],[24.45173,50.14052],[24.52647,50.13341],[24.53532,50.09704],[24.43644,50.10697],[24.43567,50.09161],[24.46255,50.08804],[24.4603,50.07752],[24.45036,50.07455],[24.47256,50.05226],[24.49262,50.05992],[24.50022,50.05467],[24.49392,50.04508],[24.49866,50.03792],[24.51055,50.03267],[24.53639,50.03555],[24.55273,50.02159],[24.53063,50.01445],[24.49854,50.01959],[24.49361,50.01925],[24.49564,50.01391],[24.48154,50.01539],[24.48364,50.00089],[24.44294,49.97738],[24.45205,49.9754],[24.44993,49.9688],[24.45658,49.9638],[24.44218,49.95074],[24.44901,49.94326],[24.43867,49.94062],[24.43588,49.89459],[24.39171,49.9001],[24.38783,49.88755],[24.36149,49.88959],[24.35409,49.88407],[24.34965,49.87793],[24.35366,49.86892],[24.38787,49.86091],[24.41286,49.86311],[24.41597,49.85711],[24.43781,49.85014],[24.44665,49.85327],[24.45311,49.84619],[24.47937,49.85112],[24.50295,49.86553],[24.54938,49.8425],[24.60398,49.83199],[24.61163,49.82751],[24.60575,49.80995],[24.59285,49.81079],[24.58972,49.80497],[24.61317,49.79506],[24.60827,49.77223],[24.66958,49.73957],[24.68259,49.74351],[24.6939,49.7386],[24.70577,49.72759],[24.69708,49.70764],[24.70461,49.70375],[24.71612,49.71546],[24.76396,49.72149],[24.78228,49.71313],[24.78817,49.67651],[24.82176,49.67296],[24.82842,49.68857],[24.84916,49.68459],[24.8486,49.67768],[24.85576,49.67741],[24.85403,49.66052],[24.82563,49.66632],[24.83591,49.65827],[24.81761,49.65844],[24.82761,49.65394],[24.8228,49.65074],[24.84409,49.64391],[24.83156,49.6388],[24.8365,49.62799],[24.82868,49.6222],[24.85101,49.62148],[24.84563,49.60103],[24.83365,49.59922],[24.83921,49.58688],[24.83167,49.58513],[24.82914,49.59307],[24.79877,49.5861],[24.79156,49.57284],[24.72125,49.56982],[24.72928,49.54709],[24.72017,49.53195],[24.72083,49.49676],[24.69961,49.49197],[24.65614,49.50544],[24.64003,49.49715],[24.6218,49.51017],[24.58964,49.51903],[24.56959,49.53412],[24.53738,49.5192],[24.50533,49.51285],[24.49224,49.52346],[24.49094,49.53511],[24.49826,49.54015],[24.48557,49.54777],[24.45191,49.54013],[24.44961,49.54529],[24.43489,49.5371],[24.43982,49.51161],[24.41261,49.50449],[24.40139,49.49504],[24.3176,49.49683],[24.31164,49.49933],[24.31971,49.51907],[24.31006,49.52353],[24.30644,49.53773],[24.27659,49.54711],[24.26255,49.55625],[24.26765,49.55792],[24.25775,49.55969],[24.26054,49.56399],[24.24972,49.56309],[24.24591,49.5561],[24.2455,49.5631],[24.21576,49.56587],[24.21901,49.57549],[24.2107,49.5812],[24.13723,49.57686],[24.0994,49.59284],[24.076,49.61585],[24.07054,49.63304],[24.05814,49.63956],[24.03691,49.64788],[24.03333,49.64147],[24.03803,49.6396],[24.01485,49.62461],[23.96168,49.63866],[23.96564,49.64264],[23.93695,49.65867],[23.92897,49.62797],[23.91041,49.6319],[23.91446,49.61441],[23.92822,49.61313],[23.92681,49.604],[23.96142,49.59319],[23.93983,49.58407],[23.9321,49.5701],[23.90123,49.57325],[23.89615,49.57946],[23.84667,49.58026],[23.8504,49.58908],[23.83342,49.5917],[23.83276,49.60193],[23.81756,49.60556],[23.81083,49.59703],[23.79892,49.59816],[23.7825,49.5725],[23.78654,49.55249],[23.81863,49.53263],[23.81336,49.52584],[23.81833,49.51318],[23.8051,49.53063],[23.79894,49.53157],[23.78771,49.51108],[23.78088,49.51023],[23.77184,49.51603],[23.77953,49.51841],[23.77244,49.52183],[23.77692,49.53331],[23.73659,49.5345],[23.72545,49.53012],[23.75708,49.52111],[23.76662,49.50498],[23.71716,49.50082],[23.71298,49.51683],[23.66376,49.51672],[23.63869,49.52996],[23.64939,49.57318],[23.62615,49.57862],[23.62737,49.59012],[23.60574,49.59522],[23.60314,49.60242],[23.62377,49.60874],[23.63028,49.63613],[23.60521,49.64548],[23.61592,49.65593],[23.60095,49.64883],[23.58806,49.65202],[23.58035,49.63972],[23.56929,49.63872],[23.56225,49.64472],[23.56466,49.65779],[23.54494,49.65695],[23.53666,49.6808],[23.50005,49.67745],[23.50082,49.68551],[23.48999,49.68709],[23.4953,49.69445],[23.4857,49.70598],[23.46508,49.70496],[23.43811,49.67688],[23.41878,49.68873],[23.42581,49.70178],[23.43228,49.7015],[23.43699,49.71174],[23.43082,49.71902],[23.45121,49.74416],[23.43572,49.75555],[23.46063,49.76041],[23.46252,49.76575],[23.46006,49.77589],[23.45181,49.77993],[23.46014,49.80848],[23.44801,49.813],[23.4436,49.82359],[23.46666,49.81683],[23.48526,49.82077],[23.50403,49.83786],[23.50341,49.8439],[23.53331,49.85617],[23.529,49.85854],[23.53391,49.86866],[23.54882,49.87711],[23.58474,49.87692],[23.58202,49.85549],[23.61142,49.84615],[23.61231,49.83948],[23.63261,49.83383],[23.63008,49.82631],[23.63989,49.82472],[23.65221,49.84346],[23.67645,49.84348],[23.67989,49.8513],[23.69134,49.85078],[23.69231,49.8613],[23.71305,49.8567],[23.71903,49.84303],[23.75456,49.84575],[23.79283,49.84003],[23.80215,49.84822],[23.85647,49.84188],[23.88547,49.85032],[23.85817,49.87807],[23.88768,49.87528],[23.89382,49.88954],[23.91755,49.89074],[23.92746,49.90516],[23.92089,49.91036],[23.93277,49.91845],[23.92805,49.92843],[23.939,49.93521],[23.93662,49.93865],[23.92038,49.92794],[23.91638,49.93301],[23.92511,49.94204],[23.91169,49.94596],[23.91492,49.95658],[23.90903,49.95541],[23.89269,49.97614],[23.81158,49.99544],[23.80919,50.02562],[23.78442,50.03584],[23.7735,50.06932],[23.74556,50.07431],[23.68862,50.1065],[23.66876,50.10894],[23.66038,50.11875],[23.65165,50.11669],[23.64101,50.13443],[23.61806,50.13408],[23.62815,50.14194],[23.59805,50.1453],[23.58038,50.17527],[23.52751,50.17582],[23.51545,50.15089],[23.50497,50.15159],[23.49051,50.1687],[23.49614,50.1757],[23.4867,50.17678],[23.48796,50.18859],[23.44768,50.19929],[23.47015,50.21789],[23.58101,50.266],[23.61157,50.29925],[23.63104,50.3048],[23.63885,50.32051],[23.67701,50.32946],[23.6745,50.31615],[23.68556,50.29999],[23.74966,50.29864],[23.75118,50.30408],[23.79687,50.30011],[23.80755,50.28841],[23.80506,50.27811],[23.81682,50.27321],[23.81396,50.26853],[23.8441,50.2563],[23.88489,50.25524],[23.91306,50.22029],[23.97346,50.22027],[23.96495,50.2093],[23.97264,50.20266],[24.09151,50.2033],[24.09052,50.19277],[24.09692,50.186],[24.08875,50.17744],[24.09093,50.16777],[24.07149,50.16619],[24.10818,50.1425],[24.10858,50.11502],[24.13453,50.11466],[24.13173,50.13222],[24.14857,50.15976],[24.17024,50.15347],[24.20343,50.13048],[24.21541,50.16254],[24.23053,50.16725],[24.24136,50.17942],[24.24367,50.19682],[24.30596,50.19454],[24.31323,50.19882],[24.31719,50.18808]]]}},{"type":"Feature","properties":{"name":"Яворівський район","oblast":"Львівська область","centroid":[23.3856,49.9027]},"geometry":{"type":"Polygon","coordinates":[[[23.84423,49.84224],[23.83901,49.84772],[23.80215,49.84822],[23.79283,49.84003],[23.75456,49.84575],[23.71903,49.84303],[23.71305,49.8567],[23.69231,49.8613],[23.69134,49.85078],[23.67989,49.8513],[23.67645,49.84348],[23.65221,49.84346],[23.63989,49.82472],[23.63008,49.82631],[23.63261,49.83383],[23.61231,49.83948],[23.61142,49.84615],[23.58202,49.85549],[23.58474,49.87692],[23.55029,49.87765],[23.53391,49.86866],[23.529,49.85854],[23.53331,49.85617],[23.50341,49.8439],[23.50403,49.83786],[23.48526,49.82077],[23.46666,49.81683],[23.4436,49.82359],[23.44801,49.813],[23.46039,49.8077],[23.45181,49.77993],[23.46006,49.77589],[23.46063,49.76041],[23.42698,49.7524],[23.39583,49.76131],[23.38424,49.74539],[23.3977,49.73482],[23.39003,49.72836],[23.39112,49.7171],[23.38104,49.71488],[23.39219,49.71109],[23.39099,49.70653],[23.40512,49.70596],[23.40438,49.68418],[23.37684,49.68223],[23.36661,49.67485],[23.35652,49.67887],[23.34991,49.66554],[23.31674,49.67447],[23.3118,49.65406],[23.27298,49.65189],[23.26921,49.6437],[23.2359,49.65399],[23.21314,49.64496],[23.17743,49.64861],[23.18108,49.65514],[23.15622,49.65474],[23.13359,49.64546],[23.0944,49.64884],[23.07903,49.63457],[23.07066,49.64362],[23.04596,49.64904],[23.03562,49.63884],[23.04684,49.63916],[23.04705,49.62817],[23.03816,49.63168],[23.02372,49.62458],[23.00935,49.6293],[22.99485,49.62377],[22.96963,49.63551],[22.97816,49.64457],[23.00235,49.63591],[22.96483,49.66598],[22.97307,49.67562],[22.95559,49.6769],[22.94944,49.68636],[22.93285,49.69047],[22.91,49.68371],[22.9064,49.68704],[22.92318,49.69705],[22.9092,49.70915],[22.892,49.70615],[22.84962,49.71444],[22.87343,49.74063],[22.89678,49.75176],[22.9016,49.76826],[22.93282,49.79329],[22.96193,49.8047],[22.95667,49.81113],[22.9707,49.83865],[22.99547,49.84215],[23.03328,49.88135],[23.10749,49.94196],[23.11492,49.95654],[23.14264,49.97122],[23.21301,50.0311],[23.21599,50.04747],[23.23932,50.05445],[23.27933,50.08629],[23.28004,50.10051],[23.31395,50.11196],[23.44768,50.19929],[23.48796,50.18859],[23.4867,50.17678],[23.49614,50.1757],[23.49051,50.1687],[23.50497,50.15159],[23.51545,50.15089],[23.52751,50.17582],[23.58038,50.17527],[23.59805,50.1453],[23.62815,50.14194],[23.61806,50.13408],[23.64101,50.13443],[23.65165,50.11669],[23.66038,50.11875],[23.66876,50.10894],[23.68862,50.1065],[23.74556,50.07431],[23.7735,50.06932],[23.78442,50.03584],[23.80919,50.02562],[23.81158,49.99544],[23.89983,49.9721],[23.90354,49.96093],[23.91492,49.95658],[23.91169,49.94596],[23.92511,49.94204],[23.91638,49.93301],[23.92188,49.92676],[23.93923,49.93749],[23.92805,49.92843],[23.93277,49.91845],[23.92089,49.91036],[23.92746,49.90516],[23.91755,49.89074],[23.89382,49.88954],[23.88768,49.87528],[23.85817,49.87807],[23.88547,49.85032],[23.84423,49.84224]]]}},{"type":"Feature","properties":{"name":"Самбірський район","oblast":"Львівська область","centroid":[23.0565,49.3733]},"geometry":{"type":"Polygon","coordinates":[[[23.15907,48.87478],[23.16291,48.86918],[23.15612,48.8667],[23.15971,48.86012],[23.14827,48.84226],[23.13507,48.84355],[23.13109,48.85353],[23.09698,48.86286],[23.05761,48.84646],[23.04585,48.85126],[23.02089,48.84779],[23.00002,48.83048],[22.97479,48.8447],[22.97015,48.87447],[22.92962,48.88785],[22.89163,48.91063],[22.87312,48.94112],[22.87282,48.95592],[22.90022,48.96972],[22.91556,48.96706],[22.91883,48.9814],[22.89802,49.00505],[22.86783,49.00287],[22.89159,49.00785],[22.894,49.01678],[22.87401,49.03079],[22.88134,49.03837],[22.86663,49.03999],[22.87578,49.05135],[22.86453,49.06679],[22.87187,49.07186],[22.86801,49.07741],[22.88355,49.08119],[22.89276,49.09456],[22.8627,49.10006],[22.85483,49.10598],[22.86016,49.11231],[22.85071,49.11487],[22.83127,49.11098],[22.83038,49.11844],[22.81213,49.12504],[22.8164,49.12977],[22.80736,49.12866],[22.7931,49.13829],[22.7892,49.15773],[22.77289,49.15239],[22.73913,49.15798],[22.75617,49.18263],[22.73272,49.18227],[22.719,49.16499],[22.70726,49.17498],[22.73091,49.19858],[22.73396,49.21144],[22.74768,49.21562],[22.71489,49.22649],[22.72131,49.24134],[22.73963,49.24735],[22.75095,49.3166],[22.74317,49.33585],[22.74685,49.3599],[22.71286,49.43755],[22.69669,49.49513],[22.67041,49.49752],[22.65122,49.50838],[22.64082,49.52999],[22.67469,49.54916],[22.69484,49.58198],[22.78331,49.65724],[22.78722,49.67646],[22.80556,49.6934],[22.82192,49.69453],[22.84962,49.71444],[22.892,49.70615],[22.9092,49.70915],[22.92318,49.69705],[22.9064,49.68704],[22.91,49.68371],[22.93285,49.69047],[22.94944,49.68636],[22.95559,49.6769],[22.97307,49.67562],[22.96483,49.66598],[23.00235,49.63591],[22.97816,49.64457],[22.96963,49.63551],[22.99485,49.62377],[23.00935,49.6293],[23.02827,49.62471],[23.05067,49.63194],[23.04684,49.63916],[23.03562,49.63884],[23.04596,49.64904],[23.07066,49.64362],[23.07903,49.63457],[23.0944,49.64884],[23.13359,49.64546],[23.15622,49.65474],[23.18108,49.65514],[23.17743,49.64861],[23.21314,49.64496],[23.2359,49.65399],[23.25924,49.64383],[23.26921,49.6437],[23.27298,49.65189],[23.30785,49.65234],[23.31674,49.67447],[23.34991,49.66554],[23.35652,49.67887],[23.36661,49.67485],[23.37684,49.68223],[23.40604,49.68568],[23.40512,49.70596],[23.39099,49.70653],[23.39219,49.71109],[23.38104,49.71488],[23.39112,49.7171],[23.39003,49.72836],[23.3977,49.73482],[23.38424,49.74539],[23.39583,49.76131],[23.42466,49.75275],[23.44198,49.75412],[23.45121,49.74416],[23.43082,49.71902],[23.43699,49.71174],[23.43228,49.7015],[23.42581,49.70178],[23.41878,49.68873],[23.43811,49.67688],[23.46508,49.70496],[23.4857,49.70598],[23.4953,49.69445],[23.48999,49.68709],[23.50082,49.68551],[23.50005,49.67745],[23.53666,49.6808],[23.54494,49.65695],[23.56466,49.65779],[23.56225,49.64472],[23.56929,49.63872],[23.58035,49.63972],[23.58806,49.65202],[23.60095,49.64883],[23.61592,49.65593],[23.60521,49.64548],[23.63028,49.63613],[23.62377,49.60874],[23.60314,49.60242],[23.60574,49.59522],[23.62737,49.59012],[23.62615,49.57862],[23.64939,49.57318],[23.6432,49.5456],[23.63804,49.53192],[23.5836,49.53972],[23.57282,49.54651],[23.56165,49.51279],[23.56699,49.51009],[23.5543,49.49609],[23.53034,49.49003],[23.47208,49.49659],[23.40175,49.48455],[23.40166,49.46874],[23.37844,49.46013],[23.35181,49.4639],[23.35281,49.45924],[23.33435,49.45394],[23.31611,49.45445],[23.30485,49.46374],[23.28767,49.46604],[23.27239,49.43815],[23.24774,49.43132],[23.25075,49.42129],[23.26746,49.41636],[23.25881,49.40312],[23.24247,49.39871],[23.24655,49.39533],[23.23232,49.3847],[23.22906,49.37218],[23.23567,49.36765],[23.22328,49.36188],[23.21985,49.35245],[23.2038,49.35701],[23.1957,49.36656],[23.16802,49.36624],[23.15288,49.3619],[23.14541,49.34417],[23.11236,49.33969],[23.11437,49.33052],[23.12747,49.32274],[23.11581,49.32764],[23.105,49.31718],[23.11859,49.30816],[23.10917,49.30227],[23.14661,49.28513],[23.1604,49.26874],[23.14622,49.25879],[23.15052,49.25549],[23.1434,49.24415],[23.16065,49.2364],[23.15217,49.22996],[23.15314,49.22114],[23.18436,49.20959],[23.21968,49.17565],[23.21959,49.17064],[23.18611,49.15192],[23.18156,49.14475],[23.18544,49.13285],[23.15636,49.11923],[23.16056,49.11017],[23.15223,49.10018],[23.22529,49.04054],[23.21075,49.03018],[23.19027,49.03698],[23.18329,49.01994],[23.16963,49.02978],[23.16153,49.03012],[23.16015,49.02219],[23.14156,49.03434],[23.12796,49.02905],[23.13647,49.01955],[23.11303,49.00914],[23.12346,49.00845],[23.12208,48.96762],[23.12779,48.96368],[23.09831,48.93416],[23.09882,48.92828],[23.08451,48.92278],[23.08235,48.90821],[23.09995,48.87933],[23.15907,48.87478]]]}},{"type":"Feature","properties":{"name":"Дрогобицький район","oblast":"Львівська область","centroid":[23.4544,49.3213]},"geometry":{"type":"Polygon","coordinates":[[[23.66962,49.28025],[23.66408,49.26865],[23.69193,49.25122],[23.68212,49.2298],[23.66125,49.21292],[23.64678,49.21247],[23.6417,49.20413],[23.61327,49.20272],[23.59476,49.21267],[23.58163,49.2116],[23.58766,49.20868],[23.56898,49.20217],[23.58263,49.19382],[23.58114,49.17899],[23.57383,49.17773],[23.57068,49.1631],[23.55893,49.15594],[23.56853,49.14231],[23.55915,49.13732],[23.51828,49.13793],[23.5169,49.11885],[23.49429,49.13278],[23.51515,49.16538],[23.51532,49.17511],[23.49708,49.18617],[23.48402,49.19149],[23.43861,49.19137],[23.41721,49.20637],[23.41634,49.21568],[23.43019,49.22007],[23.41866,49.22581],[23.37761,49.20282],[23.36995,49.20721],[23.35588,49.20247],[23.35299,49.19781],[23.38981,49.17066],[23.38637,49.15984],[23.37569,49.1583],[23.35183,49.13407],[23.33021,49.14313],[23.33571,49.14806],[23.31966,49.14676],[23.30869,49.15415],[23.30105,49.14024],[23.2833,49.13849],[23.2698,49.12894],[23.28737,49.10702],[23.27269,49.09312],[23.27441,49.05478],[23.24987,49.02878],[23.18561,49.06856],[23.1528,49.09893],[23.16056,49.11017],[23.15636,49.11923],[23.18544,49.13285],[23.18156,49.14475],[23.18611,49.15192],[23.21959,49.17064],[23.21968,49.17565],[23.18436,49.20959],[23.15314,49.22114],[23.15217,49.22996],[23.16065,49.2364],[23.1434,49.24415],[23.15052,49.25549],[23.14622,49.25879],[23.1604,49.26874],[23.14661,49.28513],[23.10917,49.30227],[23.11859,49.30816],[23.105,49.31718],[23.11581,49.32764],[23.12747,49.32274],[23.11437,49.33052],[23.11236,49.33969],[23.14759,49.34533],[23.15483,49.3631],[23.1957,49.36656],[23.2038,49.35701],[23.21985,49.35245],[23.22328,49.36188],[23.23567,49.36765],[23.22906,49.37218],[23.23232,49.3847],[23.24655,49.39533],[23.24247,49.39871],[23.25881,49.40312],[23.26746,49.41636],[23.25075,49.42129],[23.24774,49.43132],[23.27239,49.43815],[23.28767,49.46604],[23.30485,49.46374],[23.31611,49.45445],[23.33435,49.45394],[23.35281,49.45924],[23.35181,49.4639],[23.37844,49.46013],[23.40166,49.46874],[23.40175,49.48455],[23.47208,49.49659],[23.49828,49.48999],[23.5543,49.49609],[23.56699,49.51009],[23.56165,49.51279],[23.5663,49.53181],[23.57282,49.54651],[23.57801,49.54643],[23.5836,49.53972],[23.64087,49.53161],[23.66376,49.51672],[23.71298,49.51683],[23.71716,49.50082],[23.78948,49.49365],[23.78332,49.47932],[23.74791,49.48515],[23.73922,49.47287],[23.75496,49.46823],[23.75705,49.4733],[23.77278,49.46023],[23.76925,49.45575],[23.80123,49.44883],[23.79742,49.43932],[23.78713,49.43569],[23.78353,49.42215],[23.7919,49.41951],[23.78773,49.40058],[23.80051,49.40126],[23.8081,49.37955],[23.79054,49.37726],[23.79063,49.36952],[23.77154,49.36102],[23.77258,49.34943],[23.78966,49.35118],[23.78184,49.33747],[23.74641,49.33613],[23.7436,49.3207],[23.72716,49.30289],[23.70703,49.30084],[23.68008,49.27981],[23.66962,49.28025]],[[23.75019,49.46701],[23.7638,49.45992],[23.76077,49.44737],[23.7379,49.4486],[23.73467,49.46556],[23.75019,49.46701]]]}},{"type":"Feature","properties":{"name":"Стрийський район","oblast":"Львівська область","centroid":[23.792,49.1999]},"geometry":{"type":"MultiPolygon","coordinates":[[[[23.66962,49.28025],[23.66408,49.26865],[23.69193,49.25122],[23.68451,49.24313],[23.68643,49.23448],[23.66351,49.21412],[23.64678,49.21247],[23.6417,49.20413],[23.61327,49.20272],[23.59476,49.21267],[23.56932,49.20252],[23.58331,49.19081],[23.57068,49.1631],[23.55893,49.15594],[23.56853,49.14231],[23.56383,49.13851],[23.51924,49.13825],[23.5169,49.11885],[23.50321,49.12469],[23.49429,49.13278],[23.50758,49.14725],[23.50538,49.15631],[23.51515,49.16538],[23.51532,49.17511],[23.48704,49.19095],[23.43861,49.19137],[23.41721,49.20637],[23.41634,49.21568],[23.43019,49.22007],[23.41866,49.22581],[23.37761,49.20282],[23.36995,49.20721],[23.35199,49.19901],[23.38981,49.17066],[23.38637,49.15984],[23.37569,49.1583],[23.35297,49.13453],[23.3325,49.14117],[23.33571,49.14806],[23.31966,49.14676],[23.30869,49.15415],[23.30105,49.14024],[23.2833,49.13849],[23.2698,49.12894],[23.28737,49.10702],[23.27269,49.09312],[23.27441,49.05478],[23.25231,49.02948],[23.21354,49.05275],[23.22529,49.04054],[23.21075,49.03018],[23.19027,49.03698],[23.18626,49.02032],[23.16869,49.0299],[23.15517,49.02348],[23.13797,49.03495],[23.12796,49.02905],[23.13647,49.01955],[23.11303,49.00914],[23.12346,49.00845],[23.12208,48.96762],[23.12779,48.96368],[23.09831,48.93416],[23.09882,48.92828],[23.08451,48.92278],[23.08235,48.90821],[23.09995,48.87933],[23.16266,48.87184],[23.14873,48.84247],[23.13152,48.83942],[23.13356,48.83407],[23.15326,48.83062],[23.17754,48.80623],[23.17919,48.79205],[23.20029,48.76106],[23.268,48.76167],[23.28588,48.77588],[23.32461,48.75333],[23.36158,48.77069],[23.37409,48.75943],[23.37771,48.74408],[23.39684,48.73286],[23.41006,48.73569],[23.47189,48.71828],[23.49221,48.72206],[23.51161,48.7347],[23.54779,48.72543],[23.55633,48.75821],[23.57915,48.78446],[23.55201,48.82187],[23.56512,48.82845],[23.56644,48.84209],[23.57475,48.8455],[23.56739,48.85401],[23.57643,48.86734],[23.60761,48.87611],[23.60655,48.88392],[23.57655,48.88829],[23.56147,48.91074],[23.58611,48.95458],[23.56584,48.97471],[23.62361,49.01338],[23.62181,49.02531],[23.63606,49.03158],[23.64875,49.02243],[23.67333,49.03621],[23.68131,49.06184],[23.68804,49.0659],[23.67733,49.07587],[23.69885,49.10113],[23.71164,49.10252],[23.719,49.09379],[23.76082,49.12234],[23.7755,49.1144],[23.78394,49.12008],[23.8029,49.10554],[23.82933,49.11355],[23.88043,49.10835],[23.87901,49.10379],[23.90449,49.0982],[23.93228,49.12168],[23.9616,49.12816],[23.96951,49.13793],[24.00423,49.12972],[24.02046,49.11728],[24.05846,49.14708],[24.08311,49.14885],[24.10998,49.14023],[24.14077,49.14222],[24.15528,49.12812],[24.16463,49.12766],[24.17182,49.14413],[24.21305,49.13337],[24.19794,49.13885],[24.2073,49.14845],[24.23389,49.14382],[24.28183,49.16839],[24.37507,49.18868],[24.38422,49.18933],[24.41641,49.16814],[24.43744,49.1765],[24.43168,49.19052],[24.43823,49.19813],[24.43399,49.21884],[24.44697,49.2303],[24.38833,49.22758],[24.3579,49.23337],[24.341,49.24321],[24.3468,49.24325],[24.35116,49.26157],[24.35848,49.26207],[24.36392,49.28074],[24.33898,49.29197],[24.30542,49.27731],[24.29918,49.28886],[24.30191,49.31629],[24.34147,49.31038],[24.3587,49.32237],[24.38076,49.30789],[24.39351,49.33295],[24.40104,49.33625],[24.39358,49.34257],[24.4005,49.36191],[24.42936,49.37329],[24.40602,49.39331],[24.38701,49.395],[24.38976,49.40908],[24.37585,49.4134],[24.37381,49.42997],[24.35986,49.43072],[24.38384,49.44246],[24.41047,49.44488],[24.41809,49.47382],[24.40139,49.49504],[24.31438,49.49774],[24.31975,49.5189],[24.31006,49.52353],[24.30644,49.53773],[24.27659,49.54711],[24.26255,49.55625],[24.26765,49.55792],[24.25775,49.55969],[24.26054,49.56399],[24.24972,49.56309],[24.24591,49.5561],[24.2455,49.5631],[24.21576,49.56587],[24.21901,49.57549],[24.2107,49.5812],[24.13723,49.57686],[24.0994,49.59284],[24.076,49.61585],[24.07054,49.63304],[24.05814,49.63956],[24.03691,49.64788],[24.03333,49.64147],[24.03803,49.6396],[24.01485,49.62461],[23.96168,49.63866],[23.96564,49.64264],[23.93695,49.65867],[23.92897,49.62797],[23.91041,49.6319],[23.91446,49.61441],[23.92822,49.61313],[23.92681,49.604],[23.96142,49.59319],[23.93983,49.58407],[23.9321,49.5701],[23.90123,49.57325],[23.89615,49.57946],[23.84667,49.58026],[23.8504,49.58908],[23.83342,49.5917],[23.83276,49.60193],[23.81756,49.60556],[23.81083,49.59703],[23.79892,49.59816],[23.7825,49.5725],[23.78654,49.55249],[23.81863,49.53263],[23.81336,49.52584],[23.81833,49.51318],[23.80156,49.53133],[23.78278,49.51016],[23.77184,49.51603],[23.77953,49.51841],[23.77244,49.52183],[23.77692,49.53331],[23.72545,49.53012],[23.75708,49.52111],[23.76662,49.50498],[23.73707,49.4968],[23.74819,49.50019],[23.78948,49.49365],[23.78332,49.47932],[23.74791,49.48515],[23.73922,49.47287],[23.75496,49.46823],[23.75705,49.4733],[23.77278,49.46023],[23.76925,49.45575],[23.80123,49.44883],[23.79742,49.43932],[23.78713,49.43569],[23.78353,49.42215],[23.7919,49.41951],[23.78773,49.40058],[23.80051,49.40126],[23.8081,49.37955],[23.79054,49.37726],[23.79063,49.36952],[23.77154,49.36102],[23.77258,49.34943],[23.78966,49.35118],[23.78184,49.33747],[23.74641,49.33613],[23.7436,49.3207],[23.72716,49.30289],[23.70703,49.30084],[23.68008,49.27981],[23.66962,49.28025]]],[[[23.75019,49.46701],[23.7638,49.45992],[23.76077,49.44737],[23.7379,49.4486],[23.73467,49.46556],[23.75019,49.46701]]]]}},{"type":"Feature","properties":{"name":"Гайсинський район","oblast":"Вінницька область","centroid":[29.4511,48.5745]},"geometry":{"type":"Polygon","coordinates":[[[29.60603,49.05661],[29.63928,49.01178],[29.68476,49.02698],[29.68245,49.01348],[29.69067,49.01221],[29.68357,49.00633],[29.69583,49.00054],[29.65206,48.95985],[29.66075,48.9484],[29.652,48.93689],[29.66781,48.93116],[29.66605,48.92637],[29.68707,48.91217],[29.69998,48.91689],[29.73563,48.9082],[29.70948,48.89754],[29.72729,48.88601],[29.73171,48.85457],[29.76151,48.84713],[29.76586,48.78622],[29.80501,48.7783],[29.80029,48.77416],[29.86655,48.76327],[29.85963,48.75855],[29.88441,48.73711],[29.88141,48.73132],[29.86762,48.7346],[29.85608,48.71385],[29.8656,48.7081],[29.86091,48.69959],[29.87267,48.70278],[29.91725,48.67155],[29.94686,48.66992],[29.94476,48.65768],[29.95629,48.65862],[29.9777,48.63517],[29.98977,48.6366],[29.98984,48.61368],[29.95122,48.60876],[29.94787,48.59439],[29.95648,48.58386],[30.00593,48.57319],[30.00336,48.55173],[30.00799,48.54186],[30.02011,48.53949],[30.02077,48.51923],[29.989,48.51637],[30.00647,48.51345],[30.00062,48.49217],[29.96661,48.49156],[29.96449,48.46111],[29.95318,48.46159],[29.95716,48.45086],[29.86457,48.42569],[29.87293,48.41691],[29.78641,48.3695],[29.80525,48.35988],[29.81114,48.34876],[29.80058,48.34877],[29.80391,48.33211],[29.78423,48.33002],[29.78197,48.31488],[29.77186,48.31316],[29.76796,48.30862],[29.77269,48.30452],[29.76302,48.29635],[29.75049,48.29931],[29.74931,48.28946],[29.77224,48.27213],[29.77574,48.25896],[29.77075,48.2568],[29.78234,48.24227],[29.77081,48.22679],[29.7796,48.20545],[29.7174,48.20123],[29.68243,48.18804],[29.66649,48.19643],[29.6547,48.19525],[29.67594,48.16234],[29.67096,48.13439],[29.67499,48.12782],[29.6567,48.1188],[29.66828,48.11639],[29.66367,48.10757],[29.63787,48.11163],[29.64042,48.12282],[29.60248,48.13292],[29.59833,48.1199],[29.58129,48.11104],[29.58751,48.10192],[29.57332,48.10394],[29.5699,48.09871],[29.49505,48.10258],[29.47781,48.10773],[29.47231,48.12212],[29.44345,48.12183],[29.39424,48.11355],[29.38235,48.10264],[29.38686,48.09496],[29.37164,48.09045],[29.36873,48.09454],[29.35229,48.08941],[29.35234,48.09732],[29.31133,48.08592],[29.26725,48.09337],[29.2666,48.10669],[29.25687,48.10713],[29.25803,48.11216],[29.22791,48.10323],[29.20407,48.11752],[29.20616,48.12248],[29.23513,48.12022],[29.24257,48.1292],[29.26157,48.13034],[29.25041,48.15011],[29.24056,48.14055],[29.21334,48.14313],[29.20923,48.1342],[29.18185,48.14118],[29.14132,48.14061],[29.15704,48.14799],[29.14577,48.15583],[29.13428,48.15254],[29.07764,48.19382],[29.06138,48.19624],[29.06127,48.2094],[29.07201,48.22052],[29.07436,48.23703],[29.09368,48.24647],[29.10275,48.26075],[29.09981,48.26808],[29.11182,48.27333],[29.10343,48.2914],[29.07905,48.30299],[29.07817,48.31297],[29.1072,48.31783],[29.10459,48.33605],[29.09727,48.34002],[29.09324,48.33448],[29.08352,48.33581],[29.08802,48.3275],[29.08107,48.32784],[29.04894,48.34075],[29.03234,48.35586],[29.04751,48.37795],[29.03627,48.39934],[29.03915,48.41461],[29.07731,48.41339],[29.09638,48.42651],[29.09489,48.44856],[29.0606,48.45583],[28.99242,48.4552],[28.98725,48.45942],[28.99323,48.48675],[28.96176,48.50436],[28.97066,48.5087],[28.96313,48.52039],[28.9424,48.51509],[28.93118,48.50425],[28.91685,48.52315],[28.87714,48.52084],[28.88099,48.52808],[28.8761,48.53654],[28.89252,48.55156],[28.92491,48.55872],[28.95212,48.55262],[28.95826,48.56218],[28.99393,48.55367],[29.01704,48.55657],[29.01188,48.55991],[29.03598,48.57187],[29.0528,48.56553],[29.06641,48.5714],[29.07388,48.5662],[29.07371,48.57253],[29.05364,48.58047],[29.07019,48.58109],[29.07327,48.58953],[29.10525,48.59212],[29.12414,48.57893],[29.13526,48.58334],[29.15454,48.57502],[29.14289,48.58938],[29.15267,48.59612],[29.14224,48.60827],[29.16503,48.61444],[29.15799,48.63001],[29.17531,48.66054],[29.16919,48.66898],[29.17394,48.67151],[29.1418,48.67292],[29.12004,48.69169],[29.10699,48.68335],[29.0985,48.69054],[29.0881,48.68557],[29.07666,48.69639],[29.07825,48.70871],[29.06232,48.72266],[29.07824,48.72724],[29.1225,48.70841],[29.1446,48.72153],[29.09964,48.73158],[29.0755,48.75284],[29.10009,48.77087],[29.09765,48.77463],[29.11673,48.77568],[29.11449,48.78443],[29.11979,48.79006],[29.10304,48.80841],[29.10372,48.8149],[29.14533,48.81527],[29.13471,48.82867],[29.09655,48.83571],[29.01038,48.82785],[29.00256,48.83605],[29.00183,48.85007],[29.01087,48.85464],[28.98177,48.84897],[28.9607,48.85483],[28.96461,48.86431],[28.95237,48.87058],[28.96241,48.87213],[28.96785,48.9008],[28.99512,48.90492],[28.99584,48.90929],[28.97675,48.91371],[28.9794,48.91979],[28.99684,48.91384],[29.00272,48.91881],[29.0017,48.92765],[28.98384,48.93031],[28.9824,48.93519],[29.03575,48.95249],[29.06171,49.00113],[29.08797,48.99256],[29.11072,48.99507],[29.16731,48.96892],[29.17334,48.95647],[29.22029,48.98403],[29.25231,48.97712],[29.27217,48.98853],[29.28207,48.98726],[29.28839,48.99775],[29.28466,49.00165],[29.3014,49.00451],[29.31216,49.01512],[29.33646,49.01223],[29.35631,49.02011],[29.35641,49.02956],[29.34503,49.03948],[29.34968,49.04255],[29.35412,49.03979],[29.37901,49.05512],[29.3935,49.04335],[29.40168,49.04588],[29.41513,49.06087],[29.40357,49.07232],[29.40639,49.08502],[29.42271,49.08853],[29.42294,49.0936],[29.46365,49.11352],[29.47071,49.12266],[29.46345,49.12838],[29.48679,49.12441],[29.47797,49.11224],[29.4966,49.10613],[29.4985,49.11734],[29.52026,49.11461],[29.54499,49.06972],[29.54954,49.07065],[29.54356,49.04836],[29.59208,49.05104],[29.59561,49.04649],[29.59537,49.05227],[29.60603,49.05661]]]}},{"type":"Feature","properties":{"name":"Кам'янський район","oblast":"Дніпропетровська область","centroid":[34.0651,48.4683]},"geometry":{"type":"MultiPolygon","coordinates":[[[[33.54453,48.23951],[33.52969,48.27574],[33.51286,48.27811],[33.5179,48.28402],[33.50974,48.29179],[33.51754,48.32903],[33.47356,48.329],[33.47819,48.34929],[33.46072,48.35301],[33.47321,48.36759],[33.46791,48.37035],[33.46847,48.38819],[33.49711,48.39367],[33.49494,48.40494],[33.48643,48.40451],[33.48904,48.44034],[33.46946,48.5337],[33.47985,48.53624],[33.47249,48.54492],[33.48415,48.54761],[33.48191,48.5579],[33.5116,48.55888],[33.50948,48.56814],[33.58445,48.57641],[33.59026,48.55965],[33.62321,48.56652],[33.60925,48.59947],[33.65006,48.59976],[33.6604,48.58595],[33.71433,48.61136],[33.74356,48.61504],[33.76375,48.62637],[33.7563,48.65716],[33.80187,48.66278],[33.80524,48.68376],[33.75034,48.68117],[33.74627,48.69334],[33.73036,48.69213],[33.68191,48.7231],[33.65085,48.72105],[33.64982,48.7255],[33.61878,48.72756],[33.60756,48.75135],[33.59301,48.74818],[33.5851,48.75477],[33.57798,48.78016],[33.58742,48.78001],[33.58313,48.79696],[33.60243,48.79883],[33.60421,48.79193],[33.61631,48.79337],[33.61799,48.78798],[33.63812,48.79028],[33.65904,48.79311],[33.6742,48.81482],[33.68942,48.80812],[33.71526,48.81373],[33.72525,48.78921],[33.77008,48.79913],[33.77234,48.79201],[33.79312,48.79426],[33.79217,48.80059],[33.81137,48.80282],[33.81907,48.77609],[33.83012,48.76898],[33.85095,48.77081],[33.84774,48.80259],[33.86262,48.8374],[33.87367,48.84039],[33.89431,48.90195],[33.92595,48.88034],[33.98186,48.86574],[34.02096,48.86496],[34.03102,48.8579],[34.03465,48.84391],[34.07482,48.824],[34.1199,48.82245],[34.12687,48.81227],[34.12353,48.78808],[34.14108,48.77781],[34.17671,48.77746],[34.20223,48.75998],[34.23111,48.75696],[34.24899,48.7445],[34.2963,48.73876],[34.29169,48.71885],[34.33366,48.70961],[34.40736,48.66708],[34.44037,48.63423],[34.44566,48.61075],[34.47396,48.59118],[34.5164,48.57814],[34.53166,48.60197],[34.5505,48.61114],[34.53516,48.62275],[34.54573,48.62842],[34.58316,48.59907],[34.59936,48.60797],[34.58932,48.62283],[34.60408,48.62654],[34.61987,48.60061],[34.63133,48.60139],[34.63288,48.58996],[34.56814,48.58834],[34.56356,48.56062],[34.57677,48.55581],[34.58459,48.54368],[34.6753,48.53593],[34.72479,48.5052],[34.76635,48.49243],[34.76393,48.48467],[34.74895,48.484],[34.7716,48.4733],[34.75834,48.45074],[34.76018,48.44048],[34.74498,48.4424],[34.72775,48.46327],[34.70242,48.47306],[34.70308,48.45549],[34.71322,48.44758],[34.70319,48.43486],[34.69126,48.44144],[34.69637,48.45157],[34.67411,48.46427],[34.66787,48.46146],[34.67689,48.45697],[34.63091,48.45827],[34.62933,48.4512],[34.62749,48.45752],[34.59035,48.45151],[34.55274,48.46421],[34.55113,48.45557],[34.51084,48.45729],[34.50901,48.44168],[34.56194,48.43272],[34.56514,48.40594],[34.5966,48.32964],[34.56976,48.32521],[34.57139,48.31815],[34.593,48.30767],[34.60717,48.2902],[34.58632,48.28482],[34.59242,48.25368],[34.56524,48.2516],[34.56315,48.26548],[34.55098,48.2739],[34.52742,48.27163],[34.53042,48.26237],[34.51703,48.26583],[34.50642,48.25286],[34.47334,48.26445],[34.46143,48.24141],[34.45316,48.24505],[34.45454,48.23739],[34.42518,48.23476],[34.43509,48.19612],[34.40187,48.1931],[34.39876,48.20734],[34.38293,48.20628],[34.39386,48.16062],[34.45297,48.17134],[34.44551,48.15801],[34.4139,48.15175],[34.41748,48.1397],[34.4276,48.14036],[34.42946,48.12883],[34.38842,48.12593],[34.38079,48.11873],[34.37473,48.13093],[34.29264,48.11713],[34.27957,48.1099],[34.28946,48.07786],[34.23205,48.06733],[34.22962,48.07337],[34.1959,48.06767],[34.19972,48.05802],[34.19208,48.05639],[34.17697,48.06779],[34.18348,48.07583],[34.15764,48.07214],[34.11069,48.10215],[34.08451,48.10165],[34.05895,48.15179],[34.01649,48.14179],[34.00481,48.18514],[33.9834,48.18335],[33.97668,48.18949],[33.93497,48.17906],[33.94519,48.18796],[33.94213,48.20134],[33.92928,48.20092],[33.92356,48.22292],[33.88609,48.21856],[33.87508,48.25925],[33.83713,48.25803],[33.83341,48.25021],[33.81067,48.2552],[33.80826,48.26355],[33.7794,48.25707],[33.77202,48.28591],[33.74167,48.28196],[33.74764,48.26183],[33.74125,48.25808],[33.73914,48.2648],[33.68468,48.25937],[33.68439,48.24945],[33.67187,48.25085],[33.66955,48.26055],[33.63949,48.25632],[33.62173,48.25029],[33.62523,48.24513],[33.60877,48.24287],[33.6046,48.25784],[33.62441,48.29107],[33.61314,48.31763],[33.5876,48.31852],[33.56972,48.31408],[33.57773,48.25242],[33.54453,48.23951]]],[[[34.64945,48.44914],[34.64743,48.44326],[34.65642,48.44426],[34.64945,48.44914]]]]}},{"type":"Feature","properties":{"name":"Тульчинський район","oblast":"Вінницька область","centroid":[28.7491,48.5257]},"geometry":{"type":"Polygon","coordinates":[[[28.50284,48.32964],[28.46413,48.34601],[28.47588,48.36356],[28.44949,48.37579],[28.45737,48.38337],[28.4505,48.39483],[28.45872,48.39951],[28.46512,48.42307],[28.45777,48.43005],[28.39317,48.40967],[28.3713,48.43951],[28.37846,48.44267],[28.35263,48.46886],[28.33738,48.47296],[28.34757,48.48608],[28.31798,48.48889],[28.31967,48.50669],[28.35054,48.51408],[28.34764,48.52403],[28.32097,48.53538],[28.31634,48.54784],[28.29635,48.55653],[28.29984,48.57309],[28.34268,48.60196],[28.35143,48.61436],[28.36677,48.61153],[28.38312,48.62705],[28.39228,48.61722],[28.40522,48.63075],[28.39361,48.64521],[28.39703,48.64222],[28.40433,48.6511],[28.47092,48.68036],[28.45138,48.69793],[28.46032,48.73026],[28.4167,48.75948],[28.39858,48.75291],[28.37744,48.76405],[28.38328,48.76877],[28.37178,48.77369],[28.4016,48.78908],[28.38356,48.78711],[28.37469,48.79979],[28.33689,48.8168],[28.33538,48.82235],[28.34957,48.82212],[28.35759,48.83698],[28.37638,48.84298],[28.37397,48.85135],[28.381,48.8651],[28.39936,48.8578],[28.4022,48.86268],[28.39598,48.86691],[28.41562,48.86625],[28.44016,48.8546],[28.44382,48.86854],[28.45777,48.86461],[28.46604,48.85399],[28.48641,48.85002],[28.48856,48.84217],[28.5262,48.84021],[28.53661,48.85524],[28.51755,48.87498],[28.55074,48.89467],[28.56379,48.88431],[28.59715,48.88198],[28.62505,48.93299],[28.64004,48.93052],[28.64408,48.92709],[28.63891,48.92264],[28.65013,48.9167],[28.63646,48.90627],[28.63258,48.89435],[28.65513,48.88817],[28.66741,48.87017],[28.70878,48.87432],[28.71567,48.87067],[28.71298,48.86407],[28.72901,48.85753],[28.74426,48.86203],[28.74648,48.87214],[28.77136,48.89289],[28.79554,48.90295],[28.80731,48.89509],[28.8111,48.87202],[28.82758,48.87424],[28.82692,48.84638],[28.84566,48.85315],[28.87285,48.84903],[28.90274,48.83286],[28.89364,48.85248],[28.90581,48.85321],[28.89944,48.86162],[28.91858,48.8656],[28.90904,48.88149],[28.91765,48.88801],[28.90904,48.8958],[28.91468,48.89868],[28.90472,48.90769],[28.93331,48.914],[28.9721,48.90232],[28.96241,48.87213],[28.95237,48.87058],[28.96461,48.86431],[28.9607,48.85483],[28.9816,48.84899],[29.01087,48.85464],[29.00183,48.85007],[29.00256,48.83605],[29.01038,48.82785],[29.09655,48.83571],[29.13471,48.82867],[29.14533,48.81527],[29.10372,48.8149],[29.10304,48.80841],[29.11979,48.79006],[29.11449,48.78443],[29.11673,48.77568],[29.09765,48.77463],[29.10009,48.77087],[29.0755,48.75284],[29.09964,48.73158],[29.1446,48.72153],[29.1225,48.70841],[29.07824,48.72724],[29.06232,48.72266],[29.07825,48.70871],[29.07666,48.69639],[29.0881,48.68557],[29.0985,48.69054],[29.10699,48.68335],[29.12004,48.69169],[29.1418,48.67292],[29.17394,48.67151],[29.16919,48.66898],[29.17531,48.66054],[29.15799,48.63001],[29.16503,48.61444],[29.14224,48.60827],[29.15267,48.59612],[29.14289,48.58938],[29.15454,48.57502],[29.13526,48.58334],[29.12414,48.57893],[29.10525,48.59212],[29.07327,48.58953],[29.07019,48.58109],[29.05364,48.58047],[29.07371,48.57253],[29.07388,48.5662],[29.06641,48.5714],[29.0528,48.56553],[29.03598,48.57187],[29.01188,48.55991],[29.01854,48.557],[28.99393,48.55367],[28.95826,48.56218],[28.95212,48.55262],[28.92475,48.55871],[28.89243,48.55152],[28.8761,48.53654],[28.88099,48.52808],[28.87714,48.52084],[28.91685,48.52315],[28.93118,48.50425],[28.9424,48.51509],[28.96313,48.52039],[28.97066,48.5087],[28.96176,48.50436],[28.99323,48.48675],[28.98725,48.45942],[28.99318,48.45488],[29.0606,48.45583],[29.09489,48.44856],[29.09638,48.42651],[29.07731,48.41339],[29.03915,48.41461],[29.03627,48.39934],[29.04751,48.37795],[29.03229,48.35635],[29.04894,48.34075],[29.08107,48.32784],[29.08802,48.3275],[29.08352,48.33581],[29.09324,48.33448],[29.09727,48.34002],[29.10459,48.33605],[29.1072,48.31783],[29.07817,48.31297],[29.07905,48.30299],[29.10343,48.2914],[29.11182,48.27333],[29.09981,48.26808],[29.10275,48.26075],[29.09368,48.24647],[29.07436,48.23703],[29.07201,48.22052],[29.06121,48.20917],[29.06466,48.19503],[29.0573,48.18934],[29.05979,48.17976],[29.05367,48.18178],[29.0442,48.16912],[29.04282,48.15779],[29.04989,48.15025],[29.03268,48.12579],[29.01905,48.13134],[29.0049,48.1506],[28.99375,48.1519],[28.98438,48.145],[28.96898,48.1543],[28.94538,48.1568],[28.9331,48.12638],[28.93082,48.09492],[28.86898,48.08155],[28.86926,48.069],[28.84772,48.07873],[28.85755,48.10286],[28.83349,48.12881],[28.81393,48.1243],[28.80648,48.13455],[28.79466,48.12626],[28.77187,48.12482],[28.75464,48.13611],[28.72182,48.12613],[28.70653,48.12958],[28.68779,48.12463],[28.67764,48.14279],[28.68209,48.14679],[28.6475,48.14329],[28.64913,48.152],[28.61138,48.15708],[28.59192,48.17329],[28.57936,48.16663],[28.57055,48.1741],[28.57845,48.18128],[28.56698,48.17904],[28.56119,48.18997],[28.57669,48.20119],[28.58516,48.19846],[28.59081,48.21193],[28.56291,48.22126],[28.57196,48.23604],[28.54035,48.2602],[28.50072,48.26605],[28.51193,48.28741],[28.50284,48.32964]]]}},{"type":"Feature","properties":{"name":"Жмеринський район","oblast":"Вінницька область","centroid":[27.9542,48.9268]},"geometry":{"type":"Polygon","coordinates":[[[28.25214,48.92515],[28.27145,48.90867],[28.2797,48.91212],[28.30869,48.88621],[28.30059,48.87368],[28.28994,48.87786],[28.29424,48.87368],[28.28755,48.86439],[28.29777,48.86193],[28.31467,48.83965],[28.34257,48.82611],[28.33538,48.82235],[28.33689,48.8168],[28.37469,48.79979],[28.38356,48.78711],[28.4016,48.78908],[28.37178,48.77369],[28.38328,48.76877],[28.37744,48.76405],[28.39858,48.75291],[28.4167,48.75948],[28.46032,48.73026],[28.45138,48.69793],[28.47092,48.68036],[28.40433,48.6511],[28.39703,48.64222],[28.39361,48.64521],[28.40522,48.63075],[28.39169,48.61672],[28.38312,48.62705],[28.36677,48.61153],[28.35143,48.61436],[28.34268,48.60196],[28.29984,48.57309],[28.24406,48.60397],[28.22626,48.59731],[28.22151,48.60482],[28.19618,48.61345],[28.17463,48.60681],[28.17307,48.61947],[28.1454,48.61531],[28.11319,48.61827],[28.10602,48.62614],[28.09814,48.62315],[28.08094,48.6436],[28.08428,48.64986],[28.05813,48.65201],[28.03322,48.63995],[27.97536,48.64157],[27.95881,48.67798],[27.90355,48.685],[27.91321,48.69101],[27.91573,48.71037],[27.90544,48.72392],[27.88845,48.71957],[27.87961,48.73441],[27.87657,48.76144],[27.8814,48.7725],[27.89864,48.77411],[27.89585,48.78463],[27.86365,48.79051],[27.84273,48.81032],[27.81335,48.8144],[27.80898,48.8363],[27.78671,48.83848],[27.77229,48.81177],[27.76644,48.81465],[27.76747,48.80778],[27.75054,48.80074],[27.73326,48.80803],[27.72708,48.80385],[27.70463,48.80833],[27.70174,48.80229],[27.6557,48.82847],[27.61003,48.84277],[27.61245,48.84799],[27.58904,48.87633],[27.59401,48.88565],[27.57338,48.8824],[27.55326,48.89145],[27.54231,48.90628],[27.52878,48.90948],[27.51991,48.90202],[27.48771,48.9229],[27.46279,48.91208],[27.4547,48.89974],[27.40511,48.88872],[27.39345,48.90034],[27.39713,48.92534],[27.3922,48.93767],[27.40296,48.9528],[27.41737,48.95428],[27.41117,48.96082],[27.41801,48.97162],[27.40156,48.98035],[27.39499,48.99165],[27.39798,48.99797],[27.38156,49.00737],[27.40601,49.02939],[27.41669,49.05466],[27.42718,49.05291],[27.42829,49.06482],[27.43868,49.06529],[27.4354,49.07019],[27.50297,49.06989],[27.47998,49.08814],[27.50542,49.11023],[27.49261,49.12127],[27.50762,49.13154],[27.53279,49.1254],[27.53601,49.13841],[27.57756,49.12159],[27.59776,49.13486],[27.59217,49.14086],[27.60059,49.16071],[27.63154,49.16172],[27.63982,49.16801],[27.68681,49.14172],[27.69427,49.14495],[27.69751,49.13868],[27.71973,49.1461],[27.74095,49.13867],[27.75814,49.15376],[27.75214,49.16056],[27.76381,49.16035],[27.78255,49.17302],[27.77604,49.18989],[27.79792,49.1815],[27.79105,49.1745],[27.81486,49.18946],[27.82237,49.17918],[27.84765,49.17815],[27.85213,49.17089],[27.88086,49.17738],[27.89837,49.18664],[27.89451,49.20852],[27.88715,49.21337],[27.91525,49.23063],[27.93748,49.23613],[27.95795,49.25229],[27.96948,49.25338],[27.97346,49.26062],[27.98736,49.26193],[28.02976,49.25252],[28.03258,49.257],[28.0795,49.25132],[28.09053,49.24189],[28.11136,49.23777],[28.12,49.23162],[28.10538,49.2309],[28.11156,49.21979],[28.10436,49.21759],[28.10737,49.19922],[28.09461,49.19437],[28.13538,49.17416],[28.16302,49.1793],[28.16365,49.17276],[28.17674,49.17263],[28.15557,49.16237],[28.17323,49.14632],[28.20337,49.13594],[28.19788,49.12274],[28.21348,49.12316],[28.22227,49.10965],[28.23148,49.10762],[28.22677,49.10094],[28.23477,49.08928],[28.25118,49.0908],[28.22925,49.08739],[28.23303,49.07945],[28.19098,49.08023],[28.19881,49.07345],[28.18849,49.05886],[28.21568,49.03744],[28.2045,49.03638],[28.21161,49.03173],[28.20574,49.02751],[28.23402,49.0135],[28.22168,49.00842],[28.22978,48.99629],[28.22804,48.98625],[28.23347,48.98507],[28.23176,48.99388],[28.23778,48.99822],[28.24931,48.99287],[28.27374,49.00027],[28.29622,48.98625],[28.28328,48.98404],[28.29164,48.97491],[28.28378,48.96987],[28.28544,48.95972],[28.27263,48.93936],[28.27271,48.92727],[28.25214,48.92515]]]}},{"type":"Feature","properties":{"name":"Могилів-Подільський район","oblast":"Вінницька область","centroid":[27.9417,48.5214]},"geometry":{"type":"Polygon","coordinates":[[[27.57055,48.48632],[27.58652,48.49199],[27.60223,48.48941],[27.59126,48.46117],[27.64361,48.44182],[27.67896,48.44013],[27.73645,48.4569],[27.76224,48.4562],[27.80929,48.43236],[27.82003,48.4194],[27.8717,48.40548],[27.88814,48.36708],[27.95441,48.32814],[28.04178,48.32603],[28.07055,48.31926],[28.09343,48.29368],[28.07931,48.24614],[28.0904,48.23414],[28.10456,48.23087],[28.12879,48.24112],[28.14449,48.26262],[28.17771,48.25702],[28.18683,48.25123],[28.18201,48.24],[28.18612,48.21616],[28.20833,48.20476],[28.30317,48.24143],[28.3217,48.23304],[28.34191,48.24645],[28.35475,48.24557],[28.36999,48.22144],[28.36183,48.19112],[28.34892,48.17906],[28.30742,48.16058],[28.30587,48.14031],[28.32212,48.13276],[28.34926,48.13569],[28.38316,48.1751],[28.41153,48.17755],[28.42837,48.17239],[28.43988,48.14448],[28.42336,48.13127],[28.42185,48.1214],[28.43417,48.11169],[28.43699,48.09762],[28.45259,48.07975],[28.48993,48.06614],[28.50105,48.06767],[28.49152,48.07627],[28.49812,48.11469],[28.49147,48.11931],[28.52114,48.13826],[28.50294,48.15079],[28.52972,48.15327],[28.54496,48.16937],[28.5705,48.17625],[28.57735,48.18245],[28.56698,48.17904],[28.56133,48.19019],[28.58846,48.20307],[28.59081,48.21193],[28.56291,48.22126],[28.57196,48.23604],[28.54977,48.25409],[28.52855,48.26386],[28.50072,48.26605],[28.51158,48.28235],[28.50462,48.30304],[28.50722,48.32258],[28.50239,48.33071],[28.46413,48.34601],[28.47588,48.36356],[28.44949,48.37579],[28.45737,48.38337],[28.4505,48.39483],[28.45872,48.39951],[28.46512,48.42307],[28.45777,48.43005],[28.39317,48.40967],[28.3713,48.43951],[28.37846,48.44267],[28.35263,48.46886],[28.33738,48.47296],[28.34757,48.48608],[28.31798,48.48889],[28.31967,48.50669],[28.35054,48.51408],[28.35038,48.51968],[28.32097,48.53538],[28.31634,48.54784],[28.29635,48.55653],[28.29984,48.57309],[28.24406,48.60397],[28.22626,48.59731],[28.22151,48.60482],[28.19618,48.61345],[28.17463,48.60681],[28.17307,48.61947],[28.1454,48.61531],[28.11319,48.61827],[28.10602,48.62614],[28.09814,48.62315],[28.08094,48.6436],[28.08428,48.64986],[28.05813,48.65201],[28.03322,48.63995],[27.97536,48.64157],[27.95881,48.67798],[27.90355,48.685],[27.91321,48.69101],[27.91573,48.71037],[27.90544,48.72392],[27.88845,48.71957],[27.87961,48.73441],[27.87657,48.76144],[27.8814,48.7725],[27.89864,48.77411],[27.89585,48.78463],[27.86365,48.79051],[27.84273,48.81032],[27.81335,48.8144],[27.80898,48.8363],[27.78671,48.83848],[27.77229,48.81177],[27.76644,48.81465],[27.76747,48.80778],[27.75054,48.80074],[27.73326,48.80803],[27.72708,48.80385],[27.70463,48.80833],[27.70174,48.80229],[27.6557,48.82847],[27.61003,48.84277],[27.61245,48.84799],[27.58904,48.87633],[27.59401,48.88565],[27.57338,48.8824],[27.55326,48.89145],[27.54231,48.90628],[27.52878,48.90948],[27.51991,48.90202],[27.48734,48.92285],[27.46279,48.91208],[27.4547,48.89974],[27.40511,48.88872],[27.4152,48.88167],[27.41296,48.84903],[27.41772,48.83744],[27.41306,48.83628],[27.41833,48.81953],[27.41101,48.81166],[27.42746,48.79657],[27.40345,48.77345],[27.40899,48.76762],[27.38956,48.76465],[27.39058,48.75655],[27.4169,48.73961],[27.39929,48.72686],[27.41426,48.70077],[27.40468,48.69445],[27.40756,48.68696],[27.39814,48.6886],[27.39007,48.68051],[27.3893,48.66253],[27.37166,48.62895],[27.42159,48.61525],[27.45723,48.58955],[27.48238,48.53675],[27.47862,48.50685],[27.49791,48.48392],[27.53152,48.46961],[27.57055,48.48632]]]}},{"type":"Feature","properties":{"name":"Бердичівський район","oblast":"Житомирська область","centroid":[28.8431,49.8682]},"geometry":{"type":"Polygon","coordinates":[[[29.50523,49.64919],[29.51348,49.66285],[29.48899,49.66892],[29.49075,49.7078],[29.49803,49.71355],[29.44535,49.71344],[29.43517,49.72935],[29.44462,49.73208],[29.46204,49.76192],[29.43042,49.81714],[29.40975,49.8091],[29.38484,49.82381],[29.39697,49.83069],[29.38218,49.84961],[29.36575,49.85244],[29.36472,49.85849],[29.32808,49.85933],[29.33135,49.85272],[29.31945,49.84877],[29.33102,49.84713],[29.33037,49.84158],[29.32242,49.83221],[29.30855,49.83333],[29.2962,49.85934],[29.2494,49.86216],[29.25085,49.88168],[29.23552,49.88183],[29.23474,49.88694],[29.24834,49.89227],[29.23482,49.93135],[29.21075,49.94314],[29.22067,49.9625],[29.21281,49.96651],[29.27897,49.9642],[29.28262,49.98679],[29.27256,49.99414],[29.27954,49.99592],[29.2782,50.00316],[29.2692,50.01227],[29.30074,50.02439],[29.27716,50.05011],[29.25058,50.05422],[29.25706,50.06582],[29.27307,50.07177],[29.27072,50.09904],[29.22213,50.11043],[29.23494,50.12379],[29.22375,50.12544],[29.219,50.13663],[29.19141,50.13538],[29.19915,50.1477],[29.16261,50.1428],[29.16433,50.09033],[29.14028,50.08743],[29.12192,50.06375],[29.1087,50.0703],[29.09688,50.06148],[29.07788,50.07528],[29.06344,50.06301],[29.01451,50.08014],[28.99381,50.06279],[28.98222,50.06452],[28.95696,50.05],[28.92368,50.05498],[28.93068,50.06119],[28.92881,50.07746],[28.93747,50.08395],[28.92998,50.09279],[28.9488,50.09903],[28.93799,50.10962],[28.94216,50.11346],[28.93824,50.11789],[28.94925,50.12404],[28.96201,50.14851],[28.9421,50.15344],[28.89802,50.13373],[28.85616,50.10479],[28.87248,50.09795],[28.87191,50.09028],[28.83587,50.08227],[28.81848,50.08974],[28.80849,50.07692],[28.77951,50.07041],[28.76982,50.03835],[28.74181,50.04488],[28.71515,50.06084],[28.70904,50.05693],[28.67937,50.06237],[28.63966,50.03792],[28.64125,50.04409],[28.61521,50.04803],[28.61303,50.04226],[28.59985,50.04424],[28.5941,50.03585],[28.51958,50.05082],[28.49745,50.04571],[28.46484,50.0488],[28.46061,50.04107],[28.46449,50.03133],[28.42692,50.02873],[28.41927,50.01225],[28.40912,50.0107],[28.4112,50.00557],[28.38414,49.98536],[28.38969,49.98156],[28.39044,49.96676],[28.38579,49.94602],[28.3429,49.90537],[28.28597,49.92017],[28.28322,49.91361],[28.27839,49.91534],[28.28159,49.9225],[28.27466,49.92389],[28.24579,49.90235],[28.22531,49.90156],[28.21791,49.88794],[28.18288,49.8863],[28.14559,49.87017],[28.14466,49.8626],[28.13421,49.85775],[28.14266,49.85603],[28.14219,49.84754],[28.12545,49.84274],[28.13194,49.85653],[28.08653,49.85049],[28.0824,49.87434],[28.07177,49.88133],[28.0822,49.88647],[28.06848,49.8919],[28.06826,49.90265],[28.01965,49.90302],[27.99592,49.91775],[27.96504,49.92006],[27.96893,49.90265],[27.93148,49.89372],[27.92751,49.87971],[27.89662,49.86835],[27.87384,49.83375],[27.88776,49.82661],[27.88421,49.81939],[27.88893,49.81666],[27.87963,49.80175],[27.88799,49.79117],[27.88431,49.78571],[27.92672,49.77528],[27.91884,49.76695],[27.98037,49.78012],[28.04217,49.77049],[28.10967,49.77363],[28.15417,49.78909],[28.21321,49.79179],[28.22002,49.79025],[28.21696,49.78502],[28.22613,49.78519],[28.22823,49.79496],[28.2448,49.79758],[28.24336,49.81392],[28.24939,49.81504],[28.26181,49.81005],[28.26265,49.79954],[28.29748,49.80141],[28.34877,49.79252],[28.3791,49.78036],[28.40667,49.79198],[28.41167,49.81046],[28.42043,49.81221],[28.41634,49.81418],[28.42187,49.8249],[28.46949,49.82275],[28.48197,49.80716],[28.52853,49.82049],[28.56984,49.77403],[28.60114,49.78188],[28.60222,49.81015],[28.62829,49.81542],[28.63978,49.8093],[28.63639,49.81732],[28.69008,49.79942],[28.68752,49.80494],[28.7063,49.80954],[28.71857,49.80712],[28.72565,49.79655],[28.73399,49.79823],[28.74613,49.8176],[28.75898,49.8183],[28.75884,49.82329],[28.75026,49.82276],[28.75071,49.84443],[28.78482,49.8426],[28.78391,49.85157],[28.84391,49.85995],[28.85728,49.88857],[28.87893,49.88855],[28.89874,49.88177],[28.8955,49.87318],[28.91008,49.86652],[28.90313,49.86329],[28.93865,49.85297],[28.9409,49.84484],[28.95375,49.83991],[28.9444,49.81954],[28.96083,49.82087],[28.96148,49.8094],[28.97022,49.80363],[28.94218,49.78383],[28.9658,49.7765],[28.96406,49.75497],[29.00217,49.73859],[29.0048,49.7266],[28.99566,49.72754],[28.99062,49.71898],[28.99484,49.71663],[28.97606,49.69817],[28.96447,49.69952],[28.95763,49.68429],[28.94574,49.67883],[28.9637,49.67257],[28.98555,49.65009],[28.97909,49.6491],[28.98237,49.64475],[29.01006,49.63254],[28.98511,49.60339],[28.99363,49.59725],[29.02678,49.59043],[29.10507,49.59334],[29.11674,49.58364],[29.15075,49.59302],[29.18946,49.58726],[29.20375,49.59412],[29.213,49.58763],[29.24154,49.6035],[29.25253,49.59012],[29.27571,49.59009],[29.27578,49.62712],[29.32776,49.62805],[29.33996,49.61427],[29.35434,49.62779],[29.37997,49.61983],[29.39608,49.64764],[29.40992,49.65921],[29.42692,49.65202],[29.43118,49.66214],[29.50523,49.64919]]]}},{"type":"Feature","properties":{"name":"Звягельський район","oblast":"Житомирська область","centroid":[27.6821,50.6756]},"geometry":{"type":"Polygon","coordinates":[[[27.58458,51.08224],[27.60172,51.07514],[27.6062,51.08001],[27.62512,51.07742],[27.66651,51.03827],[27.66058,51.01341],[27.70341,51.00777],[27.70389,50.99725],[27.70899,50.99633],[27.74971,50.99646],[27.77356,51.01183],[27.74951,51.02962],[27.7637,51.03541],[27.75331,51.04764],[27.80292,51.05445],[27.92857,51.0487],[27.95191,51.06985],[27.95552,51.05759],[27.99262,51.0601],[28.02851,51.05085],[28.03413,51.04661],[28.02983,51.03887],[28.0517,51.02989],[28.10375,51.02329],[28.12716,51.02737],[28.12304,51.01856],[28.13134,51.01391],[28.1061,50.98727],[28.15713,50.96693],[28.14037,50.96485],[28.16708,50.93562],[28.17087,50.923],[28.11675,50.87707],[28.1127,50.86411],[28.13069,50.85791],[28.15206,50.81863],[28.14937,50.80362],[28.17481,50.79708],[28.16629,50.7841],[28.24226,50.75238],[28.22828,50.74352],[28.24156,50.73745],[28.24335,50.72624],[28.26223,50.72128],[28.26081,50.71165],[28.24206,50.70831],[28.28161,50.68049],[28.2774,50.6688],[28.25439,50.65392],[28.23994,50.633],[28.20747,50.62648],[28.17901,50.61029],[28.13232,50.60303],[28.09528,50.58552],[28.04302,50.59429],[28.05505,50.56287],[28.04243,50.54987],[28.01738,50.54497],[28.01251,50.53199],[27.99548,50.53867],[27.98802,50.52891],[27.99637,50.52043],[27.93781,50.5116],[27.94668,50.50899],[27.92719,50.47872],[27.93929,50.47559],[27.93572,50.45633],[27.9457,50.43604],[27.92941,50.42901],[27.94417,50.42372],[27.95533,50.40539],[27.92296,50.40404],[28.04587,50.38552],[28.0484,50.37892],[28.03409,50.35822],[28.06659,50.34078],[28.06144,50.33622],[28.04345,50.3298],[28.02554,50.33434],[28.01568,50.32138],[27.98327,50.33006],[27.97439,50.29412],[27.96739,50.29256],[27.97154,50.28255],[27.90554,50.28977],[27.90035,50.27765],[27.88743,50.27842],[27.88355,50.26972],[27.86697,50.26819],[27.86157,50.22689],[27.85623,50.22825],[27.86155,50.24113],[27.80208,50.24843],[27.80299,50.25481],[27.74769,50.24899],[27.75018,50.24083],[27.77388,50.24305],[27.77834,50.22626],[27.75347,50.22437],[27.75343,50.23206],[27.71795,50.22858],[27.71312,50.21334],[27.69006,50.216],[27.68626,50.22255],[27.69979,50.2309],[27.69534,50.23765],[27.6658,50.23224],[27.68281,50.21338],[27.66059,50.22089],[27.66601,50.21885],[27.65173,50.20733],[27.66152,50.20226],[27.65148,50.19899],[27.6571,50.19291],[27.63651,50.18827],[27.64207,50.17231],[27.6228,50.1696],[27.6228,50.19949],[27.60777,50.19631],[27.60771,50.21459],[27.59298,50.21566],[27.60212,50.24267],[27.59746,50.25854],[27.57694,50.25864],[27.56247,50.24586],[27.54322,50.24591],[27.52708,50.22526],[27.52099,50.22546],[27.4894,50.23931],[27.48099,50.2572],[27.44264,50.26117],[27.44474,50.27544],[27.42411,50.27639],[27.42217,50.27155],[27.39547,50.28751],[27.41802,50.29606],[27.41657,50.30746],[27.36367,50.33305],[27.31558,50.33174],[27.31301,50.34052],[27.32316,50.354],[27.3212,50.36777],[27.24837,50.39276],[27.25903,50.42445],[27.29136,50.45815],[27.2912,50.47695],[27.30133,50.49313],[27.2678,50.49178],[27.25894,50.51311],[27.2074,50.53182],[27.19649,50.56208],[27.23087,50.56711],[27.21519,50.58832],[27.22457,50.60536],[27.18642,50.62536],[27.20522,50.6285],[27.20048,50.63268],[27.2138,50.6397],[27.2075,50.64364],[27.21359,50.65737],[27.20355,50.65975],[27.20373,50.66612],[27.24461,50.67307],[27.25431,50.68927],[27.2502,50.69266],[27.26134,50.69855],[27.25878,50.70352],[27.27241,50.71199],[27.27537,50.72105],[27.2701,50.72903],[27.2738,50.73428],[27.26257,50.74561],[27.27154,50.76129],[27.24243,50.77006],[27.24364,50.79284],[27.2337,50.79546],[27.24174,50.82562],[27.23204,50.8392],[27.24907,50.85764],[27.24373,50.86977],[27.25685,50.89597],[27.21676,50.91994],[27.2204,50.93085],[27.23872,50.93685],[27.23395,50.9381],[27.23828,50.94541],[27.22308,50.95217],[27.22571,50.96226],[27.1999,51.00013],[27.22629,51.00795],[27.22868,51.0219],[27.22,51.03012],[27.32584,51.04225],[27.31744,51.05251],[27.32363,51.08043],[27.33371,51.0828],[27.36019,51.07676],[27.35888,51.05906],[27.39611,51.05793],[27.43194,51.06798],[27.44595,51.04441],[27.41867,51.02947],[27.42356,51.01973],[27.38317,51.00159],[27.35305,51.0121],[27.35711,51.0038],[27.389,50.98534],[27.39309,50.99532],[27.40162,50.99326],[27.40749,50.99978],[27.41724,50.99766],[27.45373,51.01056],[27.47981,51.0444],[27.47042,51.0514],[27.54906,51.07805],[27.57704,51.0681],[27.57144,51.05678],[27.58624,51.05654],[27.57913,51.08049],[27.58458,51.08224]],[[27.4583,50.99086],[27.49196,50.99449],[27.46289,51.00152],[27.45248,50.99768],[27.4583,50.99086]]]}},{"type":"Feature","properties":{"name":"Уманський район","oblast":"Черкаська область","centroid":[30.1466,48.9157]},"geometry":{"type":"Polygon","coordinates":[[[30.41503,49.21454],[30.39137,49.21181],[30.39798,49.20799],[30.39401,49.19229],[30.40303,49.19434],[30.42378,49.18306],[30.47607,49.18198],[30.47862,49.1422],[30.56022,49.15544],[30.56811,49.14269],[30.5563,49.1132],[30.5453,49.11228],[30.53687,49.08767],[30.55332,49.08262],[30.5423,49.0768],[30.54794,49.06442],[30.53462,49.03844],[30.55623,49.0338],[30.56129,49.01655],[30.54356,48.9945],[30.52997,48.9954],[30.52401,48.98529],[30.51423,48.98723],[30.51081,48.98186],[30.51963,48.97413],[30.50598,48.97442],[30.4877,48.96386],[30.48919,48.95871],[30.47736,48.94803],[30.48749,48.94469],[30.48066,48.93526],[30.46873,48.9342],[30.48029,48.93435],[30.48215,48.9271],[30.4725,48.91786],[30.48229,48.91472],[30.4598,48.91441],[30.44617,48.89556],[30.45588,48.8907],[30.46048,48.8727],[30.47728,48.87202],[30.47449,48.87875],[30.53725,48.85373],[30.47891,48.82067],[30.47497,48.81544],[30.48827,48.80854],[30.47395,48.78746],[30.46697,48.78611],[30.53195,48.74324],[30.52575,48.74064],[30.54369,48.72477],[30.55973,48.73226],[30.6011,48.69903],[30.61103,48.69777],[30.59862,48.66309],[30.55163,48.65407],[30.52946,48.62777],[30.57089,48.60571],[30.55769,48.59553],[30.56786,48.59138],[30.56655,48.56723],[30.54112,48.57078],[30.53233,48.5658],[30.47354,48.56541],[30.45287,48.5833],[30.40291,48.57387],[30.38725,48.54247],[30.38649,48.52702],[30.32541,48.52185],[30.30724,48.51214],[30.25479,48.50541],[30.25611,48.48907],[30.22053,48.47982],[30.16265,48.50352],[30.15164,48.4968],[30.15581,48.48594],[30.14463,48.4727],[30.13052,48.47052],[30.12968,48.46286],[30.12254,48.46321],[30.12073,48.45356],[30.11374,48.45215],[30.0872,48.45781],[30.08373,48.46572],[30.04983,48.48275],[29.99982,48.47799],[30.00245,48.47237],[29.96145,48.47274],[29.96661,48.49156],[30.00062,48.49217],[30.00647,48.51345],[29.99071,48.51428],[29.99312,48.51995],[30.02077,48.51923],[30.02011,48.53949],[30.00799,48.54186],[30.00336,48.55173],[30.00593,48.57319],[29.95648,48.58386],[29.94787,48.59439],[29.95122,48.60876],[29.98984,48.61368],[29.98669,48.62051],[29.99272,48.63212],[29.9777,48.63517],[29.95629,48.65862],[29.94476,48.65768],[29.94686,48.66992],[29.91725,48.67155],[29.87267,48.70278],[29.86091,48.69959],[29.8656,48.7081],[29.85608,48.71385],[29.86762,48.7346],[29.88141,48.73132],[29.88441,48.73711],[29.85963,48.75855],[29.86655,48.76327],[29.80029,48.77416],[29.80501,48.7783],[29.76586,48.78622],[29.76151,48.84713],[29.73171,48.85457],[29.72729,48.88601],[29.70948,48.89754],[29.73563,48.9082],[29.69998,48.91689],[29.68707,48.91217],[29.66605,48.92637],[29.66781,48.93116],[29.652,48.93689],[29.66075,48.9484],[29.65206,48.95985],[29.69583,49.00054],[29.68357,49.00633],[29.69067,49.01221],[29.68245,49.01348],[29.68476,49.02698],[29.63928,49.01178],[29.60603,49.05661],[29.63047,49.04709],[29.6287,49.05147],[29.64147,49.05685],[29.63433,49.06081],[29.65051,49.09668],[29.68716,49.0888],[29.67806,49.11226],[29.73356,49.12286],[29.73117,49.13198],[29.71952,49.13164],[29.71201,49.14233],[29.70981,49.15521],[29.71754,49.15635],[29.71764,49.17952],[29.72694,49.1821],[29.72592,49.20291],[29.71063,49.20715],[29.70411,49.22532],[29.7186,49.22102],[29.73655,49.22836],[29.75413,49.22688],[29.74503,49.22288],[29.74181,49.21137],[29.72747,49.20812],[29.7603,49.17969],[29.8145,49.18677],[29.82058,49.17862],[29.85812,49.18843],[29.88288,49.18607],[29.87688,49.20027],[29.89762,49.20482],[29.89381,49.20847],[29.90892,49.21649],[29.90423,49.22167],[29.921,49.23032],[29.93227,49.24857],[29.95556,49.25216],[29.95706,49.28559],[29.94446,49.30167],[29.94711,49.31216],[29.96001,49.30645],[29.98327,49.31547],[30.00742,49.31513],[30.01042,49.32787],[30.02648,49.33438],[30.07074,49.32518],[30.08623,49.31253],[30.082,49.2992],[30.08891,49.28514],[30.11233,49.27032],[30.12333,49.289],[30.10714,49.30292],[30.13227,49.31381],[30.13662,49.33134],[30.14854,49.33498],[30.1489,49.32674],[30.20042,49.32816],[30.18974,49.27509],[30.25838,49.27146],[30.36651,49.25521],[30.36443,49.24497],[30.37493,49.24353],[30.37586,49.23641],[30.39783,49.30343],[30.4389,49.30165],[30.46545,49.28973],[30.45874,49.27431],[30.5149,49.25335],[30.49469,49.20011],[30.41503,49.21454]]]}},{"type":"Feature","properties":{"name":"Звенигородський район","oblast":"Черкаська область","centroid":[31.021,49.0589]},"geometry":{"type":"Polygon","coordinates":[[[31.52913,49.14381],[31.53724,49.14123],[31.52995,49.12559],[31.56346,49.1225],[31.61012,49.10065],[31.62066,49.10174],[31.61731,49.06673],[31.63339,49.00811],[31.62588,49.00724],[31.62432,48.97194],[31.66234,48.96108],[31.67772,48.94632],[31.6967,48.96397],[31.68991,48.97065],[31.6932,48.97604],[31.71472,48.97837],[31.71418,48.98529],[31.72563,48.98637],[31.71914,48.9626],[31.72962,48.95452],[31.74507,48.96229],[31.76995,48.93577],[31.75106,48.92605],[31.72519,48.93388],[31.69846,48.93098],[31.68952,48.89641],[31.68116,48.9017],[31.64027,48.90033],[31.6389,48.90803],[31.60221,48.90253],[31.59887,48.89256],[31.58069,48.88786],[31.59481,48.90618],[31.58172,48.91268],[31.56688,48.89992],[31.57719,48.89669],[31.56862,48.89158],[31.58097,48.88494],[31.57427,48.88082],[31.58201,48.87518],[31.55915,48.86309],[31.56706,48.85717],[31.55443,48.83701],[31.56213,48.83472],[31.55887,48.82869],[31.52706,48.81625],[31.52815,48.80425],[31.46799,48.78861],[31.42276,48.7637],[31.43601,48.75384],[31.42426,48.74295],[31.4189,48.75566],[31.41241,48.75645],[31.41492,48.74847],[31.40466,48.73934],[31.39172,48.73564],[31.397,48.74825],[31.38743,48.74263],[31.38451,48.72824],[31.37111,48.72994],[31.35777,48.74177],[31.35201,48.73998],[31.35372,48.72748],[31.33025,48.72572],[31.31913,48.73096],[31.30965,48.75872],[31.28565,48.75843],[31.26148,48.74844],[31.24959,48.76652],[31.2161,48.76846],[31.21343,48.75715],[31.17483,48.7618],[31.1523,48.73978],[31.14258,48.7468],[31.13032,48.73664],[31.12224,48.74091],[31.11365,48.72768],[31.10078,48.73979],[31.08891,48.73904],[31.08654,48.73164],[31.0689,48.73689],[31.0697,48.74543],[31.0588,48.75438],[31.0465,48.75221],[31.03811,48.76054],[30.96643,48.76116],[30.95025,48.77158],[30.94163,48.77137],[30.94562,48.75897],[30.90153,48.76156],[30.89543,48.75456],[30.89748,48.74649],[30.88195,48.74386],[30.8728,48.74982],[30.83222,48.74966],[30.81143,48.76948],[30.80381,48.7569],[30.7531,48.77013],[30.75112,48.76085],[30.69815,48.7674],[30.63699,48.7519],[30.63535,48.73904],[30.62194,48.73978],[30.60911,48.71912],[30.576,48.72084],[30.55973,48.73226],[30.54369,48.72477],[30.52575,48.74064],[30.53195,48.74324],[30.46697,48.78611],[30.47395,48.78746],[30.48827,48.80854],[30.47497,48.81544],[30.47891,48.82067],[30.53725,48.85373],[30.47449,48.87875],[30.47728,48.87202],[30.46048,48.8727],[30.45588,48.8907],[30.44617,48.89556],[30.4598,48.91441],[30.48229,48.91472],[30.4725,48.91786],[30.48215,48.9271],[30.48029,48.93435],[30.46873,48.9342],[30.48066,48.93526],[30.48749,48.94469],[30.47736,48.94803],[30.48919,48.95871],[30.4877,48.96386],[30.50598,48.97442],[30.51963,48.97413],[30.51081,48.98186],[30.51423,48.98723],[30.52401,48.98529],[30.52997,48.9954],[30.54356,48.9945],[30.56129,49.01655],[30.55623,49.0338],[30.53462,49.03844],[30.54794,49.06442],[30.5423,49.0768],[30.55332,49.08262],[30.53687,49.08767],[30.5453,49.11228],[30.5563,49.1132],[30.56811,49.14269],[30.56022,49.15544],[30.47862,49.1422],[30.47607,49.18198],[30.42378,49.18306],[30.40303,49.19434],[30.39401,49.19229],[30.39798,49.20799],[30.39137,49.21181],[30.41503,49.21454],[30.49469,49.20011],[30.5149,49.25335],[30.45874,49.27431],[30.46545,49.28973],[30.4389,49.30165],[30.42112,49.30238],[30.41391,49.33044],[30.44184,49.33545],[30.43782,49.35233],[30.44917,49.35774],[30.47346,49.365],[30.51558,49.32777],[30.54739,49.32661],[30.54552,49.33621],[30.56711,49.35255],[30.58355,49.34969],[30.60711,49.3703],[30.63912,49.3561],[30.66043,49.3605],[30.66255,49.35416],[30.67746,49.3551],[30.70812,49.33649],[30.72872,49.33188],[30.74958,49.34506],[30.77856,49.34366],[30.79995,49.35396],[30.86605,49.35083],[30.88244,49.36289],[30.90901,49.35862],[30.92102,49.38115],[30.93058,49.38048],[30.92785,49.39097],[30.93666,49.39464],[30.93701,49.4068],[30.9211,49.4156],[30.95678,49.42381],[30.9937,49.42247],[31.00666,49.43111],[31.0052,49.451],[31.02929,49.47175],[31.03304,49.45831],[31.04391,49.45727],[31.04012,49.47377],[31.08861,49.48625],[31.11269,49.47394],[31.10932,49.46793],[31.12234,49.46011],[31.1204,49.44855],[31.14283,49.44459],[31.12946,49.42905],[31.13419,49.42465],[31.14708,49.42783],[31.18083,49.41288],[31.21593,49.41783],[31.22402,49.41275],[31.21734,49.39528],[31.2041,49.3921],[31.20448,49.39953],[31.19234,49.39561],[31.24193,49.3955],[31.25074,49.38935],[31.24482,49.38878],[31.24694,49.38512],[31.26491,49.38942],[31.26721,49.40017],[31.28589,49.39382],[31.28872,49.39808],[31.27692,49.40065],[31.27458,49.40768],[31.28442,49.41257],[31.30295,49.41431],[31.31102,49.40539],[31.33093,49.41533],[31.32627,49.43354],[31.36113,49.4334],[31.37019,49.44233],[31.36413,49.43298],[31.33214,49.42509],[31.40265,49.40997],[31.4166,49.39755],[31.42311,49.35446],[31.40488,49.33477],[31.3823,49.3279],[31.35327,49.34128],[31.33413,49.36027],[31.31166,49.35944],[31.30435,49.33268],[31.28121,49.32693],[31.291,49.31454],[31.28177,49.29748],[31.2897,49.2871],[31.28246,49.27741],[31.28332,49.26174],[31.30169,49.26257],[31.30668,49.24169],[31.32581,49.23695],[31.35861,49.21597],[31.39348,49.21011],[31.39328,49.20168],[31.45662,49.19379],[31.46205,49.19768],[31.45914,49.19337],[31.47233,49.1869],[31.46603,49.18136],[31.48257,49.16197],[31.49509,49.15359],[31.50127,49.15718],[31.51087,49.14119],[31.52913,49.14381]]]}},{"type":"Feature","properties":{"name":"Старобільський район","oblast":"Луганська область","centroid":[39.3767,49.3863]},"geometry":{"type":"Polygon","coordinates":[[[39.14851,49.12685],[39.18891,49.11704],[39.24199,49.127],[39.24709,49.1205],[39.22564,49.10918],[39.24519,49.09353],[39.275,49.08866],[39.30643,49.09981],[39.42971,49.05555],[39.44643,49.06422],[39.44772,49.07381],[39.43317,49.07727],[39.45174,49.09437],[39.44468,49.10326],[39.46293,49.10528],[39.46661,49.08679],[39.50483,49.08887],[39.49581,49.07265],[39.50109,49.07294],[39.53424,49.01568],[39.53562,48.99172],[39.58564,48.97706],[39.62599,49.00418],[39.64968,48.98287],[39.67591,48.99023],[39.66395,49.00093],[39.67845,49.01337],[39.67286,49.01682],[39.68514,49.03457],[39.67226,49.04051],[39.69295,49.05056],[39.76655,49.03985],[39.81136,49.06075],[39.87997,49.06417],[39.93781,49.05637],[39.94245,49.07028],[39.93868,49.08307],[39.97499,49.12713],[40.03102,49.17945],[40.07763,49.18705],[40.1366,49.23927],[40.20811,49.24192],[40.22781,49.26051],[40.18641,49.2812],[40.18228,49.30359],[40.20046,49.34577],[40.16961,49.35655],[40.15597,49.37283],[40.11426,49.38582],[40.07829,49.41003],[40.04583,49.44628],[40.02962,49.45409],[40.04213,49.49925],[40.03906,49.52063],[40.17039,49.56894],[40.13962,49.59599],[40.13546,49.61709],[40.06498,49.59898],[40.05794,49.60697],[39.95167,49.59767],[39.93457,49.57412],[39.89143,49.55879],[39.8388,49.56427],[39.80641,49.55813],[39.7502,49.59747],[39.65871,49.61607],[39.63896,49.63464],[39.61341,49.69127],[39.59146,49.71898],[39.61068,49.73364],[39.53837,49.74019],[39.44282,49.76037],[39.37833,49.7388],[39.28559,49.75518],[39.27429,49.76829],[39.25136,49.77639],[39.22759,49.80731],[39.22622,49.84004],[39.17992,49.88872],[39.13071,49.86136],[39.10985,49.83742],[39.06689,49.81557],[39.0305,49.82255],[38.95268,49.79769],[38.93072,49.79682],[38.91347,49.81774],[38.88912,49.81893],[38.84022,49.79453],[38.83853,49.78498],[38.79536,49.77794],[38.80039,49.76255],[38.78672,49.75553],[38.79192,49.74783],[38.77695,49.71346],[38.81601,49.70645],[38.82218,49.71767],[38.84033,49.71357],[38.84634,49.72473],[38.8647,49.72429],[38.87394,49.71752],[38.88719,49.7194],[38.89074,49.72571],[38.92153,49.69856],[38.93997,49.69189],[38.94081,49.68409],[38.95596,49.67943],[38.9491,49.6578],[38.93345,49.65342],[38.94569,49.65298],[38.94635,49.64094],[38.93006,49.63968],[38.9472,49.62374],[38.90996,49.62375],[38.89636,49.58477],[38.89903,49.55668],[38.91737,49.53411],[38.91824,49.50562],[38.89987,49.49099],[38.8998,49.4685],[38.8836,49.4527],[38.87011,49.44876],[38.86373,49.42759],[38.89546,49.41429],[38.90427,49.39732],[38.89223,49.39765],[38.89129,49.37821],[38.83066,49.37494],[38.76696,49.35333],[38.71096,49.36919],[38.69252,49.36258],[38.67815,49.37149],[38.67234,49.39389],[38.68315,49.39522],[38.67111,49.42751],[38.63722,49.43492],[38.62732,49.42619],[38.61102,49.42734],[38.60841,49.4179],[38.59061,49.41595],[38.58424,49.40035],[38.61968,49.38923],[38.62545,49.35673],[38.60643,49.34073],[38.58526,49.34235],[38.57341,49.30916],[38.56065,49.29285],[38.55097,49.29052],[38.55195,49.27971],[38.53785,49.27846],[38.53533,49.28523],[38.47681,49.28292],[38.47571,49.27123],[38.48525,49.27013],[38.4863,49.26254],[38.48336,49.25014],[38.47544,49.24678],[38.51311,49.22262],[38.51474,49.21439],[38.50411,49.20285],[38.51613,49.1973],[38.52567,49.1975],[38.52093,49.20491],[38.5424,49.20622],[38.54712,49.19862],[38.62552,49.19694],[38.62659,49.18697],[38.61338,49.17449],[38.65167,49.17582],[38.66748,49.16387],[38.689,49.16094],[38.69009,49.10497],[38.69677,49.08997],[38.7193,49.09154],[38.72235,49.06777],[38.69242,49.06624],[38.69069,49.04552],[38.70226,49.05278],[38.72431,49.04391],[38.74902,49.04992],[38.74656,49.0572],[38.81787,49.05478],[38.81558,49.09398],[38.87868,49.12154],[39.13843,49.0978],[39.14318,49.12813],[39.14851,49.12685]]]}},{"type":"Feature","properties":{"name":"Сватівський район","oblast":"Луганська область","centroid":[38.374,49.5956]},"geometry":{"type":"MultiPolygon","coordinates":[[[[38.3604,49.26236],[38.41381,49.2759],[38.42762,49.28899],[38.42338,49.30031],[38.44098,49.30786],[38.4421,49.29725],[38.4775,49.29835],[38.47681,49.28292],[38.53533,49.28523],[38.53785,49.27846],[38.55195,49.27971],[38.55097,49.29052],[38.56065,49.29285],[38.57341,49.30916],[38.58526,49.34235],[38.60643,49.34073],[38.62545,49.35673],[38.61968,49.38923],[38.58978,49.39598],[38.58424,49.40035],[38.58679,49.4102],[38.59061,49.41595],[38.60841,49.4179],[38.61102,49.42734],[38.62732,49.42619],[38.63722,49.43492],[38.67154,49.42723],[38.68315,49.39522],[38.67234,49.39389],[38.6732,49.37965],[38.69252,49.36258],[38.71096,49.36919],[38.76696,49.35333],[38.83066,49.37494],[38.89129,49.37821],[38.89223,49.39765],[38.90427,49.39732],[38.89596,49.41375],[38.86373,49.42759],[38.87011,49.44876],[38.8836,49.4527],[38.8998,49.4685],[38.89987,49.49099],[38.91824,49.50562],[38.91737,49.53411],[38.89903,49.55668],[38.89636,49.58477],[38.90996,49.62375],[38.9472,49.62374],[38.93006,49.63968],[38.94635,49.64094],[38.94569,49.65298],[38.93345,49.65342],[38.9491,49.6578],[38.95596,49.67943],[38.94081,49.68409],[38.93997,49.69189],[38.92153,49.69856],[38.89074,49.72571],[38.88719,49.7194],[38.87394,49.71752],[38.8647,49.72429],[38.84634,49.72473],[38.84033,49.71357],[38.82218,49.71767],[38.81601,49.70645],[38.77695,49.71346],[38.79192,49.74783],[38.78672,49.75553],[38.80039,49.76255],[38.79536,49.77794],[38.83853,49.78498],[38.84022,49.79453],[38.88912,49.81893],[38.91216,49.81834],[38.9067,49.8268],[38.91415,49.83094],[38.9122,49.84382],[38.90444,49.84864],[38.91845,49.85861],[38.89645,49.87053],[38.84224,49.86546],[38.8247,49.87869],[38.79562,49.88336],[38.79096,49.87827],[38.76853,49.89586],[38.74472,49.8973],[38.7335,49.90579],[38.72394,49.92711],[38.69205,49.93702],[38.68597,49.96213],[38.71855,49.98319],[38.68621,50.00741],[38.67917,50.00597],[38.67713,49.99432],[38.68067,49.97445],[38.66739,49.97192],[38.64711,49.95599],[38.61646,49.97478],[38.59177,49.97726],[38.52735,49.9587],[38.4888,49.96374],[38.47843,49.98328],[38.46497,49.98332],[38.46901,49.9953],[38.43357,50.00126],[38.41632,49.98169],[38.34985,50.00698],[38.35125,50.03559],[38.33258,50.05801],[38.3293,50.08544],[38.30046,50.0868],[38.277,50.07366],[38.25574,50.07251],[38.17877,50.07993],[38.18592,50.02262],[38.22181,49.97919],[38.19574,49.96936],[38.19796,49.96212],[38.16276,49.95156],[38.17131,49.94189],[38.12704,49.92213],[38.1246,49.94227],[38.05794,49.92367],[38.04585,49.91486],[38.03209,49.89966],[38.09353,49.84608],[38.07368,49.83601],[38.01771,49.83708],[38.00957,49.81279],[38.05488,49.79151],[38.05252,49.78345],[38.03795,49.78278],[37.99885,49.75325],[37.98256,49.75523],[37.97668,49.7678],[37.95143,49.73166],[37.97471,49.70848],[37.99077,49.71571],[38.01671,49.71292],[38.01759,49.70624],[37.99865,49.70038],[38.01338,49.69542],[38.01127,49.67744],[38.03204,49.6668],[38.02651,49.66308],[38.04579,49.65751],[37.99593,49.64779],[37.98711,49.64184],[37.99577,49.62863],[37.98052,49.62606],[37.97483,49.6116],[37.94431,49.61129],[37.9422,49.5941],[37.93409,49.58948],[37.95232,49.56855],[37.92426,49.5666],[37.90117,49.57417],[37.88643,49.54914],[37.92726,49.54786],[37.91748,49.53403],[37.88577,49.51886],[37.84682,49.52062],[37.84536,49.50124],[37.83667,49.49268],[37.8509,49.48771],[37.844,49.44523],[37.87559,49.44675],[37.87834,49.41347],[37.89627,49.40349],[37.88647,49.34172],[37.87692,49.32873],[37.88346,49.31269],[37.94855,49.30363],[37.95841,49.28516],[37.91371,49.27772],[37.89887,49.27029],[37.91178,49.2595],[37.86629,49.24637],[37.87451,49.234],[37.8732,49.22326],[37.88983,49.21918],[37.8896,49.21188],[37.93347,49.22078],[37.94256,49.21412],[37.91937,49.20663],[37.9349,49.19168],[37.89338,49.17517],[37.90254,49.16683],[37.89312,49.16036],[37.92689,49.14357],[37.9448,49.13902],[37.95577,49.14283],[37.95877,49.13599],[37.98071,49.13066],[38.04017,49.12655],[38.04365,49.1505],[38.03124,49.15139],[38.05038,49.16672],[38.05432,49.17827],[38.10254,49.17869],[38.09454,49.19277],[38.14572,49.19747],[38.19532,49.17514],[38.22353,49.18301],[38.2198,49.15913],[38.22291,49.17138],[38.22837,49.1702],[38.23575,49.18041],[38.3108,49.18668],[38.31088,49.18068],[38.35452,49.18323],[38.39553,49.18984],[38.394,49.20026],[38.38581,49.20026],[38.4081,49.20515],[38.40701,49.21147],[38.35585,49.20728],[38.35503,49.25175],[38.36445,49.25253],[38.3604,49.26236]]],[[[38.21047,49.08302],[38.21595,49.08553],[38.20649,49.09545],[38.1896,49.08915],[38.21047,49.08302]]]]}},{"type":"Feature","properties":{"name":"Щастинський район","oblast":"Луганська область","centroid":[39.2909,48.8736]},"geometry":{"type":"Polygon","coordinates":[[[39.18054,48.68773],[39.16165,48.67644],[39.14691,48.67568],[39.13958,48.6607],[39.12426,48.66126],[39.10364,48.6508],[39.04293,48.64727],[39.01101,48.66055],[39.02904,48.66306],[39.01595,48.68301],[39.01663,48.69531],[39.00221,48.69905],[38.99925,48.71191],[38.98575,48.71169],[39.00068,48.72016],[38.98071,48.74496],[38.96018,48.74648],[38.95853,48.73582],[38.94313,48.73461],[38.93381,48.73674],[38.93779,48.74758],[38.9178,48.74359],[38.90581,48.75091],[38.8779,48.7533],[38.79874,48.7523],[38.79517,48.7553],[38.80124,48.76022],[38.79054,48.75751],[38.78784,48.7657],[38.76368,48.77012],[38.75727,48.76353],[38.73763,48.76677],[38.69961,48.7592],[38.67297,48.76355],[38.65815,48.77394],[38.66655,48.7859],[38.69461,48.79922],[38.66259,48.81082],[38.67701,48.8144],[38.67208,48.82436],[38.67677,48.82663],[38.69331,48.82195],[38.69533,48.83634],[38.6636,48.84913],[38.65956,48.85697],[38.68361,48.85878],[38.72138,48.87306],[38.69713,48.88345],[38.76514,48.92735],[38.75314,48.93462],[38.76224,48.93925],[38.7726,48.93399],[38.82261,48.9737],[38.82093,49.00648],[38.80102,49.00667],[38.80095,49.01295],[38.81341,49.01264],[38.81309,49.01935],[38.82121,49.01954],[38.81558,49.09398],[38.87868,49.12154],[39.13843,49.0978],[39.14318,49.12813],[39.18891,49.11704],[39.24199,49.127],[39.24709,49.1205],[39.22564,49.10918],[39.24519,49.09353],[39.275,49.08866],[39.30643,49.09981],[39.42971,49.05555],[39.44643,49.06422],[39.44772,49.07381],[39.43317,49.07727],[39.45174,49.09437],[39.44468,49.10326],[39.46293,49.10528],[39.46661,49.08679],[39.50483,49.08887],[39.49581,49.07265],[39.50109,49.07294],[39.53424,49.01568],[39.53562,48.99172],[39.58564,48.97706],[39.62599,49.00418],[39.64968,48.98287],[39.69957,49.00084],[39.72668,48.97564],[39.75288,48.98587],[39.74871,48.97857],[39.75856,48.97552],[39.76432,48.95801],[39.77803,48.9516],[39.77195,48.94339],[39.78169,48.93554],[39.77539,48.92211],[39.79421,48.91083],[39.80512,48.91462],[39.81905,48.90788],[39.82453,48.90141],[39.81823,48.89654],[39.82701,48.88642],[39.83838,48.90322],[39.84537,48.90287],[39.8529,48.89076],[39.92502,48.89583],[39.94884,48.87644],[39.99322,48.86823],[40.00417,48.90137],[40.01764,48.9022],[40.01923,48.90964],[40.03512,48.91591],[40.06084,48.90938],[40.07235,48.87456],[40.07984,48.86995],[39.97614,48.79346],[39.94898,48.79605],[39.88523,48.82146],[39.82862,48.83147],[39.80481,48.8437],[39.79692,48.84042],[39.7914,48.82892],[39.79769,48.82467],[39.78595,48.82466],[39.77991,48.81185],[39.78394,48.79179],[39.76263,48.77287],[39.76837,48.76607],[39.74374,48.77038],[39.72576,48.75256],[39.73678,48.75098],[39.73942,48.74372],[39.72511,48.74044],[39.72348,48.72553],[39.71597,48.72786],[39.70431,48.72051],[39.71226,48.71551],[39.7051,48.706],[39.71839,48.7023],[39.71688,48.68976],[39.72329,48.68386],[39.70184,48.66952],[39.71094,48.66783],[39.70965,48.65996],[39.71612,48.65477],[39.70625,48.65691],[39.69364,48.6493],[39.69371,48.63665],[39.67003,48.62332],[39.66047,48.60813],[39.67107,48.60406],[39.66948,48.59604],[39.68023,48.59718],[39.67654,48.59082],[39.69146,48.58636],[39.67161,48.58916],[39.63413,48.58131],[39.6221,48.58717],[39.60876,48.57365],[39.59621,48.57714],[39.60644,48.58638],[39.60251,48.59218],[39.57055,48.58199],[39.56421,48.58435],[39.56865,48.59194],[39.56051,48.5992],[39.54938,48.5955],[39.54554,48.58523],[39.53121,48.58539],[39.52843,48.59018],[39.53498,48.59527],[39.52463,48.60149],[39.52821,48.61231],[39.51309,48.62232],[39.51819,48.62958],[39.51488,48.6347],[39.467,48.62874],[39.46798,48.63857],[39.45182,48.64313],[39.45223,48.65576],[39.41098,48.65841],[39.41548,48.66729],[39.4116,48.67194],[39.3574,48.69807],[39.34829,48.71208],[39.3752,48.71888],[39.35519,48.7269],[39.36127,48.73598],[39.3447,48.7571],[39.35469,48.76826],[39.32848,48.76838],[39.32575,48.7767],[39.30985,48.77441],[39.28465,48.74951],[39.27222,48.75444],[39.2684,48.7429],[39.25468,48.74242],[39.25737,48.73269],[39.24792,48.71287],[39.22937,48.71126],[39.20602,48.69928],[39.19581,48.7073],[39.18054,48.68773]]]}},{"type":"Feature","properties":{"name":"Маріупольський район","oblast":"Донецька область","centroid":[37.3709,47.1837]},"geometry":{"type":"Polygon","coordinates":[[[37.78638,47.14149],[37.8382,47.14461],[37.83952,47.16299],[37.8805,47.15696],[37.88336,47.21017],[37.84038,47.2138],[37.84349,47.23674],[37.85466,47.23903],[37.86316,47.27133],[37.79453,47.28139],[37.80624,47.30548],[37.82295,47.30929],[37.83692,47.30425],[37.83673,47.31269],[37.82702,47.31972],[37.83283,47.34177],[37.86036,47.34296],[37.86316,47.35256],[37.84737,47.349],[37.8396,47.35893],[37.69927,47.37102],[37.69424,47.34938],[37.7021,47.34882],[37.69963,47.33287],[37.63672,47.33804],[37.63778,47.34619],[37.62014,47.35023],[37.62185,47.35445],[37.58211,47.36283],[37.59019,47.37036],[37.4068,47.35624],[37.4047,47.36468],[37.42213,47.38258],[37.40701,47.39124],[37.40913,47.4003],[37.35697,47.41551],[37.33513,47.39673],[37.31131,47.41973],[37.28473,47.42057],[37.28119,47.42513],[37.28896,47.4343],[37.25931,47.44251],[37.25466,47.44763],[37.26494,47.46663],[37.25232,47.46845],[37.24473,47.46846],[37.23955,47.45973],[37.24842,47.45682],[37.19457,47.37336],[37.20342,47.35576],[37.16198,47.34144],[37.14604,47.38111],[37.10655,47.37596],[37.12218,47.34037],[37.09227,47.33007],[37.09514,47.32597],[37.0832,47.32179],[37.0837,47.31472],[37.03613,47.29998],[37.02646,47.31478],[36.9466,47.311],[36.94423,47.32064],[36.92602,47.31942],[36.94917,47.22834],[36.9557,47.22903],[36.96258,47.20166],[36.93133,47.20056],[36.93085,47.20698],[36.85477,47.19916],[36.85915,47.18945],[36.88848,47.17083],[36.8996,47.17386],[36.90932,47.16515],[36.92397,47.17045],[36.92285,47.16047],[36.93667,47.16553],[36.9404,47.1573],[36.94954,47.15868],[36.98353,47.1244],[37.00175,47.12763],[37.00009,47.11397],[37.01079,47.11061],[37.00202,47.10086],[37.01093,47.09848],[37.01279,47.08937],[36.98545,47.07977],[37.08121,47.04748],[37.0987,47.05925],[37.12492,47.03911],[37.08934,47.00746],[37.14113,46.98199],[37.10269,46.95998],[37.09235,46.96837],[37.02143,46.92795],[37.06246,46.88396],[37.12441,46.90703],[37.1605,46.91324],[37.18979,46.93257],[37.20811,46.93379],[37.23981,46.95082],[37.28258,46.93668],[37.31767,46.9131],[37.32363,46.88628],[37.29279,46.86945],[37.28516,46.87436],[37.28758,46.86653],[37.31349,46.87253],[37.33111,46.88537],[37.48664,47.03771],[37.52503,47.05012],[37.52727,47.07447],[37.56352,47.08275],[37.58927,47.0764],[37.62922,47.09391],[37.68361,47.08076],[37.7701,47.08795],[37.79275,47.08471],[37.8769,47.10736],[37.81631,47.10638],[37.78638,47.14149]]]}},{"type":"Feature","properties":{"name":"Сіверськодонецький район","oblast":"Луганська область","centroid":[38.4346,48.9287]},"geometry":{"type":"MultiPolygon","coordinates":[[[[38.3604,49.26236],[38.41381,49.2759],[38.42762,49.28899],[38.42338,49.30031],[38.44098,49.30786],[38.4421,49.29725],[38.4775,49.29835],[38.47571,49.27123],[38.48525,49.27013],[38.4863,49.26254],[38.48336,49.25014],[38.47544,49.24678],[38.51311,49.22262],[38.51474,49.21439],[38.50421,49.20259],[38.52567,49.1975],[38.52093,49.20491],[38.5424,49.20622],[38.54712,49.19862],[38.62552,49.19694],[38.62659,49.18697],[38.61338,49.17449],[38.65167,49.17582],[38.66748,49.16387],[38.689,49.16094],[38.69009,49.10497],[38.69677,49.08997],[38.7193,49.09154],[38.72235,49.06777],[38.69242,49.06624],[38.69069,49.04552],[38.70226,49.05278],[38.72431,49.04391],[38.74902,49.04992],[38.74656,49.0572],[38.81787,49.05478],[38.82121,49.01954],[38.81309,49.01935],[38.81341,49.01264],[38.80095,49.01295],[38.80102,49.00667],[38.82093,49.00648],[38.82261,48.9737],[38.7726,48.93399],[38.76224,48.93925],[38.75314,48.93462],[38.76514,48.92735],[38.69713,48.88345],[38.72138,48.87306],[38.68361,48.85878],[38.65956,48.85697],[38.6636,48.84913],[38.69533,48.83634],[38.69591,48.82956],[38.69331,48.82195],[38.67248,48.82507],[38.67701,48.8144],[38.66259,48.81082],[38.69461,48.79922],[38.66655,48.7859],[38.65801,48.77039],[38.6977,48.75919],[38.73763,48.76677],[38.75727,48.76353],[38.76368,48.77012],[38.78784,48.7657],[38.79054,48.75751],[38.80124,48.76022],[38.79517,48.7553],[38.79874,48.7523],[38.9009,48.75105],[38.88249,48.69297],[38.86449,48.69505],[38.84338,48.67137],[38.75698,48.70399],[38.68522,48.71658],[38.68813,48.725],[38.6789,48.75277],[38.65977,48.74658],[38.65369,48.75405],[38.65766,48.75872],[38.64587,48.75713],[38.64881,48.76771],[38.62654,48.7709],[38.62075,48.76086],[38.61671,48.76553],[38.60587,48.76155],[38.60821,48.75753],[38.59339,48.75848],[38.57385,48.76436],[38.57559,48.76847],[38.55794,48.77971],[38.52667,48.77262],[38.51619,48.78457],[38.47976,48.78522],[38.48064,48.77714],[38.49127,48.77113],[38.5043,48.77047],[38.50574,48.77742],[38.51917,48.77281],[38.52131,48.76368],[38.50849,48.75074],[38.51744,48.74954],[38.52126,48.73386],[38.5142,48.72448],[38.49777,48.72442],[38.50174,48.71839],[38.52465,48.71673],[38.53057,48.68644],[38.58075,48.6789],[38.56927,48.66444],[38.5484,48.6602],[38.54693,48.67057],[38.55181,48.67308],[38.52739,48.67408],[38.50986,48.68361],[38.47811,48.67103],[38.47426,48.67535],[38.48692,48.67948],[38.47117,48.67747],[38.4698,48.6839],[38.48523,48.68296],[38.49552,48.69089],[38.45929,48.69749],[38.45384,48.69306],[38.45963,48.68805],[38.4432,48.68999],[38.44542,48.68234],[38.41843,48.67865],[38.39579,48.66021],[38.40611,48.65364],[38.42035,48.65652],[38.41481,48.65268],[38.41702,48.64206],[38.45008,48.64971],[38.46668,48.64542],[38.4787,48.65553],[38.46935,48.6397],[38.42082,48.64106],[38.4317,48.62877],[38.4448,48.63227],[38.44102,48.6281],[38.45042,48.62583],[38.44226,48.61865],[38.44491,48.61097],[38.41303,48.59647],[38.40016,48.59915],[38.39663,48.58193],[38.40431,48.56336],[38.4444,48.57008],[38.45915,48.52968],[38.47128,48.53338],[38.48166,48.5239],[38.46545,48.5002],[38.46832,48.4962],[38.45624,48.48521],[38.4525,48.46729],[38.42866,48.46521],[38.43319,48.44767],[38.3824,48.42941],[38.37215,48.44256],[38.3408,48.43733],[38.31089,48.45573],[38.31882,48.46466],[38.28817,48.4762],[38.30522,48.47538],[38.2995,48.48961],[38.31151,48.49273],[38.31656,48.49878],[38.30889,48.50159],[38.32063,48.50816],[38.27372,48.54533],[38.27922,48.54612],[38.26348,48.63702],[38.22914,48.63396],[38.228,48.63898],[38.22593,48.6527],[38.26591,48.65638],[38.26705,48.66375],[38.28682,48.66477],[38.28484,48.68214],[38.3153,48.68436],[38.30725,48.68776],[38.31465,48.70458],[38.30415,48.71084],[38.32514,48.71403],[38.31985,48.73345],[38.28311,48.73737],[38.26313,48.75028],[38.2754,48.7728],[38.28313,48.77347],[38.27855,48.80256],[38.31675,48.80573],[38.31375,48.82848],[38.27242,48.82467],[38.25981,48.84277],[38.22124,48.8393],[38.22911,48.8587],[38.22799,48.93674],[38.19564,48.92777],[38.14257,48.93289],[38.13336,48.92374],[38.09219,48.93938],[38.0538,48.93959],[38.03738,48.92486],[38.03148,48.92688],[38.03623,48.93517],[38.0218,48.93297],[38.00585,48.94658],[38.02868,48.97343],[38.05371,48.9649],[38.05765,48.97584],[38.05247,48.98572],[38.09859,48.99275],[38.07292,49.0395],[38.05264,49.05958],[38.06226,49.06323],[38.06765,49.09596],[38.08396,49.13534],[38.08159,49.14807],[38.03124,49.15139],[38.05038,49.16672],[38.05432,49.17827],[38.10254,49.17869],[38.09454,49.19277],[38.14572,49.19747],[38.19532,49.17514],[38.22615,49.18199],[38.2198,49.15913],[38.22291,49.17138],[38.22837,49.1702],[38.23575,49.18041],[38.3108,49.18668],[38.31088,49.18068],[38.35452,49.18323],[38.39553,49.18984],[38.394,49.20026],[38.38581,49.20026],[38.4081,49.20515],[38.40701,49.21147],[38.35585,49.20728],[38.35503,49.25175],[38.36445,49.25253],[38.3604,49.26236]],[[38.21047,49.08302],[38.21595,49.08553],[38.20649,49.09545],[38.1896,49.08915],[38.21047,49.08302]]],[[[38.57018,48.7189],[38.57285,48.72407],[38.54905,48.72693],[38.56502,48.7156],[38.56328,48.71052],[38.58412,48.70417],[38.58454,48.71128],[38.57018,48.7189]]],[[[38.46256,48.66216],[38.47195,48.65869],[38.49522,48.6704],[38.50175,48.66633],[38.51146,48.67457],[38.46256,48.66216]]],[[[38.3045,48.49502],[38.29985,48.50173],[38.29264,48.49067],[38.3045,48.49502]]],[[[38.45252,48.65269],[38.45704,48.6583],[38.44984,48.65621],[38.45252,48.65269]]],[[[38.58533,48.72974],[38.59259,48.73098],[38.57655,48.73104],[38.58533,48.72974]]]]}},{"type":"Feature","properties":{"name":"Бахмутський район","oblast":"Донецька область","centroid":[38.0868,48.6505]},"geometry":{"type":"MultiPolygon","coordinates":[[[[38.20025,48.40453],[38.19433,48.40136],[38.19976,48.39843],[38.20772,48.361],[38.26324,48.36568],[38.24864,48.39549],[38.27543,48.39674],[38.27846,48.38941],[38.29303,48.39054],[38.31945,48.39287],[38.31784,48.39914],[38.32868,48.40211],[38.34723,48.39097],[38.3457,48.40513],[38.33527,48.41289],[38.35415,48.41228],[38.35377,48.41951],[38.39977,48.41616],[38.39295,48.432],[38.38045,48.43008],[38.36985,48.44294],[38.3408,48.43733],[38.31089,48.45573],[38.31882,48.46466],[38.28817,48.4762],[38.30522,48.47538],[38.2995,48.48961],[38.31151,48.49273],[38.31656,48.49878],[38.30889,48.50159],[38.32063,48.50816],[38.27372,48.54533],[38.27922,48.54612],[38.26348,48.63702],[38.22888,48.6341],[38.22593,48.6527],[38.26591,48.65638],[38.26705,48.66375],[38.28682,48.66477],[38.28484,48.68214],[38.3153,48.68436],[38.30725,48.68776],[38.31465,48.70458],[38.30415,48.71084],[38.32514,48.71403],[38.31985,48.73345],[38.28311,48.73737],[38.26313,48.75028],[38.2754,48.7728],[38.28313,48.77347],[38.27855,48.80256],[38.31675,48.80573],[38.31375,48.82848],[38.27242,48.82467],[38.25981,48.84277],[38.22124,48.8393],[38.22911,48.8587],[38.22799,48.93674],[38.19564,48.92777],[38.14257,48.93289],[38.13336,48.92374],[38.09219,48.93938],[38.0538,48.93959],[38.01931,48.90346],[38.00472,48.89907],[38.02046,48.88579],[38.03009,48.89328],[38.04104,48.89132],[38.03419,48.88159],[38.03699,48.86991],[38.00159,48.8604],[38.00125,48.8452],[37.93682,48.84942],[37.93348,48.84317],[37.90843,48.83999],[37.91519,48.81847],[37.92995,48.81947],[37.93539,48.79547],[37.91206,48.78833],[37.86431,48.80476],[37.81953,48.76109],[37.82391,48.75478],[37.81245,48.73936],[37.81879,48.73716],[37.81188,48.73242],[37.81616,48.72099],[37.80145,48.6923],[37.8201,48.67836],[37.84181,48.67195],[37.83468,48.65923],[37.8125,48.64542],[37.82298,48.63222],[37.82892,48.5996],[37.81911,48.60265],[37.80074,48.59614],[37.8,48.59106],[37.80887,48.5918],[37.79911,48.58692],[37.81202,48.58089],[37.81299,48.56191],[37.82028,48.55404],[37.81202,48.54781],[37.84515,48.54188],[37.84321,48.54722],[37.82689,48.54611],[37.85206,48.55418],[37.86583,48.54329],[37.87861,48.54347],[37.88364,48.52983],[37.89776,48.52754],[37.92106,48.50295],[37.91087,48.49506],[37.92866,48.48158],[37.937,48.48307],[37.93563,48.48987],[37.96502,48.4911],[37.96049,48.46708],[37.96866,48.47364],[38.02262,48.47842],[38.01805,48.47045],[38.02624,48.46447],[38.01969,48.46466],[38.01399,48.44395],[37.99726,48.44056],[38.00074,48.43372],[37.97197,48.42597],[37.97473,48.42173],[37.99758,48.42747],[38.01102,48.42091],[38.01216,48.42768],[38.02265,48.42866],[38.02755,48.4122],[38.02074,48.407],[38.02209,48.3957],[38.01591,48.39481],[38.01525,48.40605],[38.0056,48.41317],[38.00611,48.40735],[37.99913,48.41076],[38.00678,48.38594],[38.03208,48.38324],[38.0391,48.38794],[38.03558,48.40208],[38.0532,48.40048],[38.03655,48.4156],[38.0576,48.41392],[38.05255,48.41689],[38.05915,48.41868],[38.0993,48.40943],[38.09837,48.40316],[38.10618,48.40198],[38.10344,48.39361],[38.14553,48.40253],[38.15554,48.39376],[38.18871,48.41231],[38.20025,48.40453]],[[38.30319,48.49725],[38.29985,48.50173],[38.29264,48.49067],[38.30758,48.49315],[38.30319,48.49725]]],[[[37.90513,48.35186],[37.86835,48.36334],[37.87179,48.37263],[37.82264,48.36831],[37.82504,48.38981],[37.80753,48.39347],[37.80897,48.40185],[37.80273,48.40479],[37.81748,48.41714],[37.84694,48.4096],[37.85693,48.4147],[37.87025,48.4047],[37.88443,48.40492],[37.87691,48.41718],[37.91308,48.40799],[37.9289,48.41344],[37.92122,48.42147],[37.93367,48.41657],[37.93,48.40459],[37.93919,48.39923],[37.9282,48.39983],[37.91144,48.37149],[37.93065,48.36729],[37.92598,48.3622],[37.93464,48.35175],[37.90513,48.35186]]],[[[37.85946,48.33538],[37.83707,48.34721],[37.83332,48.33994],[37.82336,48.34513],[37.81798,48.33303],[37.81063,48.33348],[37.8162,48.3288],[37.81059,48.32001],[37.84445,48.32312],[37.84475,48.30573],[37.85721,48.28795],[37.85728,48.32183],[37.88644,48.31399],[37.84449,48.32732],[37.89111,48.32575],[37.85946,48.33538]]],[[[37.81759,48.36789],[37.83213,48.34788],[37.82641,48.34669],[37.80985,48.37221],[37.76972,48.39067],[37.76954,48.40435],[37.78573,48.41497],[37.77851,48.43309],[37.78798,48.41668],[37.77856,48.40165],[37.81759,48.36789]]],[[[37.78015,48.40499],[37.81135,48.3871],[37.8033,48.38642],[37.80175,48.37859],[37.78015,48.40499]]],[[[37.99781,48.38553],[37.97582,48.39676],[37.9804,48.40482],[37.97424,48.39797],[37.9652,48.41337],[37.96575,48.39976],[37.99781,48.38553]]],[[[37.86808,48.43433],[37.89207,48.41892],[37.87315,48.42429],[37.86808,48.43433]]],[[[37.83852,48.35314],[37.82662,48.36235],[37.83397,48.34949],[37.85144,48.34869],[37.83852,48.35314]]],[[[37.79522,48.37626],[37.7896,48.378],[37.79438,48.36829],[37.80627,48.36917],[37.79522,48.37626]]],[[[37.76295,48.32447],[37.7694,48.32505],[37.76798,48.33078],[37.76037,48.33013],[37.76295,48.32447]]],[[[37.87017,48.32457],[37.88927,48.32317],[37.8824,48.31951],[37.89473,48.31453],[37.87017,48.32457]]],[[[37.95891,48.45016],[37.94596,48.44933],[37.95332,48.45002],[37.94835,48.45533],[37.95238,48.45668],[37.95891,48.45016]]],[[[37.76052,48.32103],[37.75581,48.31645],[37.76424,48.3087],[37.75803,48.31751],[37.76627,48.32152],[37.75543,48.32347],[37.76052,48.32103]]],[[[37.95809,48.46409],[37.95774,48.47459],[37.95183,48.47464],[37.95809,48.46409]]],[[[37.75238,48.31488],[37.74851,48.32195],[37.75793,48.31174],[37.75238,48.31488]]]]}},{"type":"Feature","properties":{"name":"Краматорський район","oblast":"Донецька область","centroid":[37.5156,48.7675]},"geometry":{"type":"Polygon","coordinates":[[[37.42913,48.45624],[37.43235,48.44236],[37.4421,48.44334],[37.44554,48.42608],[37.42371,48.42354],[37.42543,48.41513],[37.42661,48.41026],[37.44633,48.41213],[37.45228,48.38469],[37.4435,48.38367],[37.45266,48.34676],[37.47012,48.35312],[37.48484,48.34195],[37.47372,48.33425],[37.49443,48.31758],[37.53967,48.34013],[37.55589,48.33613],[37.59231,48.30474],[37.59701,48.31024],[37.60779,48.30773],[37.60014,48.27858],[37.61953,48.27622],[37.6356,48.2822],[37.64476,48.27724],[37.64253,48.27361],[37.68635,48.2687],[37.689,48.26138],[37.72106,48.26332],[37.71004,48.30906],[37.74981,48.3229],[37.73684,48.34737],[37.73838,48.35714],[37.77575,48.36501],[37.79231,48.37459],[37.78963,48.37805],[37.7963,48.37668],[37.76972,48.39067],[37.76954,48.40435],[37.78573,48.41497],[37.7784,48.42325],[37.77896,48.43328],[37.78798,48.41668],[37.77856,48.40165],[37.81759,48.36789],[37.82264,48.36831],[37.82504,48.38981],[37.80753,48.39347],[37.80897,48.40185],[37.80273,48.40479],[37.81748,48.41714],[37.84694,48.4096],[37.85693,48.4147],[37.87025,48.4047],[37.88443,48.40492],[37.87606,48.41684],[37.91308,48.40799],[37.9289,48.41344],[37.92346,48.42129],[37.93367,48.41657],[37.93,48.40459],[37.93919,48.39923],[37.9282,48.39983],[37.91185,48.37049],[37.93065,48.36729],[37.92598,48.3622],[37.93137,48.35957],[37.95212,48.3584],[37.95812,48.36804],[37.94659,48.37378],[37.95808,48.39534],[37.96539,48.39637],[37.95848,48.4478],[37.94596,48.44933],[37.95385,48.4509],[37.94835,48.45533],[37.95891,48.45016],[38.0034,48.45704],[38.01241,48.47725],[37.96866,48.47364],[37.96049,48.46708],[37.96502,48.4911],[37.93563,48.48987],[37.937,48.48307],[37.92866,48.48158],[37.91087,48.49506],[37.92106,48.50295],[37.89776,48.52754],[37.88364,48.52983],[37.87861,48.54347],[37.86583,48.54329],[37.85206,48.55418],[37.82689,48.54611],[37.84321,48.54722],[37.84515,48.54188],[37.81202,48.54781],[37.82028,48.55404],[37.81299,48.56191],[37.81202,48.58089],[37.79978,48.5846],[37.80887,48.5918],[37.8,48.59106],[37.8001,48.59571],[37.81911,48.60265],[37.82892,48.5996],[37.82298,48.63222],[37.8125,48.64542],[37.83468,48.65923],[37.84184,48.67269],[37.8201,48.67836],[37.80134,48.69404],[37.81616,48.72099],[37.81188,48.73242],[37.81879,48.73716],[37.81245,48.73936],[37.82391,48.75478],[37.81953,48.76109],[37.86411,48.8047],[37.91206,48.78833],[37.93539,48.79547],[37.92995,48.81947],[37.91519,48.81847],[37.90843,48.83999],[37.93348,48.84317],[37.93682,48.84942],[38.00125,48.8452],[38.00159,48.8604],[38.03699,48.86991],[38.03419,48.88159],[38.04104,48.89132],[38.03009,48.89328],[38.02046,48.88579],[38.00472,48.89907],[38.0301,48.91314],[38.03623,48.93517],[38.0218,48.93297],[38.00585,48.94658],[38.02868,48.97343],[38.05371,48.9649],[38.05765,48.97584],[38.05247,48.98572],[38.09849,48.99247],[38.07292,49.0395],[38.05264,49.05958],[38.06226,49.06323],[38.06765,49.09596],[38.08396,49.13534],[38.08159,49.14807],[38.04365,49.1505],[38.04017,49.12655],[37.98071,49.13066],[37.95877,49.13599],[37.95577,49.14283],[37.9448,49.13902],[37.92689,49.14357],[37.89285,49.16061],[37.90254,49.16683],[37.89338,49.17517],[37.9349,49.19168],[37.91937,49.20663],[37.94256,49.21412],[37.93347,49.22078],[37.8896,49.21188],[37.88983,49.21918],[37.8732,49.22326],[37.87451,49.234],[37.85412,49.22602],[37.84351,49.20134],[37.7983,49.20883],[37.79753,49.2023],[37.61427,49.23313],[37.56847,49.2314],[37.54845,49.21289],[37.51297,49.19929],[37.50244,49.18703],[37.50964,49.1793],[37.55371,49.16685],[37.56426,49.13998],[37.55028,49.14798],[37.54093,49.14566],[37.5849,49.12601],[37.54648,49.11222],[37.48734,49.10176],[37.50043,49.09137],[37.50589,49.07018],[37.4812,49.05766],[37.45158,49.05322],[37.44955,49.06138],[37.41745,49.06132],[37.40811,49.05195],[37.38527,49.04834],[37.39191,49.02506],[37.37535,49.02627],[37.3732,48.99619],[37.36692,48.99167],[37.3444,49.0035],[37.3366,48.995],[37.31138,48.99003],[37.32461,48.98279],[37.31657,48.98273],[37.31505,48.9772],[37.30807,48.98102],[37.29463,48.96965],[37.30812,48.96829],[37.30496,48.96114],[37.32082,48.95653],[37.30731,48.94697],[37.33225,48.93478],[37.32834,48.92215],[37.26941,48.9226],[37.26657,48.90641],[37.22267,48.90874],[37.21566,48.88964],[37.19315,48.88114],[37.1921,48.81448],[37.15723,48.8245],[37.15113,48.83242],[37.13868,48.83176],[37.14568,48.84208],[37.09881,48.85079],[37.07836,48.8177],[37.02376,48.81789],[37.01875,48.80172],[37.00738,48.80333],[36.99492,48.78737],[37.02304,48.77484],[37.02294,48.76747],[37.04312,48.76618],[37.03575,48.74601],[36.98883,48.7747],[36.97549,48.79013],[36.95282,48.79525],[36.85422,48.80045],[36.84081,48.77808],[36.83572,48.78289],[36.8393,48.7727],[36.82123,48.77136],[36.81669,48.77757],[36.78866,48.78084],[36.792,48.78578],[36.78382,48.7899],[36.79056,48.80198],[36.765,48.79719],[36.72079,48.80608],[36.68937,48.77608],[36.69132,48.77044],[36.70912,48.76745],[36.71773,48.74467],[36.71266,48.74365],[36.73565,48.70389],[36.72838,48.69283],[36.71183,48.69255],[36.72122,48.68347],[36.71492,48.67961],[36.7175,48.67332],[36.72716,48.66737],[36.7209,48.66428],[36.73082,48.65778],[36.72257,48.65441],[36.73415,48.64655],[36.74535,48.59643],[36.77887,48.60043],[36.78802,48.56695],[36.85933,48.56909],[36.87181,48.55019],[36.88294,48.55104],[36.88478,48.54174],[36.90154,48.54334],[36.90401,48.53061],[36.99311,48.54639],[36.99506,48.53808],[37.00438,48.5391],[37.00254,48.54894],[37.01763,48.54804],[37.01421,48.56498],[37.05283,48.5593],[37.05128,48.56557],[37.05717,48.56777],[37.04661,48.58697],[37.06308,48.58871],[37.0634,48.60637],[37.09699,48.60942],[37.11195,48.5919],[37.14265,48.59755],[37.16472,48.59084],[37.16548,48.60937],[37.20021,48.60904],[37.20368,48.60168],[37.22077,48.60423],[37.22373,48.5989],[37.25195,48.60124],[37.25963,48.56819],[37.30093,48.57232],[37.29421,48.60167],[37.33464,48.57988],[37.32718,48.57803],[37.34665,48.55641],[37.36638,48.56016],[37.36822,48.5365],[37.39855,48.53384],[37.38557,48.5181],[37.39129,48.51699],[37.39038,48.50939],[37.36716,48.49459],[37.36339,48.4821],[37.4332,48.4753],[37.42913,48.45624]],[[37.95809,48.46409],[37.95774,48.47459],[37.95183,48.47464],[37.95809,48.46409]],[[37.86808,48.43433],[37.89207,48.41892],[37.87315,48.42429],[37.86808,48.43433]]]}},{"type":"Feature","properties":{"name":"Покровський район","oblast":"Донецька область","centroid":[37.313,48.2242]},"geometry":{"type":"MultiPolygon","coordinates":[[[[37.55054,47.92871],[37.55162,47.93312],[37.52543,47.94155],[37.53955,47.96299],[37.56167,47.97772],[37.54444,47.9832],[37.5405,48.00751],[37.54967,48.00479],[37.54089,48.05062],[37.61514,48.0564],[37.62546,48.00356],[37.66385,47.99538],[37.66344,48.00002],[37.68102,48.00469],[37.67097,48.01159],[37.67595,48.01623],[37.65946,48.02105],[37.65711,48.03378],[37.68788,48.05456],[37.69636,48.05009],[37.7076,48.05783],[37.69814,48.07293],[37.68195,48.07387],[37.70589,48.07762],[37.70381,48.08798],[37.69538,48.08729],[37.69305,48.10259],[37.755,48.11412],[37.78318,48.10742],[37.80765,48.119],[37.80044,48.14225],[37.77609,48.14447],[37.7932,48.16281],[37.78971,48.17215],[37.81414,48.18549],[37.82836,48.18243],[37.83241,48.17232],[37.8252,48.1567],[37.83756,48.14231],[37.86926,48.15016],[37.87606,48.13608],[37.89868,48.14587],[37.89739,48.16555],[37.93461,48.17352],[37.93304,48.18533],[37.96004,48.20271],[37.954,48.2057],[37.9585,48.20876],[37.92141,48.21259],[37.93412,48.21658],[37.93898,48.22651],[37.93044,48.23271],[37.89388,48.23126],[37.88934,48.25091],[37.92707,48.2544],[37.92629,48.25983],[37.91792,48.26012],[37.91968,48.26534],[37.90931,48.26465],[37.905,48.28938],[37.89422,48.2885],[37.88573,48.30782],[37.90403,48.30633],[37.9047,48.32197],[37.93913,48.32447],[37.93761,48.33099],[37.92412,48.33302],[37.92194,48.34085],[37.91201,48.34009],[37.90296,48.35551],[37.89577,48.35854],[37.89205,48.35318],[37.86835,48.36334],[37.87179,48.37263],[37.81575,48.36762],[37.83269,48.35038],[37.82641,48.34669],[37.81165,48.37065],[37.79653,48.37675],[37.80627,48.36917],[37.80255,48.36587],[37.79175,48.37413],[37.73838,48.35714],[37.73684,48.34737],[37.74981,48.3229],[37.71004,48.30906],[37.72106,48.26332],[37.689,48.26138],[37.68635,48.2687],[37.64253,48.27361],[37.64476,48.27724],[37.6356,48.2822],[37.61953,48.27622],[37.60014,48.27858],[37.60779,48.30773],[37.59701,48.31024],[37.59231,48.30474],[37.55589,48.33613],[37.53967,48.34013],[37.49443,48.31758],[37.47372,48.33425],[37.48484,48.34195],[37.47012,48.35312],[37.45266,48.34676],[37.4435,48.38367],[37.45228,48.38469],[37.44633,48.41213],[37.42661,48.41026],[37.42371,48.42354],[37.44554,48.42608],[37.4421,48.44334],[37.43235,48.44236],[37.4332,48.4753],[37.36339,48.4821],[37.36716,48.49459],[37.39038,48.50939],[37.39129,48.51699],[37.38557,48.5181],[37.39855,48.53384],[37.36822,48.5365],[37.36638,48.56016],[37.34665,48.55641],[37.32718,48.57803],[37.33464,48.57988],[37.29421,48.60167],[37.30093,48.57232],[37.25963,48.56819],[37.25195,48.60124],[37.22373,48.5989],[37.22077,48.60423],[37.20368,48.60168],[37.20021,48.60904],[37.16548,48.60937],[37.16472,48.59084],[37.14265,48.59755],[37.11195,48.5919],[37.09699,48.60942],[37.0634,48.60637],[37.06308,48.58871],[37.04661,48.58697],[37.05717,48.56777],[37.05128,48.56557],[37.05283,48.5593],[37.01421,48.56498],[37.01763,48.54804],[37.00254,48.54894],[37.00438,48.5391],[36.99506,48.53808],[36.99311,48.54639],[36.94389,48.54148],[36.94162,48.5348],[36.90401,48.53061],[36.90659,48.52085],[36.85032,48.51782],[36.85715,48.4872],[36.82984,48.48465],[36.83698,48.4433],[36.84537,48.44371],[36.85149,48.41738],[36.83664,48.42029],[36.82446,48.41414],[36.83528,48.40542],[36.82054,48.40512],[36.82787,48.3695],[36.81228,48.36846],[36.81647,48.3485],[36.80878,48.3479],[36.81668,48.31329],[36.87093,48.31696],[36.87371,48.30557],[36.91204,48.30914],[36.93683,48.19402],[36.90434,48.19329],[36.9062,48.18865],[36.89782,48.18717],[36.89313,48.19115],[36.89424,48.18027],[36.88773,48.17723],[36.87271,48.18417],[36.89634,48.07782],[36.88159,48.06289],[36.99323,48.07196],[36.99194,48.07751],[37.11321,48.08953],[37.11192,48.09607],[37.15302,48.10017],[37.15858,48.0749],[37.15176,48.07443],[37.16211,48.02652],[37.17651,48.02713],[37.17662,48.00522],[37.14018,48.00615],[37.12746,47.99597],[37.17025,47.99373],[37.16876,47.98177],[37.15786,47.98234],[37.15412,47.95929],[37.09697,47.96704],[37.09246,47.97838],[37.07618,47.97825],[37.06958,47.93396],[37.14936,47.92862],[37.14725,47.9105],[37.21141,47.90664],[37.21364,47.89684],[37.18473,47.89693],[37.18358,47.88831],[37.20598,47.88765],[37.21541,47.87308],[37.25737,47.86677],[37.24839,47.8392],[37.27406,47.81779],[37.2709,47.80482],[37.27511,47.80383],[37.2917,47.80239],[37.2964,47.81104],[37.28904,47.81299],[37.29636,47.83196],[37.35282,47.81809],[37.35847,47.82229],[37.41095,47.80599],[37.42744,47.80709],[37.42814,47.79978],[37.50998,47.81253],[37.50914,47.82406],[37.53088,47.8237],[37.53482,47.84215],[37.54372,47.83898],[37.54791,47.85584],[37.54165,47.85655],[37.54707,47.86675],[37.5414,47.91579],[37.55054,47.92871]],[[37.87017,48.32457],[37.88927,48.32317],[37.8824,48.31951],[37.89473,48.31453],[37.87017,48.32457]],[[37.81059,48.32001],[37.84445,48.32312],[37.85284,48.28742],[37.85795,48.29261],[37.85728,48.32183],[37.88644,48.31399],[37.84449,48.32732],[37.89111,48.32575],[37.85438,48.33514],[37.85505,48.34155],[37.84512,48.34017],[37.83707,48.34721],[37.83363,48.34],[37.82336,48.34513],[37.81798,48.33303],[37.81063,48.33348],[37.8162,48.3288],[37.81059,48.32001]],[[37.76052,48.32103],[37.75581,48.31645],[37.76424,48.3087],[37.75803,48.31751],[37.76627,48.32152],[37.75543,48.32347],[37.76052,48.32103]],[[37.76295,48.32447],[37.7694,48.32505],[37.76798,48.33078],[37.76037,48.33013],[37.76295,48.32447]],[[37.75238,48.31488],[37.74851,48.32195],[37.75793,48.31174],[37.75238,48.31488]],[[37.83852,48.35314],[37.82662,48.36235],[37.83397,48.34949],[37.85144,48.34869],[37.83852,48.35314]]],[[[37.72988,48.09806],[37.72966,48.09209],[37.71143,48.09595],[37.72988,48.09806]]],[[[37.57049,47.84021],[37.56973,47.83211],[37.55967,47.83265],[37.57049,47.84021]]]]}},{"type":"Feature","properties":{"name":"Волноваський район","oblast":"Донецька область","centroid":[37.2027,47.7044]},"geometry":{"type":"Polygon","coordinates":[[[37.24517,47.46918],[37.26494,47.46663],[37.25466,47.44763],[37.28896,47.4343],[37.28119,47.42513],[37.28473,47.42057],[37.31131,47.41973],[37.33513,47.39673],[37.35697,47.41551],[37.40913,47.4003],[37.40701,47.39124],[37.42213,47.38258],[37.4047,47.36468],[37.4068,47.35624],[37.59019,47.37036],[37.58211,47.36283],[37.62185,47.35445],[37.62014,47.35023],[37.63778,47.34619],[37.63672,47.33804],[37.69963,47.33287],[37.7021,47.34882],[37.69424,47.34938],[37.69927,47.37102],[37.84059,47.35853],[37.85389,47.36493],[37.84085,47.37768],[37.85981,47.38953],[37.85913,47.41002],[37.96427,47.42069],[37.96361,47.44918],[37.89003,47.45021],[37.87643,47.45675],[37.89109,47.46855],[37.88753,47.48717],[37.84875,47.4881],[37.84141,47.49409],[37.84037,47.54012],[37.82426,47.5399],[37.8244,47.56543],[37.84733,47.56564],[37.84698,47.57959],[37.82421,47.57976],[37.82388,47.59393],[37.81639,47.59466],[37.81614,47.62783],[37.82233,47.62933],[37.82251,47.63885],[37.78337,47.66033],[37.7633,47.65218],[37.75516,47.6614],[37.7581,47.66721],[37.77802,47.66342],[37.6914,47.71206],[37.66383,47.68837],[37.64661,47.70614],[37.62911,47.70569],[37.6249,47.69626],[37.61823,47.70175],[37.60675,47.69857],[37.60229,47.70628],[37.61721,47.73126],[37.61407,47.75261],[37.60779,47.75299],[37.60508,47.77511],[37.59095,47.77393],[37.6087,47.79186],[37.60588,47.81075],[37.58658,47.80256],[37.57872,47.80875],[37.53225,47.81438],[37.46795,47.80986],[37.46808,47.80239],[37.42814,47.79978],[37.42744,47.80709],[37.41095,47.80599],[37.35847,47.82229],[37.35282,47.81809],[37.29636,47.83196],[37.28904,47.81299],[37.2964,47.81104],[37.2917,47.80239],[37.27511,47.80383],[37.2709,47.80482],[37.27406,47.81779],[37.24839,47.8392],[37.25737,47.86677],[37.21541,47.87308],[37.20598,47.88765],[37.18358,47.88831],[37.18473,47.89693],[37.21364,47.89684],[37.21141,47.90664],[37.14725,47.9105],[37.14936,47.92862],[37.06958,47.93396],[37.07618,47.97825],[37.09246,47.97838],[37.09697,47.96704],[37.15412,47.95929],[37.15786,47.98234],[37.16876,47.98177],[37.17025,47.99373],[37.12746,47.99597],[37.14018,48.00615],[37.17662,48.00522],[37.17651,48.02713],[37.16211,48.02652],[37.15176,48.07443],[37.15858,48.0749],[37.15302,48.10017],[37.11192,48.09607],[37.11321,48.08953],[36.99194,48.07751],[36.99323,48.07196],[36.86914,48.06268],[36.86709,48.05151],[36.85822,48.05209],[36.85453,48.03461],[36.81267,48.04049],[36.80348,48.05301],[36.78266,48.04688],[36.76391,48.05582],[36.74362,48.05042],[36.74695,48.06434],[36.72661,48.07106],[36.71872,48.08467],[36.71094,48.07979],[36.67631,48.09054],[36.66341,48.0876],[36.65335,48.10021],[36.63611,48.09401],[36.64925,48.09306],[36.65011,48.088],[36.62913,48.08906],[36.6326,48.08482],[36.62265,48.08203],[36.60229,48.09096],[36.60403,48.08549],[36.58014,48.07942],[36.58701,48.0758],[36.58719,48.06494],[36.578,48.06186],[36.58729,48.05236],[36.57387,48.04003],[36.59093,48.02018],[36.56894,48.01121],[36.58676,48.00085],[36.5761,47.99738],[36.58514,47.95664],[36.62881,47.96183],[36.64024,47.9203],[36.58981,47.92117],[36.59248,47.91082],[36.54195,47.90601],[36.54934,47.87737],[36.57656,47.88017],[36.58477,47.8474],[36.6047,47.85084],[36.60834,47.83974],[36.59933,47.81785],[36.58853,47.81651],[36.58784,47.78457],[36.67131,47.79358],[36.68566,47.73089],[36.69996,47.7325],[36.71338,47.67887],[36.79164,47.68492],[36.77472,47.66514],[36.75344,47.66683],[36.75481,47.662],[36.71827,47.65885],[36.72519,47.63109],[36.76585,47.63411],[36.76621,47.62344],[36.74526,47.62174],[36.7481,47.6066],[36.76492,47.60777],[36.76463,47.60079],[36.83032,47.62423],[36.89341,47.54491],[36.94434,47.57613],[36.96676,47.55341],[36.98006,47.56071],[37.0016,47.53886],[37.02103,47.5528],[37.07422,47.4937],[37.08434,47.49611],[37.1577,47.45486],[37.1798,47.48366],[37.19597,47.47893],[37.18995,47.46915],[37.24517,47.46918]]]}},{"type":"Feature","properties":{"name":"Горлівський район","oblast":"Донецька область","centroid":[38.4453,48.1475]},"geometry":{"type":"Polygon","coordinates":[[[38.15438,48.18394],[38.14661,48.176],[38.15844,48.15835],[38.19818,48.13835],[38.2247,48.13325],[38.22583,48.12467],[38.20742,48.12827],[38.19379,48.12278],[38.20096,48.1152],[38.1793,48.09776],[38.18009,48.09229],[38.22804,48.0893],[38.22924,48.09992],[38.25589,48.10227],[38.24809,48.10749],[38.2482,48.12759],[38.2747,48.12184],[38.27365,48.12794],[38.2947,48.12477],[38.29475,48.13099],[38.30812,48.12527],[38.31206,48.11623],[38.29851,48.1158],[38.30265,48.10974],[38.29307,48.10555],[38.31247,48.10737],[38.31732,48.09555],[38.30762,48.09489],[38.31011,48.09074],[38.33746,48.09123],[38.33597,48.07928],[38.34169,48.07545],[38.32431,48.074],[38.31944,48.04804],[38.33491,48.04287],[38.33913,48.02688],[38.35777,48.03087],[38.3641,47.98759],[38.39464,47.96449],[38.39097,47.95785],[38.44516,47.94441],[38.45459,47.93645],[38.49366,47.95598],[38.50557,47.94937],[38.51858,47.95755],[38.52544,47.9526],[38.52302,47.93576],[38.55772,47.93011],[38.55757,47.96006],[38.59637,47.95911],[38.59471,47.93989],[38.60544,47.91685],[38.64259,47.92992],[38.65053,47.92823],[38.64621,47.92286],[38.6554,47.91591],[38.67387,47.9105],[38.70981,47.92102],[38.7352,47.91395],[38.74915,47.86555],[38.77614,47.87076],[38.77597,47.87897],[38.84305,47.86544],[38.87771,47.86735],[38.8796,47.87608],[38.9548,47.8694],[39.0744,47.86968],[39.06516,47.89601],[39.09144,47.94099],[39.084,47.94092],[39.07384,47.95293],[39.05762,47.94679],[39.05298,47.95473],[39.0385,47.95635],[39.04348,47.98875],[39.03984,48.00694],[38.86125,48.01476],[38.82535,48.02977],[38.82138,48.03585],[38.82559,48.03804],[38.81267,48.04794],[38.83147,48.05791],[38.8293,48.07744],[38.81792,48.06591],[38.79953,48.07472],[38.81748,48.08432],[38.8067,48.08828],[38.8204,48.11624],[38.79802,48.11893],[38.7801,48.13016],[38.77415,48.12704],[38.66273,48.15075],[38.66899,48.1648],[38.63506,48.16324],[38.60163,48.17251],[38.59815,48.18004],[38.61134,48.19089],[38.61342,48.20423],[38.58904,48.22735],[38.59119,48.25175],[38.57465,48.26762],[38.42704,48.27829],[38.42497,48.2881],[38.43379,48.2972],[38.42817,48.30834],[38.44115,48.31646],[38.43345,48.33926],[38.45635,48.34258],[38.46355,48.35201],[38.47202,48.35009],[38.47101,48.36004],[38.48686,48.36187],[38.47285,48.36755],[38.46859,48.37915],[38.45341,48.38114],[38.4501,48.37591],[38.43911,48.39155],[38.43319,48.44767],[38.40068,48.43977],[38.40291,48.43445],[38.39295,48.432],[38.39977,48.41616],[38.35377,48.41951],[38.35415,48.41228],[38.33527,48.41289],[38.3457,48.40513],[38.34723,48.39097],[38.32868,48.40211],[38.31784,48.39914],[38.31945,48.39287],[38.29303,48.39054],[38.27846,48.38941],[38.27543,48.39674],[38.24864,48.39549],[38.26324,48.36568],[38.20772,48.361],[38.19976,48.39843],[38.19433,48.40136],[38.20004,48.40658],[38.19129,48.41237],[38.15554,48.39376],[38.14553,48.40253],[38.10344,48.39361],[38.10618,48.40198],[38.09837,48.40316],[38.09476,48.41193],[38.062,48.41886],[38.05283,48.41757],[38.0576,48.41392],[38.03889,48.41656],[38.04289,48.41208],[38.03672,48.41108],[38.0532,48.40048],[38.03558,48.40208],[38.0391,48.38794],[38.03197,48.3832],[38.00678,48.38594],[37.99913,48.41076],[38.00611,48.40735],[38.0056,48.41317],[38.01525,48.40605],[38.01591,48.39481],[38.02209,48.3957],[38.02074,48.407],[38.02755,48.4122],[38.02265,48.42866],[38.01216,48.42768],[38.01102,48.42091],[37.99758,48.42747],[37.97473,48.42173],[37.97197,48.42597],[38.00074,48.43372],[37.99726,48.44056],[38.01399,48.44395],[38.01969,48.46466],[38.02624,48.46447],[38.01805,48.47045],[38.02262,48.47842],[38.00728,48.47409],[38.0034,48.45704],[37.9592,48.45413],[37.9605,48.40274],[37.96539,48.39637],[37.95808,48.39534],[37.94635,48.373],[37.95774,48.36726],[37.94821,48.3562],[37.93184,48.35943],[37.93464,48.35175],[37.90513,48.35186],[37.91201,48.34009],[37.92194,48.34085],[37.92412,48.33302],[37.93761,48.33099],[37.93913,48.32447],[37.9047,48.32197],[37.90429,48.30646],[37.88573,48.30782],[37.89422,48.2885],[37.905,48.28938],[37.90931,48.26465],[37.91968,48.26534],[37.91792,48.26012],[37.92629,48.25983],[37.92707,48.2544],[37.88934,48.25091],[37.89388,48.23126],[37.93592,48.23002],[37.93412,48.21658],[37.92141,48.21259],[37.9585,48.20876],[37.954,48.2057],[37.96004,48.20271],[37.95255,48.19796],[37.95672,48.19582],[38.00115,48.19568],[37.99907,48.18899],[38.00991,48.18038],[38.0008,48.17462],[38.0129,48.17298],[38.02521,48.1584],[38.03742,48.16602],[38.04246,48.14386],[38.05668,48.14283],[38.07653,48.15776],[38.13292,48.17363],[38.14547,48.18644],[38.15438,48.18394]],[[37.96866,48.39853],[37.99781,48.38553],[37.97582,48.39676],[37.9804,48.40482],[37.97424,48.39797],[37.96841,48.41378],[37.96417,48.40344],[37.96866,48.39853]]]}},{"type":"Feature","properties":{"name":"Донецький район","oblast":"Донецька область","centroid":[38.2036,47.9117]},"geometry":{"type":"Polygon","coordinates":[[[38.31206,48.11623],[38.30812,48.12527],[38.29475,48.13099],[38.2947,48.12477],[38.27365,48.12794],[38.2747,48.12184],[38.2482,48.12759],[38.24809,48.10749],[38.25589,48.10227],[38.22924,48.09992],[38.22804,48.0893],[38.18009,48.09229],[38.1793,48.09776],[38.20096,48.1152],[38.19379,48.12278],[38.20742,48.12827],[38.22583,48.12467],[38.2247,48.13325],[38.19818,48.13835],[38.15844,48.15835],[38.14661,48.176],[38.15143,48.1867],[38.13292,48.17363],[38.07653,48.15776],[38.05668,48.14283],[38.04246,48.14386],[38.03742,48.16602],[38.02521,48.1584],[38.0129,48.17298],[38.0008,48.17462],[38.00991,48.18038],[37.99907,48.18899],[38.00115,48.19568],[37.95255,48.19796],[37.93304,48.18533],[37.93461,48.17352],[37.89739,48.16555],[37.89868,48.14587],[37.87606,48.13608],[37.86926,48.15016],[37.83756,48.14231],[37.8252,48.1567],[37.83241,48.17232],[37.82836,48.18243],[37.81414,48.18549],[37.78971,48.17215],[37.7932,48.16281],[37.77686,48.15072],[37.78068,48.14146],[37.80044,48.14225],[37.80788,48.11993],[37.79932,48.11184],[37.77879,48.10693],[37.755,48.11412],[37.69305,48.10259],[37.69538,48.08729],[37.70381,48.08798],[37.70589,48.07762],[37.68195,48.07387],[37.69814,48.07293],[37.7076,48.05783],[37.69636,48.05009],[37.68788,48.05456],[37.65711,48.03378],[37.65946,48.02105],[37.67595,48.01623],[37.67097,48.01159],[37.68102,48.00469],[37.66344,48.00002],[37.66385,47.99538],[37.62546,48.00356],[37.61514,48.0564],[37.54089,48.05062],[37.54967,48.00479],[37.5405,48.00751],[37.54444,47.9832],[37.56167,47.97772],[37.53955,47.96299],[37.52569,47.93931],[37.5526,47.93241],[37.5414,47.91579],[37.54707,47.86675],[37.6034,47.86437],[37.59373,47.88724],[37.62357,47.89295],[37.60963,47.92376],[37.65772,47.92067],[37.65983,47.90969],[37.67823,47.90966],[37.69234,47.88901],[37.71913,47.90157],[37.72007,47.89697],[37.78292,47.90334],[37.79156,47.90112],[37.79577,47.8841],[37.81423,47.88127],[37.82233,47.88479],[37.81055,47.90278],[37.85246,47.9071],[37.86044,47.90467],[37.86271,47.89614],[37.8734,47.89679],[37.87997,47.88668],[37.90634,47.88606],[37.91498,47.87209],[37.8975,47.86688],[37.90583,47.86312],[37.92034,47.83073],[37.93367,47.83551],[37.92152,47.84068],[37.93914,47.85698],[37.96591,47.85717],[37.96531,47.86164],[37.98881,47.84708],[38.00392,47.85139],[38.00096,47.83661],[38.02528,47.82907],[38.02943,47.81372],[38.09544,47.81888],[38.08896,47.83867],[38.13109,47.82979],[38.13263,47.82398],[38.12594,47.81976],[38.14371,47.80599],[38.18371,47.83584],[38.20682,47.81107],[38.22489,47.80619],[38.23489,47.81304],[38.25651,47.8146],[38.23133,47.78158],[38.22401,47.78297],[38.21892,47.7674],[38.19718,47.76885],[38.18929,47.77622],[38.16799,47.76136],[38.19075,47.76057],[38.18961,47.73045],[38.2086,47.73016],[38.23675,47.71183],[38.22207,47.70021],[38.24561,47.70883],[38.28267,47.68734],[38.30164,47.70156],[38.31734,47.70268],[38.3258,47.68686],[38.32732,47.65388],[38.33947,47.65404],[38.34163,47.63768],[38.34724,47.63674],[38.33937,47.63085],[38.358,47.6266],[38.35705,47.61678],[38.45665,47.61702],[38.4567,47.64419],[38.61646,47.64456],[38.62972,47.65359],[38.62967,47.66919],[38.66572,47.66955],[38.66583,47.6988],[38.7343,47.69992],[38.7298,47.69104],[38.73967,47.68509],[38.73609,47.68016],[38.74671,47.68634],[38.77261,47.68508],[38.77127,47.72679],[38.77631,47.73474],[38.78927,47.73709],[38.78964,47.76834],[38.79647,47.77345],[38.78892,47.77844],[38.79315,47.78444],[38.78383,47.78804],[38.79046,47.79626],[38.78932,47.8156],[38.82885,47.81547],[38.83238,47.82731],[38.82599,47.84511],[38.84274,47.85148],[38.84296,47.86844],[38.77597,47.87897],[38.77614,47.87076],[38.74915,47.86555],[38.7352,47.91395],[38.70981,47.92102],[38.67387,47.9105],[38.6554,47.91591],[38.64621,47.92286],[38.65053,47.92823],[38.64259,47.92992],[38.60544,47.91685],[38.59471,47.93989],[38.59637,47.95911],[38.55757,47.96006],[38.55772,47.93011],[38.52302,47.93576],[38.52544,47.9526],[38.51858,47.95755],[38.50557,47.94937],[38.49366,47.95598],[38.45459,47.93645],[38.44516,47.94441],[38.39097,47.95785],[38.39464,47.96449],[38.3641,47.98759],[38.35777,48.03087],[38.33913,48.02688],[38.33491,48.04287],[38.31944,48.04804],[38.32431,48.074],[38.34169,48.07545],[38.33597,48.07928],[38.33746,48.09123],[38.31011,48.09074],[38.30762,48.09489],[38.31732,48.09555],[38.31247,48.10737],[38.29307,48.10555],[38.30265,48.10974],[38.29851,48.1158],[38.31206,48.11623]],[[37.72988,48.09806],[37.72966,48.09209],[37.71143,48.09595],[37.72988,48.09806]]]}},{"type":"Feature","properties":{"name":"Кальміуський район","oblast":"Донецька область","centroid":[38.0082,47.5199]},"geometry":{"type":"Polygon","coordinates":[[[38.3028,47.42482],[38.30263,47.39162],[38.2868,47.3915],[38.287,47.37358],[38.25726,47.37335],[38.24466,47.36369],[38.24929,47.35699],[38.24558,47.35021],[38.22225,47.33322],[38.22692,47.33014],[38.22096,47.32691],[38.22097,47.30542],[38.33626,47.30625],[38.32675,47.29917],[38.33315,47.29261],[38.3226,47.2815],[38.33303,47.27233],[38.33161,47.26353],[38.32454,47.25663],[38.2881,47.2564],[38.28842,47.23871],[38.23431,47.23096],[38.24277,47.21716],[38.23391,47.2038],[38.23671,47.14333],[38.2299,47.11946],[38.18754,47.09563],[38.16506,47.06973],[38.13744,47.0503],[38.08278,47.02433],[38.12909,47.05432],[38.13139,47.06415],[38.1046,47.09678],[38.06398,47.11152],[38.03519,47.08931],[37.98897,47.09885],[37.97528,47.09473],[37.98359,47.08633],[37.89849,47.11113],[37.81631,47.10638],[37.78638,47.14149],[37.8382,47.14461],[37.83952,47.16299],[37.8805,47.15696],[37.88015,47.19633],[37.88478,47.19775],[37.88302,47.21036],[37.84038,47.2138],[37.84349,47.23674],[37.85466,47.23903],[37.86316,47.27133],[37.79453,47.28139],[37.80295,47.3024],[37.81757,47.30907],[37.83692,47.30425],[37.83673,47.31269],[37.82702,47.31972],[37.83283,47.34177],[37.86361,47.34542],[37.86316,47.35256],[37.84737,47.349],[37.83907,47.35574],[37.85389,47.36493],[37.84085,47.37768],[37.85981,47.38953],[37.85913,47.41002],[37.96427,47.42069],[37.96361,47.44918],[37.89003,47.45021],[37.87643,47.45675],[37.89109,47.46855],[37.88753,47.48717],[37.84875,47.4881],[37.84141,47.49409],[37.84037,47.54012],[37.82426,47.5399],[37.8244,47.56543],[37.84733,47.56564],[37.84698,47.57959],[37.82421,47.57976],[37.82388,47.59393],[37.81639,47.59466],[37.81614,47.62783],[37.82233,47.62933],[37.82251,47.63885],[37.78337,47.66033],[37.7633,47.65218],[37.75516,47.6614],[37.7581,47.66721],[37.77802,47.66342],[37.6914,47.71206],[37.66383,47.68837],[37.64661,47.70614],[37.62911,47.70569],[37.6249,47.69626],[37.61823,47.70175],[37.60675,47.69857],[37.60229,47.70628],[37.61721,47.73126],[37.61407,47.75261],[37.60779,47.75299],[37.60508,47.77511],[37.59095,47.77393],[37.6087,47.79186],[37.60588,47.81075],[37.58658,47.80256],[37.54836,47.81507],[37.50998,47.81253],[37.50914,47.82406],[37.53088,47.8237],[37.53482,47.84215],[37.54372,47.83898],[37.54441,47.86688],[37.6034,47.86437],[37.59373,47.88724],[37.62357,47.89295],[37.60963,47.92376],[37.65772,47.92067],[37.65983,47.90969],[37.67823,47.90966],[37.69234,47.88901],[37.71913,47.90157],[37.72007,47.89697],[37.78292,47.90334],[37.79156,47.90112],[37.79577,47.8841],[37.81423,47.88127],[37.82233,47.88479],[37.81055,47.90278],[37.85764,47.90622],[37.86271,47.89614],[37.8734,47.89679],[37.87997,47.88668],[37.90634,47.88606],[37.91498,47.87209],[37.8975,47.86688],[37.90583,47.86312],[37.92034,47.83073],[37.93367,47.83551],[37.92152,47.84068],[37.93914,47.85698],[37.96591,47.85717],[37.96531,47.86164],[37.98881,47.84708],[38.00392,47.85139],[38.00096,47.83661],[38.02528,47.82907],[38.02943,47.81372],[38.09544,47.81888],[38.08896,47.83867],[38.13109,47.82979],[38.13263,47.82398],[38.12594,47.81976],[38.14371,47.80599],[38.18371,47.83584],[38.20682,47.81107],[38.22489,47.80619],[38.23489,47.81304],[38.25651,47.8146],[38.23133,47.78158],[38.22401,47.78297],[38.21892,47.7674],[38.19718,47.76885],[38.18929,47.77622],[38.16799,47.76136],[38.19075,47.76057],[38.18961,47.73045],[38.2086,47.73016],[38.23675,47.71183],[38.22207,47.70021],[38.24561,47.70883],[38.28267,47.68734],[38.30164,47.70156],[38.31734,47.70268],[38.3258,47.68686],[38.32732,47.65388],[38.33947,47.65404],[38.34163,47.63768],[38.34724,47.63674],[38.33937,47.63085],[38.358,47.6266],[38.35705,47.61678],[38.35067,47.61652],[38.35091,47.57624],[38.31104,47.57609],[38.30651,47.54469],[38.28494,47.54415],[38.28514,47.50848],[38.29383,47.5019],[38.28708,47.48237],[38.28906,47.47631],[38.30217,47.47511],[38.3028,47.42482]],[[37.57049,47.84021],[37.56973,47.83211],[37.55967,47.83265],[37.57049,47.84021]]]}},{"type":"Feature","properties":{"name":"Довжанський район","oblast":"Луганська область","centroid":[39.6902,48.1765]},"geometry":{"type":"MultiPolygon","coordinates":[[[[39.42327,48.08417],[39.41452,48.1328],[39.39077,48.12571],[39.36791,48.13726],[39.38755,48.16172],[39.38925,48.1828],[39.4204,48.17437],[39.42802,48.20763],[39.43907,48.21431],[39.45019,48.20247],[39.46775,48.20438],[39.48791,48.21973],[39.50558,48.21684],[39.50721,48.22157],[39.53664,48.21642],[39.53288,48.20395],[39.56874,48.19933],[39.56941,48.1914],[39.57962,48.1885],[39.57982,48.19659],[39.59851,48.21524],[39.59562,48.22219],[39.60318,48.22624],[39.60401,48.23814],[39.61839,48.24692],[39.6508,48.25196],[39.65633,48.26551],[39.67264,48.26948],[39.66577,48.28439],[39.67925,48.28498],[39.68433,48.29519],[39.70224,48.29518],[39.70571,48.30224],[39.68609,48.31861],[39.68753,48.33905],[39.66406,48.34298],[39.66517,48.35564],[39.68738,48.37012],[39.69498,48.38417],[39.65841,48.37438],[39.63124,48.37478],[39.61904,48.38537],[39.60706,48.41715],[39.60112,48.45326],[39.61182,48.45393],[39.61277,48.4638],[39.63423,48.46461],[39.63983,48.47988],[39.63373,48.48624],[39.64213,48.4866],[39.64125,48.49391],[39.62034,48.49267],[39.60856,48.56717],[39.6206,48.58621],[39.63553,48.58131],[39.67161,48.58916],[39.72074,48.58484],[39.74719,48.59063],[39.75242,48.58199],[39.78985,48.59329],[39.8086,48.58407],[39.82449,48.58636],[39.82072,48.5788],[39.84977,48.5687],[39.86708,48.50715],[39.84762,48.50207],[39.8459,48.47503],[39.85659,48.46417],[39.89803,48.44771],[39.88905,48.4417],[39.89497,48.43023],[39.91147,48.42061],[39.90628,48.40395],[39.91852,48.39786],[39.90613,48.39008],[39.92482,48.37522],[39.94153,48.38691],[39.93176,48.36442],[39.94671,48.35413],[39.9427,48.34569],[39.93214,48.34909],[39.89886,48.33776],[39.8461,48.33269],[39.84096,48.32891],[39.84081,48.30966],[39.88719,48.3093],[39.91039,48.29126],[39.91538,48.28226],[39.91028,48.27164],[39.91539,48.26967],[39.93483,48.27922],[39.93017,48.283],[39.94841,48.29441],[39.95206,48.30363],[39.96313,48.30304],[39.97216,48.31276],[39.99044,48.31718],[40.0207,48.25365],[40.00665,48.24187],[40.00954,48.22469],[39.94302,48.22918],[39.93699,48.18104],[39.90949,48.17986],[39.9025,48.14034],[39.8713,48.11721],[39.86891,48.07935],[39.83375,48.06689],[39.884,48.04901],[39.88339,48.04098],[39.77648,48.03986],[39.79324,48.01085],[39.81615,48.00127],[39.81502,47.98579],[39.82293,47.98282],[39.81594,47.9713],[39.82473,47.95523],[39.80629,47.95049],[39.80641,47.93486],[39.79935,47.93462],[39.80143,47.92707],[39.79373,47.91944],[39.79492,47.87032],[39.76349,47.87074],[39.76355,47.84645],[39.75654,47.84687],[39.73762,47.82762],[39.62656,47.83918],[39.56555,47.83646],[39.54228,47.82494],[39.53456,47.83256],[39.52048,47.82549],[39.47813,47.8602],[39.44828,47.85194],[39.43104,47.85688],[39.42629,47.88655],[39.4424,47.89139],[39.4444,47.89951],[39.49701,47.89988],[39.39279,47.97167],[39.38459,47.99243],[39.39281,48.00013],[39.39337,48.01258],[39.44706,48.03294],[39.45718,48.02989],[39.46403,48.04448],[39.47167,48.04739],[39.44415,48.05005],[39.42475,48.06891],[39.42327,48.08417]],[[39.61612,48.20214],[39.59654,48.20635],[39.60396,48.214],[39.61612,48.20214]]],[[[39.58626,48.30455],[39.56754,48.29899],[39.578,48.28461],[39.57353,48.2767],[39.56299,48.27852],[39.56286,48.29541],[39.52733,48.30092],[39.53019,48.3128],[39.56465,48.3206],[39.58467,48.31737],[39.58183,48.30635],[39.58626,48.30455]]],[[[39.38827,48.02579],[39.40034,48.02252],[39.41266,48.03673],[39.41047,48.05312],[39.42371,48.05743],[39.41563,48.06425],[39.38615,48.05762],[39.37891,48.04535],[39.38187,48.03609],[39.39854,48.03708],[39.38674,48.033],[39.38827,48.02579]]]]}},{"type":"Feature","properties":{"name":"Ровеньківський район","oblast":"Луганська область","centroid":[39.0738,48.1146]},"geometry":{"type":"Polygon","coordinates":[[[39.40666,48.13313],[39.39077,48.12571],[39.36791,48.13726],[39.38111,48.14931],[39.38895,48.17297],[39.38925,48.1828],[39.37842,48.19273],[39.35604,48.20159],[39.37532,48.23387],[39.32419,48.23429],[39.31621,48.2194],[39.26398,48.21101],[39.20603,48.22979],[39.14724,48.29247],[39.07679,48.286],[39.07387,48.29079],[39.05178,48.29098],[39.04112,48.35338],[39.00223,48.35334],[39.00208,48.36644],[38.97458,48.37889],[38.95537,48.36224],[38.93064,48.35599],[38.91573,48.35936],[38.91464,48.38477],[38.9274,48.38621],[38.92832,48.39691],[38.89215,48.39308],[38.89246,48.38491],[38.86729,48.38244],[38.86755,48.37477],[38.83567,48.37202],[38.83617,48.35808],[38.81201,48.35431],[38.81186,48.33896],[38.80123,48.31882],[38.81053,48.29752],[38.76174,48.29511],[38.76258,48.29037],[38.71081,48.2799],[38.58765,48.23743],[38.59695,48.21635],[38.61342,48.20423],[38.61134,48.19089],[38.59815,48.18004],[38.60163,48.17251],[38.63506,48.16324],[38.66899,48.1648],[38.66273,48.15075],[38.77415,48.12704],[38.7801,48.13016],[38.79802,48.11893],[38.8204,48.11624],[38.8067,48.08828],[38.81748,48.08432],[38.79953,48.07472],[38.81792,48.06591],[38.8293,48.07744],[38.83147,48.05791],[38.81267,48.04794],[38.82559,48.03804],[38.82138,48.03585],[38.82535,48.02977],[38.86125,48.01476],[39.03984,48.00694],[39.04348,47.98875],[39.0385,47.95635],[39.05298,47.95473],[39.05762,47.94679],[39.07384,47.95293],[39.084,47.94092],[39.09144,47.94099],[39.06516,47.89601],[39.0744,47.86968],[39.08309,47.8697],[39.08292,47.85165],[39.10973,47.85171],[39.10977,47.84248],[39.14965,47.84198],[39.14954,47.85119],[39.16246,47.85255],[39.17176,47.84634],[39.18103,47.85379],[39.23651,47.85355],[39.23542,47.86376],[39.24191,47.86743],[39.35136,47.86705],[39.34869,47.8716],[39.35537,47.87274],[39.38755,47.87126],[39.41247,47.82994],[39.43858,47.83992],[39.43287,47.84445],[39.4415,47.85499],[39.43104,47.85688],[39.42629,47.88655],[39.4424,47.89139],[39.4444,47.89951],[39.49701,47.89988],[39.39279,47.97167],[39.38495,47.99128],[39.39281,48.00013],[39.39337,48.01258],[39.44706,48.03294],[39.45718,48.02989],[39.46403,48.04448],[39.47167,48.04739],[39.44415,48.05005],[39.42475,48.06891],[39.41868,48.12392],[39.41452,48.1328],[39.40666,48.13313]],[[39.41563,48.06425],[39.38615,48.05762],[39.37891,48.04535],[39.38187,48.03609],[39.39854,48.03708],[39.38674,48.033],[39.38827,48.02579],[39.40034,48.02252],[39.41252,48.03637],[39.41047,48.05312],[39.42423,48.05434],[39.41563,48.06425]]]}},{"type":"Feature","properties":{"name":"Луганський район","oblast":"Луганська область","centroid":[39.3326,48.4449]},"geometry":{"type":"MultiPolygon","coordinates":[[[[38.95766,48.46271],[38.97801,48.46533],[38.9884,48.45614],[39.01351,48.4805],[39.02479,48.47566],[39.03729,48.49025],[39.04617,48.48842],[39.03479,48.47582],[39.04329,48.47222],[39.09451,48.47258],[39.09129,48.49003],[39.06468,48.51398],[39.06942,48.5253],[39.08759,48.537],[39.06429,48.54414],[39.10675,48.54526],[39.10739,48.5496],[39.12971,48.55129],[39.13076,48.55766],[39.09549,48.56324],[39.10281,48.58052],[39.1155,48.59019],[39.08033,48.58619],[39.04682,48.59433],[39.07045,48.61742],[39.07345,48.6514],[39.10364,48.6508],[39.12426,48.66126],[39.13958,48.6607],[39.14691,48.67568],[39.1768,48.68348],[39.19581,48.7073],[39.20602,48.69928],[39.22937,48.71126],[39.24314,48.71043],[39.25737,48.73269],[39.25468,48.74242],[39.2684,48.7429],[39.27222,48.75444],[39.28465,48.74951],[39.30985,48.77441],[39.32575,48.7767],[39.32848,48.76838],[39.35469,48.76826],[39.3447,48.7571],[39.36127,48.73598],[39.35519,48.7269],[39.3752,48.71888],[39.34829,48.71208],[39.35593,48.69947],[39.4116,48.67194],[39.41548,48.66729],[39.41098,48.65841],[39.45124,48.65629],[39.4524,48.64214],[39.46798,48.63857],[39.46816,48.62833],[39.51488,48.6347],[39.51819,48.62958],[39.51309,48.62232],[39.52821,48.61231],[39.52463,48.60149],[39.53498,48.59527],[39.52843,48.59018],[39.53121,48.58539],[39.54554,48.58523],[39.54938,48.5955],[39.55907,48.59914],[39.56792,48.5933],[39.56421,48.58435],[39.57055,48.58199],[39.59376,48.59304],[39.60558,48.58963],[39.59607,48.57768],[39.61168,48.57411],[39.60905,48.55916],[39.62034,48.49267],[39.64125,48.49391],[39.64213,48.4866],[39.63373,48.48624],[39.63983,48.47988],[39.63423,48.46461],[39.61277,48.4638],[39.61182,48.45393],[39.60112,48.45326],[39.60706,48.41715],[39.61904,48.38537],[39.63124,48.37478],[39.65841,48.37438],[39.69498,48.38417],[39.68738,48.37012],[39.66517,48.35564],[39.66406,48.34298],[39.68753,48.33905],[39.68609,48.31861],[39.70571,48.30224],[39.70224,48.29518],[39.68433,48.29519],[39.67925,48.28498],[39.66577,48.28439],[39.67264,48.26948],[39.65633,48.26551],[39.6508,48.25196],[39.61839,48.24692],[39.60401,48.23814],[39.60318,48.22624],[39.59562,48.22219],[39.59851,48.21524],[39.57982,48.19659],[39.57962,48.1885],[39.56941,48.1914],[39.56874,48.19933],[39.53288,48.20395],[39.53664,48.21642],[39.50721,48.22157],[39.50558,48.21684],[39.48791,48.21973],[39.46775,48.20438],[39.45019,48.20247],[39.43907,48.21431],[39.42802,48.20763],[39.42095,48.17479],[39.41537,48.1754],[39.35604,48.20159],[39.37532,48.23387],[39.32419,48.23429],[39.31621,48.2194],[39.26314,48.21109],[39.20603,48.22979],[39.14724,48.29247],[39.07679,48.286],[39.07387,48.29079],[39.05178,48.29098],[39.04112,48.35338],[39.00223,48.35334],[39.00208,48.36644],[38.97458,48.37889],[38.95537,48.36224],[38.93064,48.35599],[38.91573,48.35936],[38.91507,48.38584],[38.9274,48.38621],[38.94112,48.41422],[38.95644,48.41549],[38.95545,48.43273],[38.96356,48.43346],[38.95766,48.46271]],[[39.58342,48.30071],[39.56754,48.29899],[39.578,48.28461],[39.57353,48.2767],[39.56299,48.27852],[39.56286,48.29541],[39.52733,48.30092],[39.53125,48.31333],[39.56692,48.32063],[39.58467,48.31737],[39.58342,48.30071]]],[[[39.61612,48.20214],[39.59654,48.20635],[39.60396,48.214],[39.61612,48.20214]]]]}},{"type":"Feature","properties":{"name":"Алчевський район","oblast":"Луганська область","centroid":[38.7177,48.5204]},"geometry":{"type":"Polygon","coordinates":[[[38.57531,48.26731],[38.59119,48.25175],[38.58769,48.23754],[38.71081,48.2799],[38.76258,48.29037],[38.76174,48.29511],[38.81053,48.29752],[38.80123,48.31882],[38.81186,48.33896],[38.81201,48.35431],[38.83617,48.35808],[38.83567,48.37202],[38.86755,48.37477],[38.86729,48.38244],[38.89246,48.38491],[38.89215,48.39308],[38.9358,48.39749],[38.94112,48.41422],[38.95644,48.41549],[38.95545,48.43273],[38.96356,48.43346],[38.95766,48.46271],[38.97801,48.46533],[38.9884,48.45614],[39.01351,48.4805],[39.02479,48.47566],[39.03729,48.49025],[39.04617,48.48842],[39.03479,48.47582],[39.04329,48.47222],[39.09451,48.47258],[39.09129,48.49003],[39.06468,48.51398],[39.06942,48.5253],[39.08759,48.537],[39.06429,48.54414],[39.12971,48.55129],[39.13043,48.55828],[39.11854,48.56309],[39.09549,48.56324],[39.10281,48.58052],[39.11631,48.58958],[39.07771,48.58635],[39.04682,48.59433],[39.07045,48.61742],[39.07496,48.64937],[39.04293,48.64727],[39.01101,48.66055],[39.02904,48.66306],[39.01595,48.68301],[39.01663,48.69531],[39.00221,48.69905],[38.99925,48.71191],[38.98575,48.71169],[39.00068,48.72016],[38.98071,48.74496],[38.96018,48.74648],[38.95853,48.73582],[38.94313,48.73461],[38.93381,48.73674],[38.93779,48.74758],[38.9178,48.74359],[38.90088,48.75127],[38.88249,48.69297],[38.86449,48.69505],[38.84338,48.67137],[38.75698,48.70399],[38.68522,48.71658],[38.68813,48.725],[38.6789,48.75277],[38.65977,48.74658],[38.65369,48.75405],[38.65766,48.75872],[38.64587,48.75713],[38.64881,48.76771],[38.62654,48.7709],[38.62075,48.76086],[38.61671,48.76553],[38.60587,48.76155],[38.60821,48.75753],[38.59339,48.75848],[38.57385,48.76436],[38.57559,48.76847],[38.55794,48.77971],[38.52667,48.77262],[38.51619,48.78457],[38.47976,48.78522],[38.48064,48.77714],[38.49127,48.77113],[38.5043,48.77047],[38.50574,48.77742],[38.51917,48.77281],[38.52131,48.76368],[38.50849,48.75074],[38.51744,48.74954],[38.52126,48.73386],[38.5142,48.72448],[38.49777,48.72442],[38.50174,48.71839],[38.52465,48.71673],[38.53057,48.68644],[38.58075,48.6789],[38.56927,48.66444],[38.5484,48.6602],[38.54693,48.67057],[38.55181,48.67308],[38.52739,48.67408],[38.50986,48.68361],[38.47811,48.67103],[38.47426,48.67535],[38.48692,48.67948],[38.47117,48.67747],[38.4698,48.6839],[38.48523,48.68296],[38.49552,48.69089],[38.45929,48.69749],[38.45384,48.69306],[38.45963,48.68805],[38.4432,48.68999],[38.44542,48.68234],[38.41843,48.67865],[38.39579,48.66021],[38.40611,48.65364],[38.42035,48.65652],[38.41481,48.65268],[38.41702,48.64206],[38.45008,48.64971],[38.46586,48.64525],[38.47916,48.65391],[38.46935,48.6397],[38.42082,48.64106],[38.4317,48.62877],[38.4448,48.63227],[38.44102,48.6281],[38.45042,48.62583],[38.44226,48.61865],[38.44491,48.61097],[38.41303,48.59647],[38.40016,48.59915],[38.39663,48.58193],[38.40431,48.56336],[38.4444,48.57008],[38.45915,48.52968],[38.47128,48.53338],[38.48166,48.5239],[38.46545,48.5002],[38.46832,48.4962],[38.45624,48.48521],[38.4525,48.46729],[38.42866,48.46521],[38.43911,48.39155],[38.4501,48.37591],[38.45341,48.38114],[38.46859,48.37915],[38.47285,48.36755],[38.48686,48.36187],[38.47101,48.36004],[38.47202,48.35009],[38.46355,48.35201],[38.45635,48.34258],[38.43345,48.33926],[38.44115,48.31646],[38.42835,48.30867],[38.43379,48.2972],[38.42487,48.28724],[38.42704,48.27829],[38.57531,48.26731]],[[38.45252,48.65269],[38.45704,48.6583],[38.44984,48.65621],[38.45252,48.65269]],[[38.46256,48.66216],[38.47195,48.65869],[38.49522,48.6704],[38.50175,48.66633],[38.51146,48.67457],[38.46256,48.66216]],[[38.57018,48.7189],[38.57285,48.72407],[38.54905,48.72693],[38.56502,48.7156],[38.56328,48.71052],[38.58412,48.70417],[38.58454,48.71128],[38.57018,48.7189]],[[38.58533,48.72974],[38.59259,48.73098],[38.57655,48.73104],[38.58533,48.72974]]]}},{"type":"Feature","properties":{"name":"Білогірський район","oblast":"АР Крим","centroid":[34.6436,45.2291]},"geometry":{"type":"Polygon","coordinates":[[[34.2523,45.14541],[34.22637,45.14159],[34.21256,45.15443],[34.20331,45.15074],[34.19161,45.17777],[34.19565,45.18149],[34.18993,45.18598],[34.18991,45.22487],[34.185,45.22532],[34.18754,45.25319],[34.20618,45.25537],[34.20778,45.26825],[34.21552,45.26668],[34.2171,45.28482],[34.2919,45.28519],[34.29218,45.27975],[34.31851,45.27988],[34.31695,45.24145],[34.33117,45.20901],[34.38091,45.20863],[34.38078,45.21676],[34.43172,45.21667],[34.4467,45.22519],[34.48453,45.22611],[34.51955,45.22298],[34.51965,45.20785],[34.54442,45.20819],[34.55957,45.22706],[34.55297,45.23729],[34.53406,45.24163],[34.53274,45.25404],[34.55827,45.25376],[34.55781,45.30396],[34.54184,45.30392],[34.54289,45.32977],[34.60806,45.32958],[34.60835,45.351],[34.60139,45.35159],[34.60149,45.38676],[34.57991,45.38716],[34.57906,45.40637],[34.53516,45.4044],[34.52812,45.436],[34.54036,45.44616],[34.55036,45.44512],[34.54886,45.45065],[34.57021,45.45397],[34.54943,45.49696],[34.56195,45.5045],[34.56211,45.52645],[34.57454,45.52659],[34.57295,45.54765],[34.59229,45.55743],[34.58561,45.56298],[34.59506,45.56986],[34.6139,45.55637],[34.6141,45.56514],[34.65593,45.56494],[34.66188,45.57284],[34.67483,45.56113],[34.6977,45.56488],[34.69739,45.58402],[34.79652,45.58413],[34.79675,45.60166],[34.75959,45.60177],[34.75894,45.61045],[34.71719,45.61116],[34.71728,45.62448],[34.72927,45.64268],[34.8072,45.6352],[34.8112,45.66443],[34.82938,45.67582],[34.85033,45.70895],[34.96671,45.75899],[35.00607,45.67995],[35.01783,45.68128],[35.03048,45.67208],[35.06277,45.62259],[35.07425,45.62335],[35.10376,45.58856],[35.0293,45.5611],[35.01208,45.56188],[34.99989,45.49946],[34.92026,45.49264],[34.91912,45.46561],[34.92742,45.4393],[34.84253,45.44792],[34.85608,45.42965],[34.77735,45.42899],[34.77567,45.42181],[34.75823,45.42203],[34.77781,45.39927],[34.81673,45.38339],[34.81635,45.37162],[34.80562,45.37152],[34.80611,45.35815],[34.75843,45.359],[34.75805,45.33763],[34.76766,45.33753],[34.76571,45.28715],[34.72634,45.28742],[34.7255,45.26899],[34.69747,45.2601],[34.69305,45.2395],[34.68449,45.23718],[34.68143,45.22536],[34.67377,45.22515],[34.66926,45.18822],[34.69568,45.18783],[34.69763,45.20638],[34.73605,45.21597],[34.73756,45.22392],[34.76829,45.22381],[34.7648,45.16107],[34.78466,45.15995],[34.79067,45.17949],[34.86448,45.17801],[34.86412,45.16021],[34.89045,45.15982],[34.88752,45.1338],[34.86226,45.13237],[34.86222,45.08077],[34.86931,45.07568],[34.8794,45.08303],[34.9227,45.0791],[34.92305,45.06848],[34.91192,45.06308],[34.92307,45.05077],[34.94867,45.05078],[34.96426,45.05815],[34.96998,45.04864],[34.95815,45.01196],[34.93865,45.00756],[34.9334,44.99619],[34.92575,45.0028],[34.90956,44.99366],[34.89117,45.00282],[34.88157,45.00016],[34.87858,44.94812],[34.82921,44.93136],[34.83657,44.92244],[34.82617,44.91349],[34.80847,44.91059],[34.80119,44.89955],[34.75733,44.89431],[34.74118,44.88135],[34.72929,44.8873],[34.72555,44.89664],[34.70117,44.90029],[34.69294,44.88707],[34.69306,44.87294],[34.65038,44.87979],[34.6584,44.87266],[34.6459,44.85889],[34.6074,44.84245],[34.59875,44.85595],[34.60739,44.8608],[34.58838,44.86489],[34.60411,44.87702],[34.57443,44.88609],[34.53727,44.88828],[34.53598,44.86574],[34.49893,44.86799],[34.47319,44.85655],[34.45668,44.86308],[34.45493,44.87065],[34.41886,44.86594],[34.40632,44.87898],[34.40638,44.86702],[34.3983,44.87836],[34.38788,44.88098],[34.38569,44.89129],[34.37876,44.88724],[34.37186,44.89381],[34.36399,44.88862],[34.35694,44.90014],[34.3475,44.90032],[34.34943,44.89506],[34.33284,44.88643],[34.30487,44.91163],[34.30174,44.92707],[34.2906,44.93836],[34.30571,44.95157],[34.28801,44.98981],[34.27898,44.9904],[34.2765,45.02243],[34.2835,45.02771],[34.28178,45.04462],[34.27537,45.0545],[34.2638,45.05689],[34.27487,45.06469],[34.27448,45.08568],[34.26354,45.08393],[34.26159,45.09502],[34.26613,45.09323],[34.26501,45.10586],[34.27893,45.10636],[34.27818,45.11088],[34.2523,45.14541]]]}},{"type":"Feature","properties":{"name":"Джанкойський район","oblast":"АР Крим","centroid":[34.4379,45.7933]},"geometry":{"type":"Polygon","coordinates":[[[34.13162,45.91265],[34.0965,45.9081],[34.09484,45.93311],[34.10369,45.93173],[34.1077,45.93997],[34.08017,45.94906],[34.05964,45.98183],[34.06045,45.98784],[34.08768,45.99995],[34.08329,46.01064],[34.09406,46.02047],[34.08738,46.02757],[34.08157,46.01896],[34.07129,46.03124],[34.07848,46.05189],[34.04304,46.05751],[34.06474,46.0811],[34.06951,46.1167],[34.12189,46.10572],[34.18437,46.06686],[34.24423,46.0539],[34.32002,46.06821],[34.34717,46.05495],[34.40499,46.00929],[34.41318,45.98974],[34.44302,45.96181],[34.47622,45.94414],[34.49853,45.94256],[34.5109,45.94803],[34.56117,45.99438],[34.60114,45.99417],[34.62854,45.9864],[34.66991,45.96764],[34.75401,45.90884],[34.80217,45.90065],[34.79909,45.81046],[34.87616,45.79043],[34.95987,45.75631],[34.85033,45.70895],[34.82938,45.67582],[34.8112,45.66443],[34.8072,45.6352],[34.72927,45.64268],[34.71728,45.62448],[34.71719,45.61116],[34.75894,45.61045],[34.75959,45.60177],[34.79675,45.60166],[34.79652,45.58413],[34.69739,45.58402],[34.6977,45.56488],[34.67483,45.56113],[34.66188,45.57284],[34.65593,45.56494],[34.6141,45.56514],[34.6139,45.55637],[34.59506,45.56986],[34.58561,45.56298],[34.59229,45.55743],[34.57295,45.54765],[34.57454,45.52659],[34.56211,45.52645],[34.56213,45.52201],[34.52062,45.52218],[34.51556,45.54353],[34.50547,45.54772],[34.46232,45.54712],[34.46221,45.56635],[34.42166,45.56807],[34.42157,45.56016],[34.40485,45.56035],[34.40366,45.55001],[34.3296,45.55006],[34.33557,45.56299],[34.28089,45.55997],[34.28122,45.55029],[34.25531,45.5504],[34.25467,45.62623],[34.18696,45.62744],[34.17842,45.59844],[34.16044,45.59838],[34.16028,45.57861],[34.14005,45.57842],[34.13947,45.61417],[34.10144,45.61384],[34.10163,45.63057],[34.06265,45.63202],[34.06362,45.64934],[34.07122,45.64914],[34.07686,45.6654],[34.10073,45.66648],[34.10272,45.68012],[34.1084,45.68084],[34.1002,45.71822],[34.09962,45.76243],[34.11179,45.76223],[34.11497,45.78642],[34.09941,45.78752],[34.1006,45.79853],[34.07617,45.81241],[34.07652,45.8204],[34.10216,45.8204],[34.10006,45.85626],[34.15372,45.85396],[34.1537,45.87868],[34.13156,45.87861],[34.13162,45.91265]]]}},{"type":"Feature","properties":{"name":"Євпаторійський район","oblast":"АР Крим","centroid":[33.2879,45.36]},"geometry":{"type":"Polygon","coordinates":[[[33.56074,45.08481],[33.49262,45.14883],[33.432,45.18564],[33.39984,45.19679],[33.37938,45.19584],[33.37466,45.19123],[33.37932,45.18582],[33.34849,45.17409],[33.30687,45.17388],[33.28353,45.14814],[33.25799,45.14805],[33.22472,45.17591],[33.18569,45.18448],[33.14915,45.20298],[33.13707,45.21901],[33.10833,45.23388],[33.07043,45.27161],[32.99681,45.32401],[32.91232,45.3598],[32.85611,45.36873],[32.75604,45.36548],[32.65243,45.31528],[32.62482,45.31885],[32.60027,45.33013],[32.5798,45.32899],[32.49421,45.34663],[32.51273,45.36079],[32.5145,45.37206],[32.50657,45.38344],[32.48047,45.38983],[32.48067,45.40085],[32.49157,45.40645],[32.50058,45.42274],[32.53978,45.44927],[32.53983,45.45482],[32.58433,45.4803],[32.69239,45.52287],[32.69709,45.51688],[32.6903,45.51059],[32.69664,45.50997],[32.71232,45.51653],[32.71154,45.52879],[32.79008,45.56173],[32.80358,45.55338],[32.8196,45.55894],[32.82984,45.54771],[32.83671,45.55677],[32.82752,45.55583],[32.83981,45.56258],[32.84567,45.57487],[32.83963,45.58348],[32.82081,45.58403],[32.82598,45.59039],[32.9556,45.66113],[33.09611,45.71474],[33.10031,45.69607],[33.12483,45.69687],[33.12627,45.6795],[33.11221,45.67912],[33.1148,45.66196],[33.20382,45.6588],[33.2043,45.60809],[33.22867,45.60772],[33.23228,45.5572],[33.32031,45.55316],[33.31827,45.51161],[33.33408,45.47839],[33.37383,45.47753],[33.37375,45.49285],[33.36031,45.52532],[33.39207,45.52315],[33.392,45.50706],[33.44757,45.50361],[33.44886,45.51235],[33.46417,45.51132],[33.45806,45.46416],[33.44242,45.46479],[33.44154,45.45556],[33.4296,45.45538],[33.43035,45.43188],[33.50126,45.4331],[33.50651,45.44764],[33.55142,45.44444],[33.55116,45.43383],[33.57708,45.43323],[33.57429,45.40261],[33.59767,45.40259],[33.59703,45.42651],[33.60898,45.42708],[33.60757,45.43528],[33.64148,45.43345],[33.6406,45.43948],[33.65038,45.44302],[33.67774,45.44596],[33.67983,45.43537],[33.70181,45.43374],[33.70475,45.41596],[33.73893,45.41678],[33.73735,45.43857],[33.8159,45.44283],[33.81594,45.42407],[33.80083,45.4239],[33.80103,45.39752],[33.90254,45.3974],[33.91615,45.36319],[33.91584,45.33842],[33.89,45.33445],[33.88411,45.28969],[33.91221,45.28968],[33.95451,45.19078],[33.88271,45.19012],[33.88316,45.16497],[33.91404,45.16035],[33.91338,45.13173],[33.89708,45.13119],[33.89702,45.10585],[33.84734,45.10198],[33.84525,45.09368],[33.76971,45.09404],[33.76977,45.0765],[33.79643,45.07582],[33.79717,45.0451],[33.78208,45.05283],[33.77923,45.04102],[33.67603,45.0383],[33.68141,44.98766],[33.6045,44.99204],[33.58725,45.03991],[33.56074,45.08481]]]}},{"type":"Feature","properties":{"name":"Керченський район","oblast":"АР Крим","centroid":[36.0235,45.2508]},"geometry":{"type":"Polygon","coordinates":[[[36.55666,45.42386],[36.52989,45.42677],[36.47661,45.45624],[36.44696,45.45868],[36.43356,45.447],[36.41672,45.44529],[36.35721,45.47074],[36.3441,45.48351],[36.33711,45.4735],[36.32329,45.47027],[36.28465,45.48155],[36.14106,45.4661],[36.08256,45.44798],[36.06954,45.43724],[36.0732,45.40896],[36.06021,45.39385],[36.02534,45.37539],[35.98203,45.37025],[35.92976,45.3836],[35.87872,45.41198],[35.8457,45.44821],[35.86811,45.45789],[35.87199,45.46716],[35.84524,45.47327],[35.82052,45.46114],[35.81991,45.44983],[35.82832,45.44548],[35.81939,45.43184],[35.74892,45.39357],[35.74851,45.38777],[35.76272,45.38223],[35.76159,45.37403],[35.72829,45.35182],[35.72954,45.34351],[35.72022,45.33446],[35.61244,45.31578],[35.52966,45.28368],[35.51792,45.28436],[35.41722,45.32826],[35.31253,45.40354],[35.19395,45.52437],[35.0914,45.613],[35.04209,45.66931],[34.97518,45.76192],[34.96671,45.75899],[35.00607,45.67995],[35.01783,45.68128],[35.02818,45.67417],[35.06277,45.62259],[35.07425,45.62335],[35.09283,45.59717],[35.13406,45.56887],[35.15014,45.54422],[35.18009,45.52718],[35.22295,45.48638],[35.29171,45.41294],[35.3059,45.38871],[35.31371,45.39462],[35.32244,45.39103],[35.34684,45.35634],[35.36159,45.35216],[35.36017,45.35629],[35.38415,45.34047],[35.41475,45.30259],[35.42424,45.30125],[35.41256,45.30673],[35.44821,45.29915],[35.43875,45.30081],[35.43702,45.31005],[35.46367,45.29389],[35.46511,45.28238],[35.44885,45.26798],[35.46263,45.21805],[35.42439,45.21481],[35.42718,45.17167],[35.47047,45.17162],[35.50457,45.16341],[35.51513,45.17855],[35.53066,45.14214],[35.52914,45.13088],[35.5383,45.12691],[35.61471,45.12709],[35.7247,45.09445],[35.76545,45.07558],[35.80918,45.04436],[35.81711,45.03336],[35.81234,45.02215],[35.83294,45.01373],[35.83614,45.00824],[35.83029,45.00457],[35.83733,44.99947],[35.91231,45.01997],[35.95375,45.01287],[35.98444,45.02567],[36.00127,45.04156],[36.03222,45.05008],[36.22592,45.02817],[36.25426,45.05057],[36.303,45.05859],[36.37444,45.05927],[36.444,45.08734],[36.45351,45.09597],[36.45342,45.10466],[36.42803,45.12143],[36.41662,45.16348],[36.40605,45.17369],[36.40234,45.21359],[36.4373,45.27061],[36.42653,45.27714],[36.43409,45.26408],[36.41347,45.24296],[36.42654,45.25456],[36.40876,45.26057],[36.429,45.25777],[36.42073,45.26538],[36.42948,45.26607],[36.41534,45.27467],[36.4164,45.28277],[36.4332,45.2959],[36.47946,45.30543],[36.49451,45.31747],[36.47766,45.3223],[36.47363,45.32667],[36.48769,45.32432],[36.47273,45.32901],[36.47049,45.33927],[36.46055,45.3358],[36.48231,45.35125],[36.47872,45.35943],[36.50196,45.36356],[36.51905,45.3523],[36.5371,45.35075],[36.53669,45.34609],[36.59737,45.34609],[36.61047,45.35736],[36.63006,45.3616],[36.62511,45.36286],[36.63224,45.36384],[36.62911,45.3748],[36.64705,45.38258],[36.60783,45.40917],[36.61377,45.422],[36.59659,45.43776],[36.57385,45.44039],[36.5672,45.43653],[36.56818,45.42864],[36.55666,45.42386]]]}},{"type":"Feature","properties":{"name":"Курманський район","oblast":"АР Крим","centroid":[34.0619,45.4914]},"geometry":{"type":"Polygon","coordinates":[[[34.10248,45.71121],[34.1084,45.68084],[34.10272,45.68012],[34.10073,45.66648],[34.07686,45.6654],[34.07122,45.64914],[34.06362,45.64934],[34.06265,45.63202],[34.10163,45.63057],[34.10144,45.61384],[34.13947,45.61417],[34.14005,45.57842],[34.16028,45.57861],[34.16044,45.59838],[34.17842,45.59844],[34.18696,45.62744],[34.25467,45.62623],[34.25531,45.5504],[34.28122,45.55029],[34.28089,45.55997],[34.33557,45.56299],[34.3296,45.55006],[34.40366,45.55001],[34.40485,45.56035],[34.42157,45.56016],[34.42166,45.56807],[34.46221,45.56635],[34.46232,45.54712],[34.50547,45.54772],[34.51556,45.54353],[34.52062,45.52218],[34.56213,45.52201],[34.56195,45.5045],[34.54943,45.49696],[34.57021,45.45397],[34.54886,45.45065],[34.55036,45.44512],[34.54036,45.44616],[34.52839,45.43669],[34.53516,45.4044],[34.57906,45.40637],[34.57991,45.38716],[34.60149,45.38676],[34.60139,45.35159],[34.60835,45.351],[34.60806,45.32958],[34.54289,45.32977],[34.54184,45.30392],[34.55781,45.30396],[34.55827,45.25376],[34.53274,45.25404],[34.53406,45.24163],[34.55297,45.23729],[34.55957,45.22706],[34.54442,45.20819],[34.51965,45.20785],[34.51955,45.22298],[34.48453,45.22611],[34.4467,45.22519],[34.43172,45.21667],[34.38078,45.21676],[34.38091,45.20863],[34.33117,45.20901],[34.31695,45.24145],[34.31851,45.27988],[34.2193,45.28524],[34.21552,45.26668],[34.20778,45.26825],[34.20618,45.25537],[34.18754,45.25319],[34.185,45.22532],[34.08715,45.22731],[34.09972,45.24781],[34.06859,45.24775],[34.0675,45.23245],[34.01985,45.23253],[34.01694,45.21686],[34.00079,45.21687],[33.9986,45.19092],[33.97272,45.1905],[33.97358,45.23529],[33.97952,45.24433],[33.93315,45.24449],[33.91221,45.28968],[33.88411,45.28969],[33.89,45.33445],[33.91584,45.33842],[33.91615,45.36319],[33.90235,45.39753],[33.80103,45.39752],[33.80083,45.4239],[33.81594,45.42407],[33.8159,45.44283],[33.73735,45.43857],[33.73893,45.41678],[33.70475,45.41596],[33.70181,45.43374],[33.67983,45.43537],[33.67774,45.44596],[33.65038,45.44302],[33.64708,45.47285],[33.52531,45.47762],[33.53854,45.51876],[33.5343,45.53157],[33.53781,45.55859],[33.52787,45.55816],[33.53279,45.57422],[33.57236,45.58777],[33.57416,45.62724],[33.5987,45.62856],[33.60537,45.74773],[33.65224,45.74777],[33.65251,45.72092],[33.691,45.72122],[33.69113,45.70514],[33.71672,45.70285],[33.70369,45.72145],[33.70337,45.73453],[33.74557,45.74875],[33.73243,45.77271],[33.76679,45.77637],[33.76727,45.80597],[33.80956,45.80916],[33.81446,45.80254],[33.88055,45.79805],[33.88129,45.78564],[33.89405,45.7819],[33.97155,45.7864],[33.97293,45.76757],[34.01177,45.76677],[34.03,45.78026],[34.0123,45.78444],[34.01197,45.80233],[34.07611,45.80268],[34.07617,45.81241],[34.1006,45.79853],[34.09941,45.78752],[34.11497,45.78642],[34.11179,45.76223],[34.09962,45.76243],[34.10248,45.71121]]]}},{"type":"Feature","properties":{"name":"Перекопський район","oblast":"АР Крим","centroid":[33.6648,45.8418]},"geometry":{"type":"MultiPolygon","coordinates":[[[[33.94056,46.15465],[33.99823,46.12645],[34.05264,46.10913],[34.06853,46.11627],[34.06474,46.0811],[34.04304,46.05751],[34.07848,46.05189],[34.07129,46.03124],[34.08157,46.01896],[34.08738,46.02757],[34.09406,46.02047],[34.08329,46.01064],[34.08768,45.99995],[34.06045,45.98784],[34.05989,45.98106],[34.08017,45.94906],[34.1077,45.93997],[34.10369,45.93173],[34.09484,45.93311],[34.0965,45.9081],[34.13162,45.91265],[34.13156,45.87861],[34.1537,45.87868],[34.15372,45.85396],[34.10006,45.85626],[34.10216,45.8204],[34.07652,45.8204],[34.07611,45.80268],[34.01197,45.80233],[34.0123,45.78444],[34.03,45.78026],[34.01177,45.76677],[33.97293,45.76757],[33.97155,45.7864],[33.89405,45.7819],[33.88129,45.78564],[33.88055,45.79805],[33.81446,45.80254],[33.80956,45.80916],[33.76727,45.80597],[33.76679,45.77637],[33.73243,45.77271],[33.74557,45.74875],[33.70337,45.73453],[33.70369,45.72145],[33.71672,45.70285],[33.69113,45.70514],[33.691,45.72122],[33.65251,45.72092],[33.65224,45.74777],[33.60418,45.74717],[33.5987,45.62856],[33.57416,45.62724],[33.57236,45.58777],[33.53279,45.57422],[33.52787,45.55816],[33.53781,45.55859],[33.5343,45.53157],[33.53854,45.51876],[33.52531,45.47762],[33.64734,45.47275],[33.65058,45.44086],[33.6406,45.43948],[33.64148,45.43345],[33.60757,45.43528],[33.60898,45.42708],[33.59703,45.42651],[33.59767,45.40259],[33.57429,45.40261],[33.57708,45.43323],[33.55116,45.43383],[33.55142,45.44444],[33.50651,45.44764],[33.50126,45.4331],[33.43035,45.43188],[33.4296,45.45538],[33.44154,45.45556],[33.44242,45.46479],[33.45806,45.46416],[33.46417,45.51132],[33.44886,45.51235],[33.44757,45.50361],[33.392,45.50706],[33.39207,45.52315],[33.36031,45.52532],[33.37375,45.49285],[33.37383,45.47753],[33.33408,45.47839],[33.31827,45.51161],[33.32005,45.55339],[33.23228,45.5572],[33.22867,45.60772],[33.2043,45.60809],[33.20382,45.6588],[33.1148,45.66196],[33.11221,45.67912],[33.12627,45.6795],[33.12483,45.69687],[33.10031,45.69607],[33.09909,45.71341],[33.13817,45.71902],[33.15359,45.73171],[33.17094,45.79158],[33.18264,45.77182],[33.21078,45.7567],[33.23502,45.75101],[33.26341,45.75527],[33.35491,45.78538],[33.41818,45.83032],[33.49822,45.85768],[33.54106,45.8827],[33.51273,45.85458],[33.49724,45.84873],[33.504,45.84015],[33.53283,45.84651],[33.53479,45.83888],[33.54097,45.83942],[33.53787,45.83479],[33.5441,45.83582],[33.56779,45.86915],[33.58019,45.86796],[33.59672,45.88419],[33.61366,45.89028],[33.63922,45.8738],[33.65792,45.87203],[33.65839,45.86497],[33.68135,45.85073],[33.67877,45.84383],[33.68318,45.84312],[33.68685,45.85667],[33.68042,45.86741],[33.67914,45.9062],[33.68907,45.91249],[33.69592,45.90721],[33.72639,45.92699],[33.75929,45.93362],[33.74512,45.95138],[33.69149,45.95633],[33.6556,45.95487],[33.63485,45.94219],[33.61798,45.94626],[33.63024,45.95722],[33.63166,45.96901],[33.6148,46.05224],[33.62532,46.07014],[33.64289,46.07975],[33.61551,46.12683],[33.61471,46.13466],[33.64127,46.14244],[33.63557,46.14634],[33.61859,46.21393],[33.61355,46.21392],[33.61524,46.22622],[33.64677,46.22958],[33.66614,46.22071],[33.67086,46.21179],[33.73998,46.18525],[33.79689,46.20302],[33.84869,46.19967],[33.89734,46.17062],[33.94056,46.15465]]],[[[33.17658,45.80228],[33.17982,45.79748],[33.18393,45.80777],[33.17658,45.80228]]]]}},{"type":"Feature","properties":{"name":"Сімферопольський район","oblast":"АР Крим","centroid":[34.0591,44.984]},"geometry":{"type":"Polygon","coordinates":[[[33.67603,45.0383],[33.77923,45.04102],[33.78208,45.05283],[33.79717,45.0451],[33.79643,45.07582],[33.76977,45.0765],[33.76971,45.09404],[33.84525,45.09368],[33.84734,45.10198],[33.89702,45.10585],[33.89708,45.13119],[33.91338,45.13173],[33.91404,45.16035],[33.88316,45.16497],[33.88271,45.19012],[33.95451,45.19078],[33.93315,45.24449],[33.97952,45.24433],[33.97268,45.2123],[33.97272,45.1905],[33.97742,45.19047],[33.9986,45.19092],[34.00079,45.21687],[34.01694,45.21686],[34.01985,45.23253],[34.0675,45.23245],[34.06859,45.24775],[34.09972,45.24781],[34.08715,45.22731],[34.18991,45.22487],[34.19002,45.1854],[34.20331,45.15074],[34.21256,45.15443],[34.22637,45.14159],[34.2523,45.14541],[34.2779,45.11228],[34.27893,45.10636],[34.26501,45.10586],[34.26613,45.09323],[34.26159,45.09502],[34.26354,45.08393],[34.27448,45.08568],[34.27487,45.06469],[34.2638,45.05689],[34.27537,45.0545],[34.28178,45.04462],[34.2835,45.02771],[34.2765,45.02243],[34.27898,44.9904],[34.28801,44.98981],[34.30571,44.95157],[34.2906,44.93836],[34.30174,44.92707],[34.30408,44.91264],[34.32509,44.89171],[34.33606,44.88597],[34.34317,44.88917],[34.33994,44.89456],[34.34964,44.89528],[34.3475,44.90032],[34.35694,44.90014],[34.36399,44.88862],[34.37186,44.89381],[34.37876,44.88724],[34.38569,44.89129],[34.38788,44.88098],[34.3983,44.87836],[34.40638,44.86702],[34.40632,44.87898],[34.41969,44.86568],[34.45493,44.87065],[34.45668,44.86308],[34.48151,44.85056],[34.49821,44.8557],[34.51974,44.84],[34.51294,44.8342],[34.48236,44.84128],[34.42685,44.81323],[34.40559,44.79535],[34.38359,44.79212],[34.38104,44.77776],[34.32837,44.74692],[34.31853,44.75047],[34.31441,44.76875],[34.30292,44.77012],[34.30449,44.76565],[34.29388,44.76003],[34.29131,44.76639],[34.28021,44.76399],[34.26417,44.79456],[34.22894,44.79817],[34.22696,44.77959],[34.17119,44.77678],[34.12698,44.75049],[34.11477,44.72966],[34.07422,44.75497],[34.05368,44.78498],[34.00009,44.82225],[33.99629,44.82786],[34.00512,44.83118],[34.02739,44.82417],[34.02862,44.83031],[34.0494,44.83382],[34.03693,44.84672],[34.04034,44.85033],[34.00589,44.85846],[34.01045,44.87281],[33.97024,44.87314],[33.9551,44.88322],[33.94032,44.87959],[33.91928,44.90204],[33.89735,44.9023],[33.89641,44.91173],[33.87135,44.92054],[33.8339,44.92055],[33.83231,44.89815],[33.75159,44.89834],[33.75099,44.90794],[33.73947,44.9108],[33.71438,44.89689],[33.68727,44.91352],[33.64686,44.90933],[33.64635,44.93121],[33.61233,44.92595],[33.59821,44.97467],[33.6044,44.97953],[33.60424,44.99185],[33.68168,44.98773],[33.67603,45.0383]]]}},{"type":"Feature","properties":{"name":"Феодосійський район","oblast":"АР Крим","centroid":[35.0904,45.1831]},"geometry":{"type":"Polygon","coordinates":[[[35.52358,45.15173],[35.53066,45.14214],[35.52914,45.13088],[35.5383,45.12691],[35.45034,45.09943],[35.38573,45.05218],[35.38322,45.03405],[35.39269,45.02911],[35.39108,45.02471],[35.3978,45.02551],[35.39668,45.03036],[35.42547,45.01326],[35.35733,44.98766],[35.35352,44.97532],[35.37045,44.95445],[35.38952,44.95455],[35.38367,44.94709],[35.35308,44.95665],[35.35354,44.96272],[35.34218,44.96648],[35.31367,44.97],[35.29458,44.9616],[35.27607,44.96901],[35.26154,44.96546],[35.24767,44.95443],[35.2531,44.93784],[35.23968,44.91824],[35.18774,44.90884],[35.15753,44.89391],[35.13583,44.85849],[35.13015,44.82374],[35.08216,44.79241],[35.04759,44.80087],[35.05102,44.81519],[35.03116,44.83005],[35.00117,44.8356],[34.98876,44.83013],[34.96714,44.8402],[34.9198,44.83061],[34.91525,44.82658],[34.91897,44.82251],[34.90999,44.82125],[34.90948,44.81606],[34.87982,44.82222],[34.84437,44.81513],[34.80722,44.82019],[34.74648,44.81041],[34.73424,44.81205],[34.72438,44.82384],[34.72367,44.85037],[34.74118,44.88135],[34.75733,44.89431],[34.80119,44.89955],[34.80847,44.91059],[34.82617,44.91349],[34.83657,44.92244],[34.82921,44.93136],[34.87858,44.94812],[34.88157,45.00016],[34.89117,45.00282],[34.90956,44.99366],[34.92575,45.0028],[34.9334,44.99619],[34.93865,45.00756],[34.95815,45.01196],[34.96998,45.04864],[34.96426,45.05815],[34.94867,45.05078],[34.92307,45.05077],[34.91192,45.06308],[34.92305,45.06848],[34.9227,45.0791],[34.8794,45.08303],[34.86931,45.07568],[34.86222,45.08077],[34.86226,45.13237],[34.88752,45.1338],[34.89045,45.15982],[34.86412,45.16021],[34.86486,45.17779],[34.79067,45.17949],[34.78466,45.15995],[34.7648,45.16107],[34.76829,45.22381],[34.73756,45.22392],[34.73605,45.21597],[34.69763,45.20638],[34.69568,45.18783],[34.66926,45.18822],[34.67377,45.22515],[34.68143,45.22536],[34.68449,45.23718],[34.69305,45.2395],[34.69806,45.26063],[34.7255,45.26899],[34.7256,45.28712],[34.76571,45.28715],[34.76766,45.33753],[34.75805,45.33763],[34.75843,45.359],[34.80611,45.35815],[34.80562,45.37152],[34.81635,45.37162],[34.81673,45.38339],[34.77781,45.39927],[34.75823,45.42203],[34.77567,45.42181],[34.77735,45.42899],[34.85608,45.42965],[34.84253,45.44792],[34.92742,45.4393],[34.91912,45.46561],[34.92026,45.49264],[34.99989,45.49946],[35.01208,45.56188],[35.0293,45.5611],[35.10376,45.58856],[35.13172,45.57104],[35.15014,45.54422],[35.18009,45.52718],[35.22574,45.48357],[35.29171,45.41294],[35.3059,45.38871],[35.31371,45.39462],[35.32244,45.39103],[35.34684,45.35634],[35.36159,45.35216],[35.36017,45.35629],[35.38415,45.34047],[35.41475,45.30259],[35.42424,45.30125],[35.41256,45.30673],[35.44821,45.29915],[35.43875,45.30081],[35.43702,45.31005],[35.46367,45.29389],[35.46511,45.28238],[35.44885,45.26798],[35.46263,45.21805],[35.42439,45.21481],[35.42718,45.17167],[35.47047,45.17162],[35.50457,45.16341],[35.51513,45.17855],[35.52358,45.15173]]]}},{"type":"Feature","properties":{"name":"Ялтинський район","oblast":"АР Крим","centroid":[34.3401,44.6643]},"geometry":{"type":"Polygon","coordinates":[[[34.4428,44.69673],[34.41696,44.67233],[34.39988,44.63959],[34.38364,44.62532],[34.37151,44.59183],[34.34885,44.58179],[34.34758,44.54891],[34.30574,44.55215],[34.27773,44.54036],[34.26907,44.5214],[34.24976,44.50603],[34.18032,44.4982],[34.16919,44.49126],[34.16842,44.49549],[34.12641,44.42896],[34.06519,44.42235],[34.04263,44.41437],[34.03543,44.40563],[33.98766,44.40075],[33.96967,44.39161],[33.86112,44.40683],[33.79983,44.39551],[33.78444,44.38741],[33.76178,44.38936],[33.78556,44.39688],[33.78158,44.40574],[33.82928,44.40892],[33.85919,44.41991],[33.92231,44.42025],[33.97632,44.43824],[33.99882,44.45598],[34.0032,44.47315],[34.03275,44.47413],[34.04373,44.49671],[34.07131,44.50612],[34.07806,44.50302],[34.08702,44.51339],[34.10488,44.51931],[34.12324,44.54642],[34.1649,44.56092],[34.20388,44.58846],[34.21816,44.58275],[34.23929,44.59289],[34.24018,44.60289],[34.23149,44.61354],[34.23714,44.62034],[34.25385,44.61768],[34.26415,44.63924],[34.23185,44.64491],[34.23359,44.65053],[34.21926,44.67075],[34.19922,44.67743],[34.18725,44.69253],[34.18495,44.7189],[34.25309,44.71764],[34.25511,44.72637],[34.2744,44.73469],[34.28057,44.76424],[34.29877,44.76101],[34.30848,44.77143],[34.31441,44.76875],[34.31853,44.75047],[34.32837,44.74692],[34.38104,44.77776],[34.38359,44.79212],[34.40559,44.79535],[34.42685,44.81323],[34.48236,44.84128],[34.5175,44.83453],[34.5199,44.84185],[34.49821,44.8557],[34.48151,44.85056],[34.47319,44.85655],[34.49893,44.86799],[34.53598,44.86574],[34.53727,44.88828],[34.57443,44.88609],[34.60411,44.87702],[34.58838,44.86489],[34.60739,44.8608],[34.59875,44.85595],[34.6074,44.84245],[34.6459,44.85889],[34.6584,44.87266],[34.65038,44.87979],[34.69306,44.87294],[34.69294,44.88707],[34.70117,44.90029],[34.72555,44.89664],[34.72929,44.8873],[34.74118,44.88135],[34.72247,44.84385],[34.72438,44.82384],[34.73424,44.81205],[34.66965,44.7877],[34.60509,44.77304],[34.58641,44.75967],[34.55441,44.75353],[34.5342,44.73881],[34.49743,44.73014],[34.46009,44.71226],[34.4428,44.69673]]]}},{"type":"Feature","properties":{"name":"Бахчисарайський район","oblast":"АР Крим","centroid":[33.9247,44.7016]},"geometry":{"type":"Polygon","coordinates":[[[33.6708,44.70974],[33.70069,44.71481],[33.70724,44.71057],[33.70509,44.70492],[33.71118,44.70543],[33.71564,44.71585],[33.72659,44.71664],[33.74629,44.70103],[33.76151,44.70099],[33.77697,44.69026],[33.71768,44.63759],[33.72188,44.63158],[33.71627,44.62044],[33.73565,44.60092],[33.77958,44.61311],[33.78721,44.58566],[33.82721,44.57126],[33.84015,44.53043],[33.85727,44.52588],[33.84566,44.51912],[33.86036,44.50676],[33.86891,44.5074],[33.87363,44.49269],[33.89715,44.47879],[33.89349,44.47323],[33.9262,44.42133],[33.97984,44.44016],[33.99882,44.45598],[34.0032,44.47315],[34.03275,44.47413],[34.04373,44.49671],[34.07131,44.50612],[34.07806,44.50302],[34.08702,44.51339],[34.10488,44.51931],[34.11926,44.54253],[34.13531,44.55348],[34.1649,44.56092],[34.20388,44.58846],[34.21816,44.58275],[34.23929,44.59289],[34.24018,44.60289],[34.23149,44.61354],[34.23714,44.62034],[34.25385,44.61768],[34.26415,44.63924],[34.23034,44.64619],[34.23359,44.65053],[34.21926,44.67075],[34.20182,44.67546],[34.18725,44.69253],[34.18457,44.71764],[34.23437,44.72178],[34.25309,44.71764],[34.25511,44.72637],[34.2744,44.73469],[34.28021,44.76399],[34.26417,44.79456],[34.22894,44.79817],[34.22696,44.77959],[34.17119,44.77678],[34.12698,44.75049],[34.11477,44.72966],[34.07422,44.75497],[34.05368,44.78498],[34.00009,44.82225],[33.99629,44.82786],[34.00512,44.83118],[34.02739,44.82417],[34.02862,44.83031],[34.0494,44.83382],[34.03693,44.84672],[34.04034,44.85033],[34.00589,44.85846],[34.01045,44.87281],[33.97024,44.87314],[33.9551,44.88322],[33.94032,44.87959],[33.91928,44.90204],[33.89735,44.9023],[33.89641,44.91173],[33.87135,44.92054],[33.8339,44.92055],[33.83231,44.89815],[33.75159,44.89834],[33.75099,44.90794],[33.73947,44.9108],[33.71438,44.89689],[33.68727,44.91352],[33.64686,44.90933],[33.64635,44.93121],[33.61233,44.92595],[33.6047,44.86297],[33.59451,44.8471],[33.56775,44.83632],[33.58665,44.80785],[33.62075,44.80655],[33.67721,44.78615],[33.68236,44.76998],[33.61366,44.74976],[33.61059,44.73669],[33.61612,44.71198],[33.65897,44.71425],[33.6708,44.70974]]]}}]}